[0.112s] Invoking command in '/home/eeiww/ud90uhak/bumperbot_ws/src/build/bumperbot_description': CMAKE_PREFIX_PATH=${CMAKE_PREFIX_PATH}:/opt/ros/jazzy DEBUGINFOD_URLS=https://debuginfod.ubuntu.com /usr/bin/cmake --build /home/eeiww/ud90uhak/bumperbot_ws/src/build/bumperbot_description -- -j8 -l8
[0.175s] Invoked command in '/home/eeiww/ud90uhak/bumperbot_ws/src/build/bumperbot_description' returned '0': CMAKE_PREFIX_PATH=${CMAKE_PREFIX_PATH}:/opt/ros/jazzy DEBUGINFOD_URLS=https://debuginfod.ubuntu.com /usr/bin/cmake --build /home/eeiww/ud90uhak/bumperbot_ws/src/build/bumperbot_description -- -j8 -l8
[0.191s] Invoking command in '/home/eeiww/ud90uhak/bumperbot_ws/src/build/bumperbot_description': CMAKE_PREFIX_PATH=${CMAKE_PREFIX_PATH}:/opt/ros/jazzy DEBUGINFOD_URLS=https://debuginfod.ubuntu.com /usr/bin/cmake --install /home/eeiww/ud90uhak/bumperbot_ws/src/build/bumperbot_description
[0.218s] -- Install configuration: ""
[0.219s] -- Up-to-date: /home/eeiww/ud90uhak/bumperbot_ws/src/install/bumperbot_description/share/bumperbot_description/launch
[0.219s] -- Up-to-date: /home/eeiww/ud90uhak/bumperbot_ws/src/install/bumperbot_description/share/bumperbot_description/launch/display.launch.py
[0.219s] -- Up-to-date: /home/eeiww/ud90uhak/bumperbot_ws/src/install/bumperbot_description/share/bumperbot_description/launch/gazebo.launch.py
[0.219s] -- Up-to-date: /home/eeiww/ud90uhak/bumperbot_ws/src/install/bumperbot_description/share/bumperbot_description/meshes
[0.219s] -- Up-to-date: /home/eeiww/ud90uhak/bumperbot_ws/src/install/bumperbot_description/share/bumperbot_description/meshes/base_link.STL
[0.219s] -- Up-to-date: /home/eeiww/ud90uhak/bumperbot_ws/src/install/bumperbot_description/share/bumperbot_description/meshes/wheel_left_link.STL
[0.219s] -- Up-to-date: /home/eeiww/ud90uhak/bumperbot_ws/src/install/bumperbot_description/share/bumperbot_description/meshes/caster_front_link.STL
[0.225s] -- Up-to-date: /home/eeiww/ud90uhak/bumperbot_ws/src/install/bumperbot_description/share/bumperbot_description/meshes/imu_link.STL
[0.227s] -- Up-to-date: /home/eeiww/ud90uhak/bumperbot_ws/src/install/bumperbot_description/share/bumperbot_description/meshes/laser_link.STL
[0.228s] -- Up-to-date: /home/eeiww/ud90uhak/bumperbot_ws/src/install/bumperbot_description/share/bumperbot_description/meshes/caster_rear_link.STL
[0.229s] -- Up-to-date: /home/eeiww/ud90uhak/bumperbot_ws/src/install/bumperbot_description/share/bumperbot_description/meshes/wheel_right_link.STL
[0.229s] -- Up-to-date: /home/eeiww/ud90uhak/bumperbot_ws/src/install/bumperbot_description/share/bumperbot_description/urdf
[0.236s] -- Up-to-date: /home/eeiww/ud90uhak/bumperbot_ws/src/install/bumperbot_description/share/bumperbot_description/urdf/bumperbot_ros2_control.xacro
[0.237s] -- Up-to-date: /home/eeiww/ud90uhak/bumperbot_ws/src/install/bumperbot_description/share/bumperbot_description/urdf/bumperbot_gazebo.xacro
[0.239s] -- Up-to-date: /home/eeiww/ud90uhak/bumperbot_ws/src/install/bumperbot_description/share/bumperbot_description/urdf/bumperbot.urdf.xacro
[0.240s] -- Up-to-date: /home/eeiww/ud90uhak/bumperbot_ws/src/install/bumperbot_description/share/bumperbot_description/rviz
[0.243s] -- Up-to-date: /home/eeiww/ud90uhak/bumperbot_ws/src/install/bumperbot_description/share/bumperbot_description/rviz/display.rviz
[0.245s] -- Up-to-date: /home/eeiww/ud90uhak/bumperbot_ws/src/install/bumperbot_description/share/bumperbot_description/models
[0.251s] -- Up-to-date: /home/eeiww/ud90uhak/bumperbot_ws/src/install/bumperbot_description/share/bumperbot_description/models/aws_robomaker_residential_Curtain_01
[0.254s] -- Up-to-date: /home/eeiww/ud90uhak/bumperbot_ws/src/install/bumperbot_description/share/bumperbot_description/models/aws_robomaker_residential_Curtain_01/meshes
[0.259s] -- Up-to-date: /home/eeiww/ud90uhak/bumperbot_ws/src/install/bumperbot_description/share/bumperbot_description/models/aws_robomaker_residential_Curtain_01/meshes/aws_Curtain_01_collision.DAE
[0.261s] -- Up-to-date: /home/eeiww/ud90uhak/bumperbot_ws/src/install/bumperbot_description/share/bumperbot_description/models/aws_robomaker_residential_Curtain_01/meshes/aws_Curtain_01_visual.DAE
[0.264s] -- Up-to-date: /home/eeiww/ud90uhak/bumperbot_ws/src/install/bumperbot_description/share/bumperbot_description/models/aws_robomaker_residential_Curtain_01/model.sdf
[0.266s] -- Up-to-date: /home/eeiww/ud90uhak/bumperbot_ws/src/install/bumperbot_description/share/bumperbot_description/models/aws_robomaker_residential_Curtain_01/model.config
[0.267s] -- Up-to-date: /home/eeiww/ud90uhak/bumperbot_ws/src/install/bumperbot_description/share/bumperbot_description/models/aws_robomaker_residential_Curtain_01/materials
[0.273s] -- Up-to-date: /home/eeiww/ud90uhak/bumperbot_ws/src/install/bumperbot_description/share/bumperbot_description/models/aws_robomaker_residential_Curtain_01/materials/textures
[0.278s] -- Up-to-date: /home/eeiww/ud90uhak/bumperbot_ws/src/install/bumperbot_description/share/bumperbot_description/models/aws_robomaker_residential_Curtain_01/materials/textures/aws_Curtain_01.png
[0.280s] -- Up-to-date: /home/eeiww/ud90uhak/bumperbot_ws/src/install/bumperbot_description/share/bumperbot_description/models/aws_robomaker_residential_SecurityCamera_01
[0.282s] -- Up-to-date: /home/eeiww/ud90uhak/bumperbot_ws/src/install/bumperbot_description/share/bumperbot_description/models/aws_robomaker_residential_SecurityCamera_01/meshes
[0.285s] -- Up-to-date: /home/eeiww/ud90uhak/bumperbot_ws/src/install/bumperbot_description/share/bumperbot_description/models/aws_robomaker_residential_SecurityCamera_01/meshes/aws_SecurityCamera_01_collision.DAE
[0.286s] -- Up-to-date: /home/eeiww/ud90uhak/bumperbot_ws/src/install/bumperbot_description/share/bumperbot_description/models/aws_robomaker_residential_SecurityCamera_01/meshes/aws_SecurityCamera_01_visual.DAE
[0.287s] -- Up-to-date: /home/eeiww/ud90uhak/bumperbot_ws/src/install/bumperbot_description/share/bumperbot_description/models/aws_robomaker_residential_SecurityCamera_01/model.sdf
[0.288s] -- Up-to-date: /home/eeiww/ud90uhak/bumperbot_ws/src/install/bumperbot_description/share/bumperbot_description/models/aws_robomaker_residential_SecurityCamera_01/model.config
[0.290s] -- Up-to-date: /home/eeiww/ud90uhak/bumperbot_ws/src/install/bumperbot_description/share/bumperbot_description/models/aws_robomaker_residential_SecurityCamera_01/materials
[0.292s] -- Up-to-date: /home/eeiww/ud90uhak/bumperbot_ws/src/install/bumperbot_description/share/bumperbot_description/models/aws_robomaker_residential_SecurityCamera_01/materials/textures
[0.293s] -- Up-to-date: /home/eeiww/ud90uhak/bumperbot_ws/src/install/bumperbot_description/share/bumperbot_description/models/aws_robomaker_residential_SecurityCamera_01/materials/textures/aws_SecurityCamera_01.png
[0.294s] -- Up-to-date: /home/eeiww/ud90uhak/bumperbot_ws/src/install/bumperbot_description/share/bumperbot_description/models/aws_robomaker_residential_Ball_01
[0.296s] -- Up-to-date: /home/eeiww/ud90uhak/bumperbot_ws/src/install/bumperbot_description/share/bumperbot_description/models/aws_robomaker_residential_Ball_01/meshes
[0.298s] -- Up-to-date: /home/eeiww/ud90uhak/bumperbot_ws/src/install/bumperbot_description/share/bumperbot_description/models/aws_robomaker_residential_Ball_01/meshes/aws_Ball_01_visual.DAE
[0.300s] -- Up-to-date: /home/eeiww/ud90uhak/bumperbot_ws/src/install/bumperbot_description/share/bumperbot_description/models/aws_robomaker_residential_Ball_01/meshes/aws_Ball_01_collision.DAE
[0.300s] -- Up-to-date: /home/eeiww/ud90uhak/bumperbot_ws/src/install/bumperbot_description/share/bumperbot_description/models/aws_robomaker_residential_Ball_01/model.sdf
[0.302s] -- Up-to-date: /home/eeiww/ud90uhak/bumperbot_ws/src/install/bumperbot_description/share/bumperbot_description/models/aws_robomaker_residential_Ball_01/model.config
[0.302s] -- Up-to-date: /home/eeiww/ud90uhak/bumperbot_ws/src/install/bumperbot_description/share/bumperbot_description/models/aws_robomaker_residential_Ball_01/materials
[0.304s] -- Up-to-date: /home/eeiww/ud90uhak/bumperbot_ws/src/install/bumperbot_description/share/bumperbot_description/models/aws_robomaker_residential_Ball_01/materials/textures
[0.306s] -- Up-to-date: /home/eeiww/ud90uhak/bumperbot_ws/src/install/bumperbot_description/share/bumperbot_description/models/aws_robomaker_residential_Ball_01/materials/textures/aws_Ball_01.png
[0.306s] -- Up-to-date: /home/eeiww/ud90uhak/bumperbot_ws/src/install/bumperbot_description/share/bumperbot_description/models/aws_robomaker_warehouse_ShelfD_01
[0.308s] -- Up-to-date: /home/eeiww/ud90uhak/bumperbot_ws/src/install/bumperbot_description/share/bumperbot_description/models/aws_robomaker_warehouse_ShelfD_01/meshes
[0.311s] -- Up-to-date: /home/eeiww/ud90uhak/bumperbot_ws/src/install/bumperbot_description/share/bumperbot_description/models/aws_robomaker_warehouse_ShelfD_01/meshes/aws_robomaker_warehouse_ShelfD_01_visual.DAE
[0.313s] -- Up-to-date: /home/eeiww/ud90uhak/bumperbot_ws/src/install/bumperbot_description/share/bumperbot_description/models/aws_robomaker_warehouse_ShelfD_01/meshes/aws_robomaker_warehouse_ShelfD_01_collision.DAE
[0.314s] -- Up-to-date: /home/eeiww/ud90uhak/bumperbot_ws/src/install/bumperbot_description/share/bumperbot_description/models/aws_robomaker_warehouse_ShelfD_01/model.sdf
[0.315s] -- Up-to-date: /home/eeiww/ud90uhak/bumperbot_ws/src/install/bumperbot_description/share/bumperbot_description/models/aws_robomaker_warehouse_ShelfD_01/model.config
[0.316s] -- Up-to-date: /home/eeiww/ud90uhak/bumperbot_ws/src/install/bumperbot_description/share/bumperbot_description/models/aws_robomaker_warehouse_ShelfD_01/materials
[0.317s] -- Up-to-date: /home/eeiww/ud90uhak/bumperbot_ws/src/install/bumperbot_description/share/bumperbot_description/models/aws_robomaker_warehouse_ShelfD_01/materials/textures
[0.320s] -- Up-to-date: /home/eeiww/ud90uhak/bumperbot_ws/src/install/bumperbot_description/share/bumperbot_description/models/aws_robomaker_warehouse_ShelfD_01/materials/textures/aws_robomaker_warehouse_ShelfD_03.png
[0.321s] -- Up-to-date: /home/eeiww/ud90uhak/bumperbot_ws/src/install/bumperbot_description/share/bumperbot_description/models/aws_robomaker_warehouse_ShelfD_01/materials/textures/aws_robomaker_warehouse_ShelfD_04.png
[0.323s] -- Up-to-date: /home/eeiww/ud90uhak/bumperbot_ws/src/install/bumperbot_description/share/bumperbot_description/models/aws_robomaker_warehouse_ShelfD_01/materials/textures/aws_robomaker_warehouse_ShelfD_02.png
[0.324s] -- Up-to-date: /home/eeiww/ud90uhak/bumperbot_ws/src/install/bumperbot_description/share/bumperbot_description/models/aws_robomaker_warehouse_ShelfD_01/materials/textures/aws_robomaker_warehouse_ShelfD_01.png
[0.325s] -- Up-to-date: /home/eeiww/ud90uhak/bumperbot_ws/src/install/bumperbot_description/share/bumperbot_description/models/aws_robomaker_warehouse_ClutteringC_01
[0.327s] -- Up-to-date: /home/eeiww/ud90uhak/bumperbot_ws/src/install/bumperbot_description/share/bumperbot_description/models/aws_robomaker_warehouse_ClutteringC_01/meshes
[0.329s] -- Up-to-date: /home/eeiww/ud90uhak/bumperbot_ws/src/install/bumperbot_description/share/bumperbot_description/models/aws_robomaker_warehouse_ClutteringC_01/meshes/aws_robomaker_warehouse_ClutteringC_01_visual.DAE
[0.330s] -- Up-to-date: /home/eeiww/ud90uhak/bumperbot_ws/src/install/bumperbot_description/share/bumperbot_description/models/aws_robomaker_warehouse_ClutteringC_01/meshes/aws_robomaker_warehouse_ClutteringC_01_collision.DAE
[0.335s] -- Up-to-date: /home/eeiww/ud90uhak/bumperbot_ws/src/install/bumperbot_description/share/bumperbot_description/models/aws_robomaker_warehouse_ClutteringC_01/model.sdf
[0.335s] -- Up-to-date: /home/eeiww/ud90uhak/bumperbot_ws/src/install/bumperbot_description/share/bumperbot_description/models/aws_robomaker_warehouse_ClutteringC_01/model.config
[0.335s] -- Up-to-date: /home/eeiww/ud90uhak/bumperbot_ws/src/install/bumperbot_description/share/bumperbot_description/models/aws_robomaker_warehouse_ClutteringC_01/materials
[0.335s] -- Up-to-date: /home/eeiww/ud90uhak/bumperbot_ws/src/install/bumperbot_description/share/bumperbot_description/models/aws_robomaker_warehouse_ClutteringC_01/materials/textures
[0.338s] -- Up-to-date: /home/eeiww/ud90uhak/bumperbot_ws/src/install/bumperbot_description/share/bumperbot_description/models/aws_robomaker_warehouse_ClutteringC_01/materials/textures/aws_robomaker_warehouse_ClutteringC_02.png
[0.339s] -- Up-to-date: /home/eeiww/ud90uhak/bumperbot_ws/src/install/bumperbot_description/share/bumperbot_description/models/aws_robomaker_warehouse_ClutteringC_01/materials/textures/aws_robomaker_warehouse_ClutteringC_01.png
[0.340s] -- Up-to-date: /home/eeiww/ud90uhak/bumperbot_ws/src/install/bumperbot_description/share/bumperbot_description/models/aws_robomaker_residential_KitchenUtensils_01
[0.341s] -- Up-to-date: /home/eeiww/ud90uhak/bumperbot_ws/src/install/bumperbot_description/share/bumperbot_description/models/aws_robomaker_residential_KitchenUtensils_01/meshes
[0.344s] -- Up-to-date: /home/eeiww/ud90uhak/bumperbot_ws/src/install/bumperbot_description/share/bumperbot_description/models/aws_robomaker_residential_KitchenUtensils_01/meshes/aws_KitchenUtensils_01_collision.DAE
[0.345s] -- Up-to-date: /home/eeiww/ud90uhak/bumperbot_ws/src/install/bumperbot_description/share/bumperbot_description/models/aws_robomaker_residential_KitchenUtensils_01/meshes/aws_KitchenUtensils_01_visual.DAE
[0.346s] -- Up-to-date: /home/eeiww/ud90uhak/bumperbot_ws/src/install/bumperbot_description/share/bumperbot_description/models/aws_robomaker_residential_KitchenUtensils_01/model.sdf
[0.347s] -- Up-to-date: /home/eeiww/ud90uhak/bumperbot_ws/src/install/bumperbot_description/share/bumperbot_description/models/aws_robomaker_residential_KitchenUtensils_01/model.config
[0.348s] -- Up-to-date: /home/eeiww/ud90uhak/bumperbot_ws/src/install/bumperbot_description/share/bumperbot_description/models/aws_robomaker_residential_KitchenUtensils_01/materials
[0.350s] -- Up-to-date: /home/eeiww/ud90uhak/bumperbot_ws/src/install/bumperbot_description/share/bumperbot_description/models/aws_robomaker_residential_KitchenUtensils_01/materials/textures
[0.353s] -- Up-to-date: /home/eeiww/ud90uhak/bumperbot_ws/src/install/bumperbot_description/share/bumperbot_description/models/aws_robomaker_residential_KitchenUtensils_01/materials/textures/aws_KitchenUtensils_01.png
[0.354s] -- Up-to-date: /home/eeiww/ud90uhak/bumperbot_ws/src/install/bumperbot_description/share/bumperbot_description/models/aws_robomaker_residential_TV_02
[0.356s] -- Up-to-date: /home/eeiww/ud90uhak/bumperbot_ws/src/install/bumperbot_description/share/bumperbot_description/models/aws_robomaker_residential_TV_02/meshes
[0.358s] -- Up-to-date: /home/eeiww/ud90uhak/bumperbot_ws/src/install/bumperbot_description/share/bumperbot_description/models/aws_robomaker_residential_TV_02/meshes/aws_TV_01_visual.DAE
[0.360s] -- Up-to-date: /home/eeiww/ud90uhak/bumperbot_ws/src/install/bumperbot_description/share/bumperbot_description/models/aws_robomaker_residential_TV_02/meshes/aws_TV_01_collision.DAE
[0.363s] -- Up-to-date: /home/eeiww/ud90uhak/bumperbot_ws/src/install/bumperbot_description/share/bumperbot_description/models/aws_robomaker_residential_TV_02/model.sdf
[0.363s] -- Up-to-date: /home/eeiww/ud90uhak/bumperbot_ws/src/install/bumperbot_description/share/bumperbot_description/models/aws_robomaker_residential_TV_02/model.config
[0.365s] -- Up-to-date: /home/eeiww/ud90uhak/bumperbot_ws/src/install/bumperbot_description/share/bumperbot_description/models/aws_robomaker_residential_TV_02/materials
[0.367s] -- Up-to-date: /home/eeiww/ud90uhak/bumperbot_ws/src/install/bumperbot_description/share/bumperbot_description/models/aws_robomaker_residential_TV_02/materials/textures
[0.369s] -- Up-to-date: /home/eeiww/ud90uhak/bumperbot_ws/src/install/bumperbot_description/share/bumperbot_description/models/aws_robomaker_residential_TV_02/materials/textures/aws_TV_01.png
[0.370s] -- Up-to-date: /home/eeiww/ud90uhak/bumperbot_ws/src/install/bumperbot_description/share/bumperbot_description/models/aws_robomaker_residential_Wardrobe_01
[0.375s] -- Up-to-date: /home/eeiww/ud90uhak/bumperbot_ws/src/install/bumperbot_description/share/bumperbot_description/models/aws_robomaker_residential_Wardrobe_01/meshes
[0.377s] -- Up-to-date: /home/eeiww/ud90uhak/bumperbot_ws/src/install/bumperbot_description/share/bumperbot_description/models/aws_robomaker_residential_Wardrobe_01/meshes/aws_Wardrobe_01_visual.DAE
[0.378s] -- Up-to-date: /home/eeiww/ud90uhak/bumperbot_ws/src/install/bumperbot_description/share/bumperbot_description/models/aws_robomaker_residential_Wardrobe_01/meshes/aws_Wardrobe_01_collision.DAE
[0.379s] -- Up-to-date: /home/eeiww/ud90uhak/bumperbot_ws/src/install/bumperbot_description/share/bumperbot_description/models/aws_robomaker_residential_Wardrobe_01/model.sdf
[0.381s] -- Up-to-date: /home/eeiww/ud90uhak/bumperbot_ws/src/install/bumperbot_description/share/bumperbot_description/models/aws_robomaker_residential_Wardrobe_01/model.config
[0.382s] -- Up-to-date: /home/eeiww/ud90uhak/bumperbot_ws/src/install/bumperbot_description/share/bumperbot_description/models/aws_robomaker_residential_Wardrobe_01/materials
[0.385s] -- Up-to-date: /home/eeiww/ud90uhak/bumperbot_ws/src/install/bumperbot_description/share/bumperbot_description/models/aws_robomaker_residential_Wardrobe_01/materials/textures
[0.387s] -- Up-to-date: /home/eeiww/ud90uhak/bumperbot_ws/src/install/bumperbot_description/share/bumperbot_description/models/aws_robomaker_residential_Wardrobe_01/materials/textures/aws_Wardrobe_01.png
[0.387s] -- Up-to-date: /home/eeiww/ud90uhak/bumperbot_ws/src/install/bumperbot_description/share/bumperbot_description/models/aws_robomaker_residential_Tablet_01
[0.390s] -- Up-to-date: /home/eeiww/ud90uhak/bumperbot_ws/src/install/bumperbot_description/share/bumperbot_description/models/aws_robomaker_residential_Tablet_01/meshes
[0.392s] -- Up-to-date: /home/eeiww/ud90uhak/bumperbot_ws/src/install/bumperbot_description/share/bumperbot_description/models/aws_robomaker_residential_Tablet_01/meshes/aws_Tablet_01_visual.DAE
[0.393s] -- Up-to-date: /home/eeiww/ud90uhak/bumperbot_ws/src/install/bumperbot_description/share/bumperbot_description/models/aws_robomaker_residential_Tablet_01/meshes/aws_Tablet_01_collision.DAE
[0.395s] -- Up-to-date: /home/eeiww/ud90uhak/bumperbot_ws/src/install/bumperbot_description/share/bumperbot_description/models/aws_robomaker_residential_Tablet_01/model.sdf
[0.396s] -- Up-to-date: /home/eeiww/ud90uhak/bumperbot_ws/src/install/bumperbot_description/share/bumperbot_description/models/aws_robomaker_residential_Tablet_01/model.config
[0.397s] -- Up-to-date: /home/eeiww/ud90uhak/bumperbot_ws/src/install/bumperbot_description/share/bumperbot_description/models/aws_robomaker_residential_Tablet_01/materials
[0.399s] -- Up-to-date: /home/eeiww/ud90uhak/bumperbot_ws/src/install/bumperbot_description/share/bumperbot_description/models/aws_robomaker_residential_Tablet_01/materials/textures
[0.402s] -- Up-to-date: /home/eeiww/ud90uhak/bumperbot_ws/src/install/bumperbot_description/share/bumperbot_description/models/aws_robomaker_residential_Tablet_01/materials/textures/aws_Tablet_01_nologo.png
[0.403s] -- Up-to-date: /home/eeiww/ud90uhak/bumperbot_ws/src/install/bumperbot_description/share/bumperbot_description/models/aws_robomaker_residential_PortraitB_01
[0.405s] -- Up-to-date: /home/eeiww/ud90uhak/bumperbot_ws/src/install/bumperbot_description/share/bumperbot_description/models/aws_robomaker_residential_PortraitB_01/meshes
[0.410s] -- Up-to-date: /home/eeiww/ud90uhak/bumperbot_ws/src/install/bumperbot_description/share/bumperbot_description/models/aws_robomaker_residential_PortraitB_01/meshes/aws_PortraitB_01_collision.DAE
[0.412s] -- Up-to-date: /home/eeiww/ud90uhak/bumperbot_ws/src/install/bumperbot_description/share/bumperbot_description/models/aws_robomaker_residential_PortraitB_01/meshes/aws_PortraitB_01_visual.DAE
[0.413s] -- Up-to-date: /home/eeiww/ud90uhak/bumperbot_ws/src/install/bumperbot_description/share/bumperbot_description/models/aws_robomaker_residential_PortraitB_01/model.sdf
[0.415s] -- Up-to-date: /home/eeiww/ud90uhak/bumperbot_ws/src/install/bumperbot_description/share/bumperbot_description/models/aws_robomaker_residential_PortraitB_01/model.config
[0.416s] -- Up-to-date: /home/eeiww/ud90uhak/bumperbot_ws/src/install/bumperbot_description/share/bumperbot_description/models/aws_robomaker_residential_PortraitB_01/materials
[0.419s] -- Up-to-date: /home/eeiww/ud90uhak/bumperbot_ws/src/install/bumperbot_description/share/bumperbot_description/models/aws_robomaker_residential_PortraitB_01/materials/textures
[0.426s] -- Up-to-date: /home/eeiww/ud90uhak/bumperbot_ws/src/install/bumperbot_description/share/bumperbot_description/models/aws_robomaker_residential_PortraitB_01/materials/textures/aws_PortraitB_01.png
[0.427s] -- Up-to-date: /home/eeiww/ud90uhak/bumperbot_ws/src/install/bumperbot_description/share/bumperbot_description/models/aws_robomaker_residential_PortraitB_01/materials/textures/aws_PortraitB_02.png
[0.428s] -- Up-to-date: /home/eeiww/ud90uhak/bumperbot_ws/src/install/bumperbot_description/share/bumperbot_description/models/aws_robomaker_warehouse_Bucket_01
[0.434s] -- Up-to-date: /home/eeiww/ud90uhak/bumperbot_ws/src/install/bumperbot_description/share/bumperbot_description/models/aws_robomaker_warehouse_Bucket_01/meshes
[0.438s] -- Up-to-date: /home/eeiww/ud90uhak/bumperbot_ws/src/install/bumperbot_description/share/bumperbot_description/models/aws_robomaker_warehouse_Bucket_01/meshes/aws_robomaker_warehouse_Bucket_01_collision.DAE
[0.440s] -- Up-to-date: /home/eeiww/ud90uhak/bumperbot_ws/src/install/bumperbot_description/share/bumperbot_description/models/aws_robomaker_warehouse_Bucket_01/meshes/aws_robomaker_warehouse_Bucket_01_visual.DAE
[0.441s] -- Up-to-date: /home/eeiww/ud90uhak/bumperbot_ws/src/install/bumperbot_description/share/bumperbot_description/models/aws_robomaker_warehouse_Bucket_01/model.sdf
[0.441s] -- Up-to-date: /home/eeiww/ud90uhak/bumperbot_ws/src/install/bumperbot_description/share/bumperbot_description/models/aws_robomaker_warehouse_Bucket_01/.DS_Store
[0.442s] -- Up-to-date: /home/eeiww/ud90uhak/bumperbot_ws/src/install/bumperbot_description/share/bumperbot_description/models/aws_robomaker_warehouse_Bucket_01/model.config
[0.443s] -- Up-to-date: /home/eeiww/ud90uhak/bumperbot_ws/src/install/bumperbot_description/share/bumperbot_description/models/aws_robomaker_warehouse_Bucket_01/materials
[0.446s] -- Up-to-date: /home/eeiww/ud90uhak/bumperbot_ws/src/install/bumperbot_description/share/bumperbot_description/models/aws_robomaker_warehouse_Bucket_01/materials/textures
[0.447s] -- Up-to-date: /home/eeiww/ud90uhak/bumperbot_ws/src/install/bumperbot_description/share/bumperbot_description/models/aws_robomaker_warehouse_Bucket_01/materials/textures/aws_robomaker_warehouse_Bucket_01.png
[0.448s] -- Up-to-date: /home/eeiww/ud90uhak/bumperbot_ws/src/install/bumperbot_description/share/bumperbot_description/models/aws_robomaker_warehouse_Bucket_01/materials/.DS_Store
[0.449s] -- Up-to-date: /home/eeiww/ud90uhak/bumperbot_ws/src/install/bumperbot_description/share/bumperbot_description/models/aws_robomaker_residential_SeasoningBox_01
[0.454s] -- Up-to-date: /home/eeiww/ud90uhak/bumperbot_ws/src/install/bumperbot_description/share/bumperbot_description/models/aws_robomaker_residential_SeasoningBox_01/meshes
[0.459s] -- Up-to-date: /home/eeiww/ud90uhak/bumperbot_ws/src/install/bumperbot_description/share/bumperbot_description/models/aws_robomaker_residential_SeasoningBox_01/meshes/aws_SeasoningBox_01_visual.DAE
[0.459s] -- Up-to-date: /home/eeiww/ud90uhak/bumperbot_ws/src/install/bumperbot_description/share/bumperbot_description/models/aws_robomaker_residential_SeasoningBox_01/meshes/aws_SeasoningBox_01_collision.DAE
[0.459s] -- Up-to-date: /home/eeiww/ud90uhak/bumperbot_ws/src/install/bumperbot_description/share/bumperbot_description/models/aws_robomaker_residential_SeasoningBox_01/model.sdf
[0.460s] -- Up-to-date: /home/eeiww/ud90uhak/bumperbot_ws/src/install/bumperbot_description/share/bumperbot_description/models/aws_robomaker_residential_SeasoningBox_01/model.config
[0.461s] -- Up-to-date: /home/eeiww/ud90uhak/bumperbot_ws/src/install/bumperbot_description/share/bumperbot_description/models/aws_robomaker_residential_SeasoningBox_01/materials
[0.463s] -- Up-to-date: /home/eeiww/ud90uhak/bumperbot_ws/src/install/bumperbot_description/share/bumperbot_description/models/aws_robomaker_residential_SeasoningBox_01/materials/textures
[0.465s] -- Up-to-date: /home/eeiww/ud90uhak/bumperbot_ws/src/install/bumperbot_description/share/bumperbot_description/models/aws_robomaker_residential_SeasoningBox_01/materials/textures/aws_SeasoningBox_01.png
[0.466s] -- Up-to-date: /home/eeiww/ud90uhak/bumperbot_ws/src/install/bumperbot_description/share/bumperbot_description/models/aws_robomaker_residential_Tableware_01
[0.468s] -- Up-to-date: /home/eeiww/ud90uhak/bumperbot_ws/src/install/bumperbot_description/share/bumperbot_description/models/aws_robomaker_residential_Tableware_01/meshes
[0.470s] -- Up-to-date: /home/eeiww/ud90uhak/bumperbot_ws/src/install/bumperbot_description/share/bumperbot_description/models/aws_robomaker_residential_Tableware_01/meshes/aws_Tableware_01_collision.DAE
[0.471s] -- Up-to-date: /home/eeiww/ud90uhak/bumperbot_ws/src/install/bumperbot_description/share/bumperbot_description/models/aws_robomaker_residential_Tableware_01/meshes/aws_Tableware_01_visual.DAE
[0.472s] -- Up-to-date: /home/eeiww/ud90uhak/bumperbot_ws/src/install/bumperbot_description/share/bumperbot_description/models/aws_robomaker_residential_Tableware_01/model.sdf
[0.473s] -- Up-to-date: /home/eeiww/ud90uhak/bumperbot_ws/src/install/bumperbot_description/share/bumperbot_description/models/aws_robomaker_residential_Tableware_01/model.config
[0.474s] -- Up-to-date: /home/eeiww/ud90uhak/bumperbot_ws/src/install/bumperbot_description/share/bumperbot_description/models/aws_robomaker_residential_Tableware_01/materials
[0.476s] -- Up-to-date: /home/eeiww/ud90uhak/bumperbot_ws/src/install/bumperbot_description/share/bumperbot_description/models/aws_robomaker_residential_Tableware_01/materials/textures
[0.478s] -- Up-to-date: /home/eeiww/ud90uhak/bumperbot_ws/src/install/bumperbot_description/share/bumperbot_description/models/aws_robomaker_residential_Tableware_01/materials/textures/aws_Tableware_01.png
[0.479s] -- Up-to-date: /home/eeiww/ud90uhak/bumperbot_ws/src/install/bumperbot_description/share/bumperbot_description/models/aws_robomaker_residential_DeskPortraitD_01
[0.481s] -- Up-to-date: /home/eeiww/ud90uhak/bumperbot_ws/src/install/bumperbot_description/share/bumperbot_description/models/aws_robomaker_residential_DeskPortraitD_01/meshes
[0.486s] -- Up-to-date: /home/eeiww/ud90uhak/bumperbot_ws/src/install/bumperbot_description/share/bumperbot_description/models/aws_robomaker_residential_DeskPortraitD_01/meshes/aws_DeskPortraitD_01_visual.DAE
[0.486s] -- Up-to-date: /home/eeiww/ud90uhak/bumperbot_ws/src/install/bumperbot_description/share/bumperbot_description/models/aws_robomaker_residential_DeskPortraitD_01/meshes/aws_DeskPortraitD_01_collision.DAE
[0.487s] -- Up-to-date: /home/eeiww/ud90uhak/bumperbot_ws/src/install/bumperbot_description/share/bumperbot_description/models/aws_robomaker_residential_DeskPortraitD_01/model.sdf
[0.488s] -- Up-to-date: /home/eeiww/ud90uhak/bumperbot_ws/src/install/bumperbot_description/share/bumperbot_description/models/aws_robomaker_residential_DeskPortraitD_01/model.config
[0.489s] -- Up-to-date: /home/eeiww/ud90uhak/bumperbot_ws/src/install/bumperbot_description/share/bumperbot_description/models/aws_robomaker_residential_DeskPortraitD_01/materials
[0.491s] -- Up-to-date: /home/eeiww/ud90uhak/bumperbot_ws/src/install/bumperbot_description/share/bumperbot_description/models/aws_robomaker_residential_DeskPortraitD_01/materials/textures
[0.494s] -- Up-to-date: /home/eeiww/ud90uhak/bumperbot_ws/src/install/bumperbot_description/share/bumperbot_description/models/aws_robomaker_residential_DeskPortraitD_01/materials/textures/aws_DeskPortraitD_02.png
[0.496s] -- Up-to-date: /home/eeiww/ud90uhak/bumperbot_ws/src/install/bumperbot_description/share/bumperbot_description/models/aws_robomaker_residential_DeskPortraitD_01/materials/textures/aws_DeskPortraitD_01.png
[0.496s] -- Up-to-date: /home/eeiww/ud90uhak/bumperbot_ws/src/install/bumperbot_description/share/bumperbot_description/models/aws_robomaker_residential_KitchenTable_01
[0.498s] -- Up-to-date: /home/eeiww/ud90uhak/bumperbot_ws/src/install/bumperbot_description/share/bumperbot_description/models/aws_robomaker_residential_KitchenTable_01/meshes
[0.502s] -- Up-to-date: /home/eeiww/ud90uhak/bumperbot_ws/src/install/bumperbot_description/share/bumperbot_description/models/aws_robomaker_residential_KitchenTable_01/meshes/aws_KitchenTable_01_collision.DAE
[0.502s] -- Up-to-date: /home/eeiww/ud90uhak/bumperbot_ws/src/install/bumperbot_description/share/bumperbot_description/models/aws_robomaker_residential_KitchenTable_01/meshes/aws_KitchenTable_01_visual.DAE
[0.503s] -- Up-to-date: /home/eeiww/ud90uhak/bumperbot_ws/src/install/bumperbot_description/share/bumperbot_description/models/aws_robomaker_residential_KitchenTable_01/model.sdf
[0.505s] -- Up-to-date: /home/eeiww/ud90uhak/bumperbot_ws/src/install/bumperbot_description/share/bumperbot_description/models/aws_robomaker_residential_KitchenTable_01/model.config
[0.505s] -- Up-to-date: /home/eeiww/ud90uhak/bumperbot_ws/src/install/bumperbot_description/share/bumperbot_description/models/aws_robomaker_residential_KitchenTable_01/materials
[0.507s] -- Up-to-date: /home/eeiww/ud90uhak/bumperbot_ws/src/install/bumperbot_description/share/bumperbot_description/models/aws_robomaker_residential_KitchenTable_01/materials/textures
[0.510s] -- Up-to-date: /home/eeiww/ud90uhak/bumperbot_ws/src/install/bumperbot_description/share/bumperbot_description/models/aws_robomaker_residential_KitchenTable_01/materials/textures/aws_KitchenTable_01.png
[0.510s] -- Up-to-date: /home/eeiww/ud90uhak/bumperbot_ws/src/install/bumperbot_description/share/bumperbot_description/models/aws_robomaker_residential_DeskPortraitD_04
[0.512s] -- Up-to-date: /home/eeiww/ud90uhak/bumperbot_ws/src/install/bumperbot_description/share/bumperbot_description/models/aws_robomaker_residential_DeskPortraitD_04/meshes
[0.515s] -- Up-to-date: /home/eeiww/ud90uhak/bumperbot_ws/src/install/bumperbot_description/share/bumperbot_description/models/aws_robomaker_residential_DeskPortraitD_04/meshes/aws_DeskPortraitD_01_visual.DAE
[0.516s] -- Up-to-date: /home/eeiww/ud90uhak/bumperbot_ws/src/install/bumperbot_description/share/bumperbot_description/models/aws_robomaker_residential_DeskPortraitD_04/meshes/aws_DeskPortraitD_01_collision.DAE
[0.517s] -- Up-to-date: /home/eeiww/ud90uhak/bumperbot_ws/src/install/bumperbot_description/share/bumperbot_description/models/aws_robomaker_residential_DeskPortraitD_04/model.sdf
[0.518s] -- Up-to-date: /home/eeiww/ud90uhak/bumperbot_ws/src/install/bumperbot_description/share/bumperbot_description/models/aws_robomaker_residential_DeskPortraitD_04/model.config
[0.519s] -- Up-to-date: /home/eeiww/ud90uhak/bumperbot_ws/src/install/bumperbot_description/share/bumperbot_description/models/aws_robomaker_residential_DeskPortraitD_04/materials
[0.521s] -- Up-to-date: /home/eeiww/ud90uhak/bumperbot_ws/src/install/bumperbot_description/share/bumperbot_description/models/aws_robomaker_residential_DeskPortraitD_04/materials/textures
[0.523s] -- Up-to-date: /home/eeiww/ud90uhak/bumperbot_ws/src/install/bumperbot_description/share/bumperbot_description/models/aws_robomaker_residential_DeskPortraitD_04/materials/textures/aws_DeskPortraitD_02.png
[0.524s] -- Up-to-date: /home/eeiww/ud90uhak/bumperbot_ws/src/install/bumperbot_description/share/bumperbot_description/models/aws_robomaker_residential_DeskPortraitD_04/materials/textures/aws_DeskPortraitD_01.png
[0.525s] -- Up-to-date: /home/eeiww/ud90uhak/bumperbot_ws/src/install/bumperbot_description/share/bumperbot_description/models/aws_robomaker_residential_LightC_01
[0.527s] -- Up-to-date: /home/eeiww/ud90uhak/bumperbot_ws/src/install/bumperbot_description/share/bumperbot_description/models/aws_robomaker_residential_LightC_01/meshes
[0.529s] -- Up-to-date: /home/eeiww/ud90uhak/bumperbot_ws/src/install/bumperbot_description/share/bumperbot_description/models/aws_robomaker_residential_LightC_01/meshes/aws_LightC_01_visual.DAE
[0.530s] -- Up-to-date: /home/eeiww/ud90uhak/bumperbot_ws/src/install/bumperbot_description/share/bumperbot_description/models/aws_robomaker_residential_LightC_01/meshes/aws_LightC_01_collision.DAE
[0.531s] -- Up-to-date: /home/eeiww/ud90uhak/bumperbot_ws/src/install/bumperbot_description/share/bumperbot_description/models/aws_robomaker_residential_LightC_01/model.sdf
[0.532s] -- Up-to-date: /home/eeiww/ud90uhak/bumperbot_ws/src/install/bumperbot_description/share/bumperbot_description/models/aws_robomaker_residential_LightC_01/model.config
[0.533s] -- Up-to-date: /home/eeiww/ud90uhak/bumperbot_ws/src/install/bumperbot_description/share/bumperbot_description/models/aws_robomaker_residential_LightC_01/materials
[0.535s] -- Up-to-date: /home/eeiww/ud90uhak/bumperbot_ws/src/install/bumperbot_description/share/bumperbot_description/models/aws_robomaker_residential_LightC_01/materials/textures
[0.537s] -- Up-to-date: /home/eeiww/ud90uhak/bumperbot_ws/src/install/bumperbot_description/share/bumperbot_description/models/aws_robomaker_residential_LightC_01/materials/textures/aws_LightC_01.png
[0.538s] -- Up-to-date: /home/eeiww/ud90uhak/bumperbot_ws/src/install/bumperbot_description/share/bumperbot_description/models/aws_robomaker_residential_PortraitD_02
[0.540s] -- Up-to-date: /home/eeiww/ud90uhak/bumperbot_ws/src/install/bumperbot_description/share/bumperbot_description/models/aws_robomaker_residential_PortraitD_02/meshes
[0.542s] -- Up-to-date: /home/eeiww/ud90uhak/bumperbot_ws/src/install/bumperbot_description/share/bumperbot_description/models/aws_robomaker_residential_PortraitD_02/meshes/aws_PortraitD_01_collision.DAE
[0.543s] -- Up-to-date: /home/eeiww/ud90uhak/bumperbot_ws/src/install/bumperbot_description/share/bumperbot_description/models/aws_robomaker_residential_PortraitD_02/meshes/aws_PortraitD_01_visual.DAE
[0.544s] -- Up-to-date: /home/eeiww/ud90uhak/bumperbot_ws/src/install/bumperbot_description/share/bumperbot_description/models/aws_robomaker_residential_PortraitD_02/model.sdf
[0.546s] -- Up-to-date: /home/eeiww/ud90uhak/bumperbot_ws/src/install/bumperbot_description/share/bumperbot_description/models/aws_robomaker_residential_PortraitD_02/model.config
[0.546s] -- Up-to-date: /home/eeiww/ud90uhak/bumperbot_ws/src/install/bumperbot_description/share/bumperbot_description/models/aws_robomaker_residential_PortraitD_02/materials
[0.548s] -- Up-to-date: /home/eeiww/ud90uhak/bumperbot_ws/src/install/bumperbot_description/share/bumperbot_description/models/aws_robomaker_residential_PortraitD_02/materials/textures
[0.551s] -- Up-to-date: /home/eeiww/ud90uhak/bumperbot_ws/src/install/bumperbot_description/share/bumperbot_description/models/aws_robomaker_residential_PortraitD_02/materials/textures/aws_PortraitD_01.png
[0.552s] -- Up-to-date: /home/eeiww/ud90uhak/bumperbot_ws/src/install/bumperbot_description/share/bumperbot_description/models/aws_robomaker_residential_PortraitD_02/materials/textures/aws_PortraitD_02.png
[0.553s] -- Up-to-date: /home/eeiww/ud90uhak/bumperbot_ws/src/install/bumperbot_description/share/bumperbot_description/models/aws_robomaker_residential_FoldingDoor_02
[0.558s] -- Up-to-date: /home/eeiww/ud90uhak/bumperbot_ws/src/install/bumperbot_description/share/bumperbot_description/models/aws_robomaker_residential_FoldingDoor_02/meshes
[0.560s] -- Up-to-date: /home/eeiww/ud90uhak/bumperbot_ws/src/install/bumperbot_description/share/bumperbot_description/models/aws_robomaker_residential_FoldingDoor_02/meshes/aws_FoldingDoor_02_visual.DAE
[0.561s] -- Up-to-date: /home/eeiww/ud90uhak/bumperbot_ws/src/install/bumperbot_description/share/bumperbot_description/models/aws_robomaker_residential_FoldingDoor_02/meshes/aws_FoldingDoor_02_collision.DAE
[0.562s] -- Up-to-date: /home/eeiww/ud90uhak/bumperbot_ws/src/install/bumperbot_description/share/bumperbot_description/models/aws_robomaker_residential_FoldingDoor_02/model.sdf
[0.563s] -- Up-to-date: /home/eeiww/ud90uhak/bumperbot_ws/src/install/bumperbot_description/share/bumperbot_description/models/aws_robomaker_residential_FoldingDoor_02/model.config
[0.563s] -- Up-to-date: /home/eeiww/ud90uhak/bumperbot_ws/src/install/bumperbot_description/share/bumperbot_description/models/aws_robomaker_residential_FoldingDoor_02/materials
[0.565s] -- Up-to-date: /home/eeiww/ud90uhak/bumperbot_ws/src/install/bumperbot_description/share/bumperbot_description/models/aws_robomaker_residential_FoldingDoor_02/materials/textures
[0.568s] -- Up-to-date: /home/eeiww/ud90uhak/bumperbot_ws/src/install/bumperbot_description/share/bumperbot_description/models/aws_robomaker_residential_FoldingDoor_02/materials/textures/aws_FoldingDoor_02.png
[0.569s] -- Up-to-date: /home/eeiww/ud90uhak/bumperbot_ws/src/install/bumperbot_description/share/bumperbot_description/models/aws_robomaker_residential_DeskPortraitB_01
[0.571s] -- Up-to-date: /home/eeiww/ud90uhak/bumperbot_ws/src/install/bumperbot_description/share/bumperbot_description/models/aws_robomaker_residential_DeskPortraitB_01/meshes
[0.574s] -- Up-to-date: /home/eeiww/ud90uhak/bumperbot_ws/src/install/bumperbot_description/share/bumperbot_description/models/aws_robomaker_residential_DeskPortraitB_01/meshes/aws_DeskPortraitB_01_visual.DAE
[0.575s] -- Up-to-date: /home/eeiww/ud90uhak/bumperbot_ws/src/install/bumperbot_description/share/bumperbot_description/models/aws_robomaker_residential_DeskPortraitB_01/meshes/aws_DeskPortraitB_01_collision.DAE
[0.576s] -- Up-to-date: /home/eeiww/ud90uhak/bumperbot_ws/src/install/bumperbot_description/share/bumperbot_description/models/aws_robomaker_residential_DeskPortraitB_01/model.sdf
[0.578s] -- Up-to-date: /home/eeiww/ud90uhak/bumperbot_ws/src/install/bumperbot_description/share/bumperbot_description/models/aws_robomaker_residential_DeskPortraitB_01/model.config
[0.579s] -- Up-to-date: /home/eeiww/ud90uhak/bumperbot_ws/src/install/bumperbot_description/share/bumperbot_description/models/aws_robomaker_residential_DeskPortraitB_01/materials
[0.581s] -- Up-to-date: /home/eeiww/ud90uhak/bumperbot_ws/src/install/bumperbot_description/share/bumperbot_description/models/aws_robomaker_residential_DeskPortraitB_01/materials/textures
[0.585s] -- Up-to-date: /home/eeiww/ud90uhak/bumperbot_ws/src/install/bumperbot_description/share/bumperbot_description/models/aws_robomaker_residential_DeskPortraitB_01/materials/textures/aws_DeskPortraitB_01.png
[0.586s] -- Up-to-date: /home/eeiww/ud90uhak/bumperbot_ws/src/install/bumperbot_description/share/bumperbot_description/models/aws_robomaker_residential_DeskPortraitB_01/materials/textures/aws_DeskPortraitB_02.png
[0.586s] -- Up-to-date: /home/eeiww/ud90uhak/bumperbot_ws/src/install/bumperbot_description/share/bumperbot_description/models/aws_robomaker_residential_NightStand_01
[0.588s] -- Up-to-date: /home/eeiww/ud90uhak/bumperbot_ws/src/install/bumperbot_description/share/bumperbot_description/models/aws_robomaker_residential_NightStand_01/meshes
[0.592s] -- Up-to-date: /home/eeiww/ud90uhak/bumperbot_ws/src/install/bumperbot_description/share/bumperbot_description/models/aws_robomaker_residential_NightStand_01/meshes/aws_NightStand_01_collision.DAE
[0.593s] -- Up-to-date: /home/eeiww/ud90uhak/bumperbot_ws/src/install/bumperbot_description/share/bumperbot_description/models/aws_robomaker_residential_NightStand_01/meshes/aws_NightStand_01_visual.DAE
[0.594s] -- Up-to-date: /home/eeiww/ud90uhak/bumperbot_ws/src/install/bumperbot_description/share/bumperbot_description/models/aws_robomaker_residential_NightStand_01/model.sdf
[0.595s] -- Up-to-date: /home/eeiww/ud90uhak/bumperbot_ws/src/install/bumperbot_description/share/bumperbot_description/models/aws_robomaker_residential_NightStand_01/model.config
[0.596s] -- Up-to-date: /home/eeiww/ud90uhak/bumperbot_ws/src/install/bumperbot_description/share/bumperbot_description/models/aws_robomaker_residential_NightStand_01/materials
[0.597s] -- Up-to-date: /home/eeiww/ud90uhak/bumperbot_ws/src/install/bumperbot_description/share/bumperbot_description/models/aws_robomaker_residential_NightStand_01/materials/textures
[0.600s] -- Up-to-date: /home/eeiww/ud90uhak/bumperbot_ws/src/install/bumperbot_description/share/bumperbot_description/models/aws_robomaker_residential_NightStand_01/materials/textures/aws_NightStand_01.png
[0.600s] -- Up-to-date: /home/eeiww/ud90uhak/bumperbot_ws/src/install/bumperbot_description/share/bumperbot_description/models/aws_robomaker_residential_BalconyTable_01
[0.602s] -- Up-to-date: /home/eeiww/ud90uhak/bumperbot_ws/src/install/bumperbot_description/share/bumperbot_description/models/aws_robomaker_residential_BalconyTable_01/meshes
[0.605s] -- Up-to-date: /home/eeiww/ud90uhak/bumperbot_ws/src/install/bumperbot_description/share/bumperbot_description/models/aws_robomaker_residential_BalconyTable_01/meshes/aws_BalconyTable_01_collision.DAE
[0.606s] -- Up-to-date: /home/eeiww/ud90uhak/bumperbot_ws/src/install/bumperbot_description/share/bumperbot_description/models/aws_robomaker_residential_BalconyTable_01/meshes/aws_BalconyTable_01_visual.DAE
[0.607s] -- Up-to-date: /home/eeiww/ud90uhak/bumperbot_ws/src/install/bumperbot_description/share/bumperbot_description/models/aws_robomaker_residential_BalconyTable_01/model.sdf
[0.608s] -- Up-to-date: /home/eeiww/ud90uhak/bumperbot_ws/src/install/bumperbot_description/share/bumperbot_description/models/aws_robomaker_residential_BalconyTable_01/model.config
[0.608s] -- Up-to-date: /home/eeiww/ud90uhak/bumperbot_ws/src/install/bumperbot_description/share/bumperbot_description/models/aws_robomaker_residential_BalconyTable_01/materials
[0.610s] -- Up-to-date: /home/eeiww/ud90uhak/bumperbot_ws/src/install/bumperbot_description/share/bumperbot_description/models/aws_robomaker_residential_BalconyTable_01/materials/textures
[0.612s] -- Up-to-date: /home/eeiww/ud90uhak/bumperbot_ws/src/install/bumperbot_description/share/bumperbot_description/models/aws_robomaker_residential_BalconyTable_01/materials/textures/aws_BalconyTable_01.png
[0.613s] -- Up-to-date: /home/eeiww/ud90uhak/bumperbot_ws/src/install/bumperbot_description/share/bumperbot_description/models/aws_robomaker_residential_KitchenCabinet_01
[0.616s] -- Up-to-date: /home/eeiww/ud90uhak/bumperbot_ws/src/install/bumperbot_description/share/bumperbot_description/models/aws_robomaker_residential_KitchenCabinet_01/meshes
[0.618s] -- Up-to-date: /home/eeiww/ud90uhak/bumperbot_ws/src/install/bumperbot_description/share/bumperbot_description/models/aws_robomaker_residential_KitchenCabinet_01/meshes/aws_KitchenCabinet_01_collision.DAE
[0.619s] -- Up-to-date: /home/eeiww/ud90uhak/bumperbot_ws/src/install/bumperbot_description/share/bumperbot_description/models/aws_robomaker_residential_KitchenCabinet_01/meshes/aws_KitchenCabinet_01_visual.DAE
[0.620s] -- Up-to-date: /home/eeiww/ud90uhak/bumperbot_ws/src/install/bumperbot_description/share/bumperbot_description/models/aws_robomaker_residential_KitchenCabinet_01/model.sdf
[0.621s] -- Up-to-date: /home/eeiww/ud90uhak/bumperbot_ws/src/install/bumperbot_description/share/bumperbot_description/models/aws_robomaker_residential_KitchenCabinet_01/model.config
[0.622s] -- Up-to-date: /home/eeiww/ud90uhak/bumperbot_ws/src/install/bumperbot_description/share/bumperbot_description/models/aws_robomaker_residential_KitchenCabinet_01/materials
[0.624s] -- Up-to-date: /home/eeiww/ud90uhak/bumperbot_ws/src/install/bumperbot_description/share/bumperbot_description/models/aws_robomaker_residential_KitchenCabinet_01/materials/textures
[0.626s] -- Up-to-date: /home/eeiww/ud90uhak/bumperbot_ws/src/install/bumperbot_description/share/bumperbot_description/models/aws_robomaker_residential_KitchenCabinet_01/materials/textures/aws_KitchenCabinet_01.png
[0.631s] -- Up-to-date: /home/eeiww/ud90uhak/bumperbot_ws/src/install/bumperbot_description/share/bumperbot_description/models/aws_robomaker_warehouse_WallB_01
[0.631s] -- Up-to-date: /home/eeiww/ud90uhak/bumperbot_ws/src/install/bumperbot_description/share/bumperbot_description/models/aws_robomaker_warehouse_WallB_01/meshes
[0.631s] -- Up-to-date: /home/eeiww/ud90uhak/bumperbot_ws/src/install/bumperbot_description/share/bumperbot_description/models/aws_robomaker_warehouse_WallB_01/meshes/aws_robomaker_warehouse_WallB_01_collision.DAE
[0.633s] -- Up-to-date: /home/eeiww/ud90uhak/bumperbot_ws/src/install/bumperbot_description/share/bumperbot_description/models/aws_robomaker_warehouse_WallB_01/meshes/aws_robomaker_warehouse_WallB_01_visual.DAE
[0.634s] -- Up-to-date: /home/eeiww/ud90uhak/bumperbot_ws/src/install/bumperbot_description/share/bumperbot_description/models/aws_robomaker_warehouse_WallB_01/model.sdf
[0.635s] -- Up-to-date: /home/eeiww/ud90uhak/bumperbot_ws/src/install/bumperbot_description/share/bumperbot_description/models/aws_robomaker_warehouse_WallB_01/model.config
[0.636s] -- Up-to-date: /home/eeiww/ud90uhak/bumperbot_ws/src/install/bumperbot_description/share/bumperbot_description/models/aws_robomaker_warehouse_WallB_01/materials
[0.638s] -- Up-to-date: /home/eeiww/ud90uhak/bumperbot_ws/src/install/bumperbot_description/share/bumperbot_description/models/aws_robomaker_warehouse_WallB_01/materials/textures
[0.640s] -- Up-to-date: /home/eeiww/ud90uhak/bumperbot_ws/src/install/bumperbot_description/share/bumperbot_description/models/aws_robomaker_warehouse_WallB_01/materials/textures/aws_robomaker_warehouse_WallB_01.png
[0.641s] -- Up-to-date: /home/eeiww/ud90uhak/bumperbot_ws/src/install/bumperbot_description/share/bumperbot_description/models/aws_robomaker_residential_DeskPortraitC_02
[0.643s] -- Up-to-date: /home/eeiww/ud90uhak/bumperbot_ws/src/install/bumperbot_description/share/bumperbot_description/models/aws_robomaker_residential_DeskPortraitC_02/meshes
[0.645s] -- Up-to-date: /home/eeiww/ud90uhak/bumperbot_ws/src/install/bumperbot_description/share/bumperbot_description/models/aws_robomaker_residential_DeskPortraitC_02/meshes/aws_DeskPortraitC_01_collision.DAE
[0.646s] -- Up-to-date: /home/eeiww/ud90uhak/bumperbot_ws/src/install/bumperbot_description/share/bumperbot_description/models/aws_robomaker_residential_DeskPortraitC_02/meshes/aws_DeskPortraitC_01_visual.DAE
[0.648s] -- Up-to-date: /home/eeiww/ud90uhak/bumperbot_ws/src/install/bumperbot_description/share/bumperbot_description/models/aws_robomaker_residential_DeskPortraitC_02/model.sdf
[0.649s] -- Up-to-date: /home/eeiww/ud90uhak/bumperbot_ws/src/install/bumperbot_description/share/bumperbot_description/models/aws_robomaker_residential_DeskPortraitC_02/model.config
[0.650s] -- Up-to-date: /home/eeiww/ud90uhak/bumperbot_ws/src/install/bumperbot_description/share/bumperbot_description/models/aws_robomaker_residential_DeskPortraitC_02/materials
[0.652s] -- Up-to-date: /home/eeiww/ud90uhak/bumperbot_ws/src/install/bumperbot_description/share/bumperbot_description/models/aws_robomaker_residential_DeskPortraitC_02/materials/textures
[0.654s] -- Up-to-date: /home/eeiww/ud90uhak/bumperbot_ws/src/install/bumperbot_description/share/bumperbot_description/models/aws_robomaker_residential_DeskPortraitC_02/materials/textures/aws_DeskPortraitC_01.png
[0.655s] -- Up-to-date: /home/eeiww/ud90uhak/bumperbot_ws/src/install/bumperbot_description/share/bumperbot_description/models/aws_robomaker_residential_DeskPortraitC_02/materials/textures/aws_DeskPortraitC_02.png
[0.656s] -- Up-to-date: /home/eeiww/ud90uhak/bumperbot_ws/src/install/bumperbot_description/share/bumperbot_description/models/aws_robomaker_warehouse_PalletJackB_01
[0.659s] -- Up-to-date: /home/eeiww/ud90uhak/bumperbot_ws/src/install/bumperbot_description/share/bumperbot_description/models/aws_robomaker_warehouse_PalletJackB_01/meshes
[0.662s] -- Up-to-date: /home/eeiww/ud90uhak/bumperbot_ws/src/install/bumperbot_description/share/bumperbot_description/models/aws_robomaker_warehouse_PalletJackB_01/meshes/aws_robomaker_warehouse_PalletJackB_01_collision.DAE
[0.663s] -- Up-to-date: /home/eeiww/ud90uhak/bumperbot_ws/src/install/bumperbot_description/share/bumperbot_description/models/aws_robomaker_warehouse_PalletJackB_01/meshes/aws_robomaker_warehouse_PalletJackB_01_visual.DAE
[0.664s] -- Up-to-date: /home/eeiww/ud90uhak/bumperbot_ws/src/install/bumperbot_description/share/bumperbot_description/models/aws_robomaker_warehouse_PalletJackB_01/model.sdf
[0.665s] -- Up-to-date: /home/eeiww/ud90uhak/bumperbot_ws/src/install/bumperbot_description/share/bumperbot_description/models/aws_robomaker_warehouse_PalletJackB_01/.DS_Store
[0.667s] -- Up-to-date: /home/eeiww/ud90uhak/bumperbot_ws/src/install/bumperbot_description/share/bumperbot_description/models/aws_robomaker_warehouse_PalletJackB_01/model.config
[0.667s] -- Up-to-date: /home/eeiww/ud90uhak/bumperbot_ws/src/install/bumperbot_description/share/bumperbot_description/models/aws_robomaker_warehouse_PalletJackB_01/materials
[0.669s] -- Up-to-date: /home/eeiww/ud90uhak/bumperbot_ws/src/install/bumperbot_description/share/bumperbot_description/models/aws_robomaker_warehouse_PalletJackB_01/materials/textures
[0.671s] -- Up-to-date: /home/eeiww/ud90uhak/bumperbot_ws/src/install/bumperbot_description/share/bumperbot_description/models/aws_robomaker_warehouse_PalletJackB_01/materials/textures/aws_robomaker_warehouse_PalletJackB_02.png
[0.672s] -- Up-to-date: /home/eeiww/ud90uhak/bumperbot_ws/src/install/bumperbot_description/share/bumperbot_description/models/aws_robomaker_warehouse_PalletJackB_01/materials/textures/aws_robomaker_warehouse_PalletJackB_01.png
[0.673s] -- Up-to-date: /home/eeiww/ud90uhak/bumperbot_ws/src/install/bumperbot_description/share/bumperbot_description/models/aws_robomaker_warehouse_PalletJackB_01/materials/.DS_Store
[0.673s] -- Up-to-date: /home/eeiww/ud90uhak/bumperbot_ws/src/install/bumperbot_description/share/bumperbot_description/models/aws_robomaker_residential_CoffeeTable_01
[0.675s] -- Up-to-date: /home/eeiww/ud90uhak/bumperbot_ws/src/install/bumperbot_description/share/bumperbot_description/models/aws_robomaker_residential_CoffeeTable_01/meshes
[0.677s] -- Up-to-date: /home/eeiww/ud90uhak/bumperbot_ws/src/install/bumperbot_description/share/bumperbot_description/models/aws_robomaker_residential_CoffeeTable_01/meshes/aws_CoffeeTable_01_visual.DAE
[0.678s] -- Up-to-date: /home/eeiww/ud90uhak/bumperbot_ws/src/install/bumperbot_description/share/bumperbot_description/models/aws_robomaker_residential_CoffeeTable_01/meshes/aws_CoffeeTable_01_collision.DAE
[0.679s] -- Up-to-date: /home/eeiww/ud90uhak/bumperbot_ws/src/install/bumperbot_description/share/bumperbot_description/models/aws_robomaker_residential_CoffeeTable_01/model.sdf
[0.680s] -- Up-to-date: /home/eeiww/ud90uhak/bumperbot_ws/src/install/bumperbot_description/share/bumperbot_description/models/aws_robomaker_residential_CoffeeTable_01/model.config
[0.680s] -- Up-to-date: /home/eeiww/ud90uhak/bumperbot_ws/src/install/bumperbot_description/share/bumperbot_description/models/aws_robomaker_residential_CoffeeTable_01/materials
[0.682s] -- Up-to-date: /home/eeiww/ud90uhak/bumperbot_ws/src/install/bumperbot_description/share/bumperbot_description/models/aws_robomaker_residential_CoffeeTable_01/materials/textures
[0.683s] -- Up-to-date: /home/eeiww/ud90uhak/bumperbot_ws/src/install/bumperbot_description/share/bumperbot_description/models/aws_robomaker_residential_CoffeeTable_01/materials/textures/aws_CoffeeTable_01.png
[0.684s] -- Up-to-date: /home/eeiww/ud90uhak/bumperbot_ws/src/install/bumperbot_description/share/bumperbot_description/models/aws_robomaker_residential_ReadingDesk_01
[0.685s] -- Up-to-date: /home/eeiww/ud90uhak/bumperbot_ws/src/install/bumperbot_description/share/bumperbot_description/models/aws_robomaker_residential_ReadingDesk_01/meshes
[0.687s] -- Up-to-date: /home/eeiww/ud90uhak/bumperbot_ws/src/install/bumperbot_description/share/bumperbot_description/models/aws_robomaker_residential_ReadingDesk_01/meshes/aws_ReadingDesk_01_visual.DAE
[0.688s] -- Up-to-date: /home/eeiww/ud90uhak/bumperbot_ws/src/install/bumperbot_description/share/bumperbot_description/models/aws_robomaker_residential_ReadingDesk_01/meshes/aws_ReadingDesk_01_collision.DAE
[0.689s] -- Up-to-date: /home/eeiww/ud90uhak/bumperbot_ws/src/install/bumperbot_description/share/bumperbot_description/models/aws_robomaker_residential_ReadingDesk_01/model.sdf
[0.690s] -- Up-to-date: /home/eeiww/ud90uhak/bumperbot_ws/src/install/bumperbot_description/share/bumperbot_description/models/aws_robomaker_residential_ReadingDesk_01/model.config
[0.690s] -- Up-to-date: /home/eeiww/ud90uhak/bumperbot_ws/src/install/bumperbot_description/share/bumperbot_description/models/aws_robomaker_residential_ReadingDesk_01/materials
[0.692s] -- Up-to-date: /home/eeiww/ud90uhak/bumperbot_ws/src/install/bumperbot_description/share/bumperbot_description/models/aws_robomaker_residential_ReadingDesk_01/materials/textures
[0.694s] -- Up-to-date: /home/eeiww/ud90uhak/bumperbot_ws/src/install/bumperbot_description/share/bumperbot_description/models/aws_robomaker_residential_ReadingDesk_01/materials/textures/aws_ReadingDesk_01.png
[0.694s] -- Up-to-date: /home/eeiww/ud90uhak/bumperbot_ws/src/install/bumperbot_description/share/bumperbot_description/models/aws_robomaker_residential_RoomWindow_01
[0.696s] -- Up-to-date: /home/eeiww/ud90uhak/bumperbot_ws/src/install/bumperbot_description/share/bumperbot_description/models/aws_robomaker_residential_RoomWindow_01/meshes
[0.698s] -- Up-to-date: /home/eeiww/ud90uhak/bumperbot_ws/src/install/bumperbot_description/share/bumperbot_description/models/aws_robomaker_residential_RoomWindow_01/meshes/aws_RoomWindow_01_visual.DAE
[0.699s] -- Up-to-date: /home/eeiww/ud90uhak/bumperbot_ws/src/install/bumperbot_description/share/bumperbot_description/models/aws_robomaker_residential_RoomWindow_01/meshes/aws_RoomWindow_01_collision.DAE
[0.700s] -- Up-to-date: /home/eeiww/ud90uhak/bumperbot_ws/src/install/bumperbot_description/share/bumperbot_description/models/aws_robomaker_residential_RoomWindow_01/model.sdf
[0.701s] -- Up-to-date: /home/eeiww/ud90uhak/bumperbot_ws/src/install/bumperbot_description/share/bumperbot_description/models/aws_robomaker_residential_RoomWindow_01/model.config
[0.701s] -- Up-to-date: /home/eeiww/ud90uhak/bumperbot_ws/src/install/bumperbot_description/share/bumperbot_description/models/aws_robomaker_residential_RoomWindow_01/materials
[0.703s] -- Up-to-date: /home/eeiww/ud90uhak/bumperbot_ws/src/install/bumperbot_description/share/bumperbot_description/models/aws_robomaker_residential_RoomWindow_01/materials/textures
[0.706s] -- Up-to-date: /home/eeiww/ud90uhak/bumperbot_ws/src/install/bumperbot_description/share/bumperbot_description/models/aws_robomaker_residential_RoomWindow_01/materials/textures/aws_RoomWindow_01.png
[0.706s] -- Up-to-date: /home/eeiww/ud90uhak/bumperbot_ws/src/install/bumperbot_description/share/bumperbot_description/models/aws_robomaker_residential_Bed_01
[0.709s] -- Up-to-date: /home/eeiww/ud90uhak/bumperbot_ws/src/install/bumperbot_description/share/bumperbot_description/models/aws_robomaker_residential_Bed_01/meshes
[0.712s] -- Up-to-date: /home/eeiww/ud90uhak/bumperbot_ws/src/install/bumperbot_description/share/bumperbot_description/models/aws_robomaker_residential_Bed_01/meshes/aws_Bed_01_collision.DAE
[0.713s] -- Up-to-date: /home/eeiww/ud90uhak/bumperbot_ws/src/install/bumperbot_description/share/bumperbot_description/models/aws_robomaker_residential_Bed_01/meshes/aws_Bed_01_visual.DAE
[0.714s] -- Up-to-date: /home/eeiww/ud90uhak/bumperbot_ws/src/install/bumperbot_description/share/bumperbot_description/models/aws_robomaker_residential_Bed_01/model.sdf
[0.715s] -- Up-to-date: /home/eeiww/ud90uhak/bumperbot_ws/src/install/bumperbot_description/share/bumperbot_description/models/aws_robomaker_residential_Bed_01/model.config
[0.716s] -- Up-to-date: /home/eeiww/ud90uhak/bumperbot_ws/src/install/bumperbot_description/share/bumperbot_description/models/aws_robomaker_residential_Bed_01/materials
[0.718s] -- Up-to-date: /home/eeiww/ud90uhak/bumperbot_ws/src/install/bumperbot_description/share/bumperbot_description/models/aws_robomaker_residential_Bed_01/materials/textures
[0.721s] -- Up-to-date: /home/eeiww/ud90uhak/bumperbot_ws/src/install/bumperbot_description/share/bumperbot_description/models/aws_robomaker_residential_Bed_01/materials/textures/aws_BedB_01.png
[0.722s] -- Up-to-date: /home/eeiww/ud90uhak/bumperbot_ws/src/install/bumperbot_description/share/bumperbot_description/models/aws_robomaker_residential_Bed_01/materials/textures/aws_Bed_01.png
[0.723s] -- Up-to-date: /home/eeiww/ud90uhak/bumperbot_ws/src/install/bumperbot_description/share/bumperbot_description/models/aws_robomaker_residential_Bed_01/materials/textures/aws_BedC_01.png
[0.724s] -- Up-to-date: /home/eeiww/ud90uhak/bumperbot_ws/src/install/bumperbot_description/share/bumperbot_description/models/aws_robomaker_residential_Bed_01/materials/textures/aws_BedA_01.png
[0.725s] -- Up-to-date: /home/eeiww/ud90uhak/bumperbot_ws/src/install/bumperbot_description/share/bumperbot_description/models/aws_robomaker_residential_ChairA_01
[0.726s] -- Up-to-date: /home/eeiww/ud90uhak/bumperbot_ws/src/install/bumperbot_description/share/bumperbot_description/models/aws_robomaker_residential_ChairA_01/meshes
[0.729s] -- Up-to-date: /home/eeiww/ud90uhak/bumperbot_ws/src/install/bumperbot_description/share/bumperbot_description/models/aws_robomaker_residential_ChairA_01/meshes/aws_ChairA_01_visual.DAE
[0.730s] -- Up-to-date: /home/eeiww/ud90uhak/bumperbot_ws/src/install/bumperbot_description/share/bumperbot_description/models/aws_robomaker_residential_ChairA_01/meshes/aws_ChairA_01_collision.DAE
[0.731s] -- Up-to-date: /home/eeiww/ud90uhak/bumperbot_ws/src/install/bumperbot_description/share/bumperbot_description/models/aws_robomaker_residential_ChairA_01/model.sdf
[0.732s] -- Up-to-date: /home/eeiww/ud90uhak/bumperbot_ws/src/install/bumperbot_description/share/bumperbot_description/models/aws_robomaker_residential_ChairA_01/model.config
[0.733s] -- Up-to-date: /home/eeiww/ud90uhak/bumperbot_ws/src/install/bumperbot_description/share/bumperbot_description/models/aws_robomaker_residential_ChairA_01/materials
[0.735s] -- Up-to-date: /home/eeiww/ud90uhak/bumperbot_ws/src/install/bumperbot_description/share/bumperbot_description/models/aws_robomaker_residential_ChairA_01/materials/textures
[0.737s] -- Up-to-date: /home/eeiww/ud90uhak/bumperbot_ws/src/install/bumperbot_description/share/bumperbot_description/models/aws_robomaker_residential_ChairA_01/materials/textures/aws_ChairA_01.png
[0.737s] -- Up-to-date: /home/eeiww/ud90uhak/bumperbot_ws/src/install/bumperbot_description/share/bumperbot_description/models/aws_robomaker_warehouse_ShelfE_01
[0.739s] -- Up-to-date: /home/eeiww/ud90uhak/bumperbot_ws/src/install/bumperbot_description/share/bumperbot_description/models/aws_robomaker_warehouse_ShelfE_01/meshes
[0.741s] -- Up-to-date: /home/eeiww/ud90uhak/bumperbot_ws/src/install/bumperbot_description/share/bumperbot_description/models/aws_robomaker_warehouse_ShelfE_01/meshes/aws_robomaker_warehouse_ShelfE_01_collision.DAE
[0.742s] -- Up-to-date: /home/eeiww/ud90uhak/bumperbot_ws/src/install/bumperbot_description/share/bumperbot_description/models/aws_robomaker_warehouse_ShelfE_01/meshes/aws_robomaker_warehouse_ShelfE_01_visual.DAE
[0.743s] -- Up-to-date: /home/eeiww/ud90uhak/bumperbot_ws/src/install/bumperbot_description/share/bumperbot_description/models/aws_robomaker_warehouse_ShelfE_01/model.sdf
[0.744s] -- Up-to-date: /home/eeiww/ud90uhak/bumperbot_ws/src/install/bumperbot_description/share/bumperbot_description/models/aws_robomaker_warehouse_ShelfE_01/.DS_Store
[0.745s] -- Up-to-date: /home/eeiww/ud90uhak/bumperbot_ws/src/install/bumperbot_description/share/bumperbot_description/models/aws_robomaker_warehouse_ShelfE_01/model.config
[0.746s] -- Up-to-date: /home/eeiww/ud90uhak/bumperbot_ws/src/install/bumperbot_description/share/bumperbot_description/models/aws_robomaker_warehouse_ShelfE_01/materials
[0.748s] -- Up-to-date: /home/eeiww/ud90uhak/bumperbot_ws/src/install/bumperbot_description/share/bumperbot_description/models/aws_robomaker_warehouse_ShelfE_01/materials/textures
[0.751s] -- Up-to-date: /home/eeiww/ud90uhak/bumperbot_ws/src/install/bumperbot_description/share/bumperbot_description/models/aws_robomaker_warehouse_ShelfE_01/materials/textures/aws_robomaker_warehouse_ShelfE_03.png
[0.752s] -- Up-to-date: /home/eeiww/ud90uhak/bumperbot_ws/src/install/bumperbot_description/share/bumperbot_description/models/aws_robomaker_warehouse_ShelfE_01/materials/textures/aws_robomaker_warehouse_ShelfE_01.png
[0.753s] -- Up-to-date: /home/eeiww/ud90uhak/bumperbot_ws/src/install/bumperbot_description/share/bumperbot_description/models/aws_robomaker_warehouse_ShelfE_01/materials/textures/aws_robomaker_warehouse_ShelfE_04.png
[0.754s] -- Up-to-date: /home/eeiww/ud90uhak/bumperbot_ws/src/install/bumperbot_description/share/bumperbot_description/models/aws_robomaker_warehouse_ShelfE_01/materials/textures/aws_robomaker_warehouse_ShelfE_02.png
[0.755s] -- Up-to-date: /home/eeiww/ud90uhak/bumperbot_ws/src/install/bumperbot_description/share/bumperbot_description/models/aws_robomaker_warehouse_ShelfE_01/materials/.DS_Store
[0.756s] -- Up-to-date: /home/eeiww/ud90uhak/bumperbot_ws/src/install/bumperbot_description/share/bumperbot_description/models/aws_robomaker_residential_Handle_01
[0.757s] -- Up-to-date: /home/eeiww/ud90uhak/bumperbot_ws/src/install/bumperbot_description/share/bumperbot_description/models/aws_robomaker_residential_Handle_01/meshes
[0.759s] -- Up-to-date: /home/eeiww/ud90uhak/bumperbot_ws/src/install/bumperbot_description/share/bumperbot_description/models/aws_robomaker_residential_Handle_01/meshes/aws_ handle_01_collision.DAE
[0.760s] -- Up-to-date: /home/eeiww/ud90uhak/bumperbot_ws/src/install/bumperbot_description/share/bumperbot_description/models/aws_robomaker_residential_Handle_01/meshes/aws_Handle_01_visual.DAE
[0.766s] -- Up-to-date: /home/eeiww/ud90uhak/bumperbot_ws/src/install/bumperbot_description/share/bumperbot_description/models/aws_robomaker_residential_Handle_01/meshes/aws_Handle_01_collision.DAE
[0.766s] -- Up-to-date: /home/eeiww/ud90uhak/bumperbot_ws/src/install/bumperbot_description/share/bumperbot_description/models/aws_robomaker_residential_Handle_01/model.sdf
[0.766s] -- Up-to-date: /home/eeiww/ud90uhak/bumperbot_ws/src/install/bumperbot_description/share/bumperbot_description/models/aws_robomaker_residential_Handle_01/model.config
[0.766s] -- Up-to-date: /home/eeiww/ud90uhak/bumperbot_ws/src/install/bumperbot_description/share/bumperbot_description/models/aws_robomaker_residential_Handle_01/materials
[0.766s] -- Up-to-date: /home/eeiww/ud90uhak/bumperbot_ws/src/install/bumperbot_description/share/bumperbot_description/models/aws_robomaker_residential_Handle_01/materials/textures
[0.769s] -- Up-to-date: /home/eeiww/ud90uhak/bumperbot_ws/src/install/bumperbot_description/share/bumperbot_description/models/aws_robomaker_residential_Handle_01/materials/textures/aws_Handle_01.png
[0.774s] -- Up-to-date: /home/eeiww/ud90uhak/bumperbot_ws/src/install/bumperbot_description/share/bumperbot_description/models/aws_robomaker_warehouse_GroundB_01
[0.778s] -- Up-to-date: /home/eeiww/ud90uhak/bumperbot_ws/src/install/bumperbot_description/share/bumperbot_description/models/aws_robomaker_warehouse_GroundB_01/meshes
[0.778s] -- Up-to-date: /home/eeiww/ud90uhak/bumperbot_ws/src/install/bumperbot_description/share/bumperbot_description/models/aws_robomaker_warehouse_GroundB_01/meshes/aws_robomaker_warehouse_GroundB_01_visual.DAE
[0.778s] -- Up-to-date: /home/eeiww/ud90uhak/bumperbot_ws/src/install/bumperbot_description/share/bumperbot_description/models/aws_robomaker_warehouse_GroundB_01/meshes/aws_robomaker_warehouse_GroundB_01_collision.DAE
[0.779s] -- Up-to-date: /home/eeiww/ud90uhak/bumperbot_ws/src/install/bumperbot_description/share/bumperbot_description/models/aws_robomaker_warehouse_GroundB_01/model.sdf
[0.779s] -- Up-to-date: /home/eeiww/ud90uhak/bumperbot_ws/src/install/bumperbot_description/share/bumperbot_description/models/aws_robomaker_warehouse_GroundB_01/model.config
[0.779s] -- Up-to-date: /home/eeiww/ud90uhak/bumperbot_ws/src/install/bumperbot_description/share/bumperbot_description/models/aws_robomaker_warehouse_GroundB_01/materials
[0.781s] -- Up-to-date: /home/eeiww/ud90uhak/bumperbot_ws/src/install/bumperbot_description/share/bumperbot_description/models/aws_robomaker_warehouse_GroundB_01/materials/textures
[0.786s] -- Up-to-date: /home/eeiww/ud90uhak/bumperbot_ws/src/install/bumperbot_description/share/bumperbot_description/models/aws_robomaker_warehouse_GroundB_01/materials/textures/aws_robomaker_warehouse_GroundB_01.png
[0.786s] -- Up-to-date: /home/eeiww/ud90uhak/bumperbot_ws/src/install/bumperbot_description/share/bumperbot_description/models/aws_robomaker_warehouse_GroundB_01/materials/textures/aws_robomaker_warehouse_GroundB_02.png
[0.787s] -- Up-to-date: /home/eeiww/ud90uhak/bumperbot_ws/src/install/bumperbot_description/share/bumperbot_description/models/aws_robomaker_residential_DeskPortraitB_02
[0.789s] -- Up-to-date: /home/eeiww/ud90uhak/bumperbot_ws/src/install/bumperbot_description/share/bumperbot_description/models/aws_robomaker_residential_DeskPortraitB_02/meshes
[0.792s] -- Up-to-date: /home/eeiww/ud90uhak/bumperbot_ws/src/install/bumperbot_description/share/bumperbot_description/models/aws_robomaker_residential_DeskPortraitB_02/meshes/aws_DeskPortraitB_01_visual.DAE
[0.793s] -- Up-to-date: /home/eeiww/ud90uhak/bumperbot_ws/src/install/bumperbot_description/share/bumperbot_description/models/aws_robomaker_residential_DeskPortraitB_02/meshes/aws_DeskPortraitB_01_collision.DAE
[0.794s] -- Up-to-date: /home/eeiww/ud90uhak/bumperbot_ws/src/install/bumperbot_description/share/bumperbot_description/models/aws_robomaker_residential_DeskPortraitB_02/model.sdf
[0.795s] -- Up-to-date: /home/eeiww/ud90uhak/bumperbot_ws/src/install/bumperbot_description/share/bumperbot_description/models/aws_robomaker_residential_DeskPortraitB_02/model.config
[0.795s] -- Up-to-date: /home/eeiww/ud90uhak/bumperbot_ws/src/install/bumperbot_description/share/bumperbot_description/models/aws_robomaker_residential_DeskPortraitB_02/materials
[0.797s] -- Up-to-date: /home/eeiww/ud90uhak/bumperbot_ws/src/install/bumperbot_description/share/bumperbot_description/models/aws_robomaker_residential_DeskPortraitB_02/materials/textures
[0.799s] -- Up-to-date: /home/eeiww/ud90uhak/bumperbot_ws/src/install/bumperbot_description/share/bumperbot_description/models/aws_robomaker_residential_DeskPortraitB_02/materials/textures/aws_DeskPortraitB_01.png
[0.800s] -- Up-to-date: /home/eeiww/ud90uhak/bumperbot_ws/src/install/bumperbot_description/share/bumperbot_description/models/aws_robomaker_residential_DeskPortraitB_02/materials/textures/aws_DeskPortraitB_02.png
[0.801s] -- Up-to-date: /home/eeiww/ud90uhak/bumperbot_ws/src/install/bumperbot_description/share/bumperbot_description/models/aws_robomaker_residential_FloorB_01
[0.802s] -- Up-to-date: /home/eeiww/ud90uhak/bumperbot_ws/src/install/bumperbot_description/share/bumperbot_description/models/aws_robomaker_residential_FloorB_01/meshes
[0.805s] -- Up-to-date: /home/eeiww/ud90uhak/bumperbot_ws/src/install/bumperbot_description/share/bumperbot_description/models/aws_robomaker_residential_FloorB_01/meshes/aws_FloorB_01_visual.DAE
[0.806s] -- Up-to-date: /home/eeiww/ud90uhak/bumperbot_ws/src/install/bumperbot_description/share/bumperbot_description/models/aws_robomaker_residential_FloorB_01/meshes/aws_FloorB_01_collision.DAE
[0.807s] -- Up-to-date: /home/eeiww/ud90uhak/bumperbot_ws/src/install/bumperbot_description/share/bumperbot_description/models/aws_robomaker_residential_FloorB_01/model.sdf
[0.808s] -- Up-to-date: /home/eeiww/ud90uhak/bumperbot_ws/src/install/bumperbot_description/share/bumperbot_description/models/aws_robomaker_residential_FloorB_01/model.config
[0.808s] -- Up-to-date: /home/eeiww/ud90uhak/bumperbot_ws/src/install/bumperbot_description/share/bumperbot_description/models/aws_robomaker_residential_FloorB_01/materials
[0.810s] -- Up-to-date: /home/eeiww/ud90uhak/bumperbot_ws/src/install/bumperbot_description/share/bumperbot_description/models/aws_robomaker_residential_FloorB_01/materials/textures
[0.812s] -- Up-to-date: /home/eeiww/ud90uhak/bumperbot_ws/src/install/bumperbot_description/share/bumperbot_description/models/aws_robomaker_residential_FloorB_01/materials/textures/aws_FloorB_01.png
[0.813s] -- Up-to-date: /home/eeiww/ud90uhak/bumperbot_ws/src/install/bumperbot_description/share/bumperbot_description/models/aws_robomaker_residential_Carpet_01
[0.815s] -- Up-to-date: /home/eeiww/ud90uhak/bumperbot_ws/src/install/bumperbot_description/share/bumperbot_description/models/aws_robomaker_residential_Carpet_01/meshes
[0.817s] -- Up-to-date: /home/eeiww/ud90uhak/bumperbot_ws/src/install/bumperbot_description/share/bumperbot_description/models/aws_robomaker_residential_Carpet_01/meshes/aws_Carpet_01_visual.DAE
[0.818s] -- Up-to-date: /home/eeiww/ud90uhak/bumperbot_ws/src/install/bumperbot_description/share/bumperbot_description/models/aws_robomaker_residential_Carpet_01/meshes/aws_Carpet_01_collision.DAE
[0.819s] -- Up-to-date: /home/eeiww/ud90uhak/bumperbot_ws/src/install/bumperbot_description/share/bumperbot_description/models/aws_robomaker_residential_Carpet_01/model.sdf
[0.819s] -- Up-to-date: /home/eeiww/ud90uhak/bumperbot_ws/src/install/bumperbot_description/share/bumperbot_description/models/aws_robomaker_residential_Carpet_01/model.config
[0.820s] -- Up-to-date: /home/eeiww/ud90uhak/bumperbot_ws/src/install/bumperbot_description/share/bumperbot_description/models/aws_robomaker_residential_Carpet_01/materials
[0.822s] -- Up-to-date: /home/eeiww/ud90uhak/bumperbot_ws/src/install/bumperbot_description/share/bumperbot_description/models/aws_robomaker_residential_Carpet_01/materials/textures
[0.824s] -- Up-to-date: /home/eeiww/ud90uhak/bumperbot_ws/src/install/bumperbot_description/share/bumperbot_description/models/aws_robomaker_residential_Carpet_01/materials/textures/aws_Carpet_01.png
[0.824s] -- Up-to-date: /home/eeiww/ud90uhak/bumperbot_ws/src/install/bumperbot_description/share/bumperbot_description/models/aws_robomaker_warehouse_ShelfF_01
[0.826s] -- Up-to-date: /home/eeiww/ud90uhak/bumperbot_ws/src/install/bumperbot_description/share/bumperbot_description/models/aws_robomaker_warehouse_ShelfF_01/meshes
[0.828s] -- Up-to-date: /home/eeiww/ud90uhak/bumperbot_ws/src/install/bumperbot_description/share/bumperbot_description/models/aws_robomaker_warehouse_ShelfF_01/meshes/aws_robomaker_warehouse_ShelfF_01_visual.DAE
[0.829s] -- Up-to-date: /home/eeiww/ud90uhak/bumperbot_ws/src/install/bumperbot_description/share/bumperbot_description/models/aws_robomaker_warehouse_ShelfF_01/meshes/aws_robomaker_warehouse_ShelfF_01_collision.DAE
[0.830s] -- Up-to-date: /home/eeiww/ud90uhak/bumperbot_ws/src/install/bumperbot_description/share/bumperbot_description/models/aws_robomaker_warehouse_ShelfF_01/model.sdf
[0.831s] -- Up-to-date: /home/eeiww/ud90uhak/bumperbot_ws/src/install/bumperbot_description/share/bumperbot_description/models/aws_robomaker_warehouse_ShelfF_01/model.config
[0.833s] -- Up-to-date: /home/eeiww/ud90uhak/bumperbot_ws/src/install/bumperbot_description/share/bumperbot_description/models/aws_robomaker_warehouse_ShelfF_01/materials
[0.833s] -- Up-to-date: /home/eeiww/ud90uhak/bumperbot_ws/src/install/bumperbot_description/share/bumperbot_description/models/aws_robomaker_warehouse_ShelfF_01/materials/textures
[0.836s] -- Up-to-date: /home/eeiww/ud90uhak/bumperbot_ws/src/install/bumperbot_description/share/bumperbot_description/models/aws_robomaker_warehouse_ShelfF_01/materials/textures/aws_robomaker_warehouse_ShelfF_03.png
[0.837s] -- Up-to-date: /home/eeiww/ud90uhak/bumperbot_ws/src/install/bumperbot_description/share/bumperbot_description/models/aws_robomaker_warehouse_ShelfF_01/materials/textures/aws_robomaker_warehouse_ShelfF_02.png
[0.838s] -- Up-to-date: /home/eeiww/ud90uhak/bumperbot_ws/src/install/bumperbot_description/share/bumperbot_description/models/aws_robomaker_warehouse_ShelfF_01/materials/textures/aws_robomaker_warehouse_ShelfF_01.png
[0.839s] -- Up-to-date: /home/eeiww/ud90uhak/bumperbot_ws/src/install/bumperbot_description/share/bumperbot_description/models/aws_robomaker_residential_PortraitC_01
[0.841s] -- Up-to-date: /home/eeiww/ud90uhak/bumperbot_ws/src/install/bumperbot_description/share/bumperbot_description/models/aws_robomaker_residential_PortraitC_01/meshes
[0.843s] -- Up-to-date: /home/eeiww/ud90uhak/bumperbot_ws/src/install/bumperbot_description/share/bumperbot_description/models/aws_robomaker_residential_PortraitC_01/meshes/aws_PortraitC_01_visual.DAE
[0.844s] -- Up-to-date: /home/eeiww/ud90uhak/bumperbot_ws/src/install/bumperbot_description/share/bumperbot_description/models/aws_robomaker_residential_PortraitC_01/meshes/aws_PortraitC_01_collision.DAE
[0.846s] -- Up-to-date: /home/eeiww/ud90uhak/bumperbot_ws/src/install/bumperbot_description/share/bumperbot_description/models/aws_robomaker_residential_PortraitC_01/model.sdf
[0.851s] -- Up-to-date: /home/eeiww/ud90uhak/bumperbot_ws/src/install/bumperbot_description/share/bumperbot_description/models/aws_robomaker_residential_PortraitC_01/model.config
[0.851s] -- Up-to-date: /home/eeiww/ud90uhak/bumperbot_ws/src/install/bumperbot_description/share/bumperbot_description/models/aws_robomaker_residential_PortraitC_01/materials
[0.851s] -- Up-to-date: /home/eeiww/ud90uhak/bumperbot_ws/src/install/bumperbot_description/share/bumperbot_description/models/aws_robomaker_residential_PortraitC_01/materials/textures
[0.851s] -- Up-to-date: /home/eeiww/ud90uhak/bumperbot_ws/src/install/bumperbot_description/share/bumperbot_description/models/aws_robomaker_residential_PortraitC_01/materials/textures/aws_PortraitC_02.png
[0.854s] -- Up-to-date: /home/eeiww/ud90uhak/bumperbot_ws/src/install/bumperbot_description/share/bumperbot_description/models/aws_robomaker_residential_PortraitC_01/materials/textures/aws_PortraitC_01.png
[0.854s] -- Up-to-date: /home/eeiww/ud90uhak/bumperbot_ws/src/install/bumperbot_description/share/bumperbot_description/models/aws_robomaker_residential_RoomCeiling_01
[0.857s] -- Up-to-date: /home/eeiww/ud90uhak/bumperbot_ws/src/install/bumperbot_description/share/bumperbot_description/models/aws_robomaker_residential_RoomCeiling_01/meshes
[0.858s] -- Up-to-date: /home/eeiww/ud90uhak/bumperbot_ws/src/install/bumperbot_description/share/bumperbot_description/models/aws_robomaker_residential_RoomCeiling_01/meshes/aws_RoomCeiling_01_collision.DAE
[0.859s] -- Up-to-date: /home/eeiww/ud90uhak/bumperbot_ws/src/install/bumperbot_description/share/bumperbot_description/models/aws_robomaker_residential_RoomCeiling_01/meshes/aws_RoomCeiling_01_visual.DAE
[0.860s] -- Up-to-date: /home/eeiww/ud90uhak/bumperbot_ws/src/install/bumperbot_description/share/bumperbot_description/models/aws_robomaker_residential_RoomCeiling_01/model.sdf
[0.861s] -- Up-to-date: /home/eeiww/ud90uhak/bumperbot_ws/src/install/bumperbot_description/share/bumperbot_description/models/aws_robomaker_residential_RoomCeiling_01/model.config
[0.862s] -- Up-to-date: /home/eeiww/ud90uhak/bumperbot_ws/src/install/bumperbot_description/share/bumperbot_description/models/aws_robomaker_residential_RoomCeiling_01/materials
[0.864s] -- Up-to-date: /home/eeiww/ud90uhak/bumperbot_ws/src/install/bumperbot_description/share/bumperbot_description/models/aws_robomaker_residential_RoomCeiling_01/materials/textures
[0.866s] -- Up-to-date: /home/eeiww/ud90uhak/bumperbot_ws/src/install/bumperbot_description/share/bumperbot_description/models/aws_robomaker_residential_RoomCeiling_01/materials/textures/aws_RoomCeiling_01.png
[0.869s] -- Up-to-date: /home/eeiww/ud90uhak/bumperbot_ws/src/install/bumperbot_description/share/bumperbot_description/models/aws_robomaker_residential_TV_01
[0.870s] -- Up-to-date: /home/eeiww/ud90uhak/bumperbot_ws/src/install/bumperbot_description/share/bumperbot_description/models/aws_robomaker_residential_TV_01/meshes
[0.872s] -- Up-to-date: /home/eeiww/ud90uhak/bumperbot_ws/src/install/bumperbot_description/share/bumperbot_description/models/aws_robomaker_residential_TV_01/meshes/aws_TV_01_visual.DAE
[0.873s] -- Up-to-date: /home/eeiww/ud90uhak/bumperbot_ws/src/install/bumperbot_description/share/bumperbot_description/models/aws_robomaker_residential_TV_01/meshes/aws_TV_01_collision.DAE
[0.874s] -- Up-to-date: /home/eeiww/ud90uhak/bumperbot_ws/src/install/bumperbot_description/share/bumperbot_description/models/aws_robomaker_residential_TV_01/model.sdf
[0.875s] -- Up-to-date: /home/eeiww/ud90uhak/bumperbot_ws/src/install/bumperbot_description/share/bumperbot_description/models/aws_robomaker_residential_TV_01/model.config
[0.876s] -- Up-to-date: /home/eeiww/ud90uhak/bumperbot_ws/src/install/bumperbot_description/share/bumperbot_description/models/aws_robomaker_residential_TV_01/materials
[0.878s] -- Up-to-date: /home/eeiww/ud90uhak/bumperbot_ws/src/install/bumperbot_description/share/bumperbot_description/models/aws_robomaker_residential_TV_01/materials/textures
[0.880s] -- Up-to-date: /home/eeiww/ud90uhak/bumperbot_ws/src/install/bumperbot_description/share/bumperbot_description/models/aws_robomaker_residential_TV_01/materials/textures/aws_TV_01.png
[0.881s] -- Up-to-date: /home/eeiww/ud90uhak/bumperbot_ws/src/install/bumperbot_description/share/bumperbot_description/models/aws_robomaker_residential_AirconditionerB_01
[0.883s] -- Up-to-date: /home/eeiww/ud90uhak/bumperbot_ws/src/install/bumperbot_description/share/bumperbot_description/models/aws_robomaker_residential_AirconditionerB_01/meshes
[0.885s] -- Up-to-date: /home/eeiww/ud90uhak/bumperbot_ws/src/install/bumperbot_description/share/bumperbot_description/models/aws_robomaker_residential_AirconditionerB_01/meshes/aws_AirconditionerB_01_visual.DAE
[0.886s] -- Up-to-date: /home/eeiww/ud90uhak/bumperbot_ws/src/install/bumperbot_description/share/bumperbot_description/models/aws_robomaker_residential_AirconditionerB_01/meshes/aws_AirconditionerB_01_collision.DAE
[0.887s] -- Up-to-date: /home/eeiww/ud90uhak/bumperbot_ws/src/install/bumperbot_description/share/bumperbot_description/models/aws_robomaker_residential_AirconditionerB_01/model.sdf
[0.888s] -- Up-to-date: /home/eeiww/ud90uhak/bumperbot_ws/src/install/bumperbot_description/share/bumperbot_description/models/aws_robomaker_residential_AirconditionerB_01/model.config
[0.888s] -- Up-to-date: /home/eeiww/ud90uhak/bumperbot_ws/src/install/bumperbot_description/share/bumperbot_description/models/aws_robomaker_residential_AirconditionerB_01/materials
[0.890s] -- Up-to-date: /home/eeiww/ud90uhak/bumperbot_ws/src/install/bumperbot_description/share/bumperbot_description/models/aws_robomaker_residential_AirconditionerB_01/materials/textures
[0.892s] -- Up-to-date: /home/eeiww/ud90uhak/bumperbot_ws/src/install/bumperbot_description/share/bumperbot_description/models/aws_robomaker_residential_AirconditionerB_01/materials/textures/aws_AirconditionerB_01.png
[0.893s] -- Up-to-date: /home/eeiww/ud90uhak/bumperbot_ws/src/install/bumperbot_description/share/bumperbot_description/models/aws_robomaker_residential_ShoeRack_01
[0.895s] -- Up-to-date: /home/eeiww/ud90uhak/bumperbot_ws/src/install/bumperbot_description/share/bumperbot_description/models/aws_robomaker_residential_ShoeRack_01/meshes
[0.897s] -- Up-to-date: /home/eeiww/ud90uhak/bumperbot_ws/src/install/bumperbot_description/share/bumperbot_description/models/aws_robomaker_residential_ShoeRack_01/meshes/aws_ShoeRack_01_visual.DAE
[0.898s] -- Up-to-date: /home/eeiww/ud90uhak/bumperbot_ws/src/install/bumperbot_description/share/bumperbot_description/models/aws_robomaker_residential_ShoeRack_01/meshes/aws_ShoeRack_01_collision.DAE
[0.898s] -- Up-to-date: /home/eeiww/ud90uhak/bumperbot_ws/src/install/bumperbot_description/share/bumperbot_description/models/aws_robomaker_residential_ShoeRack_01/model.sdf
[0.899s] -- Up-to-date: /home/eeiww/ud90uhak/bumperbot_ws/src/install/bumperbot_description/share/bumperbot_description/models/aws_robomaker_residential_ShoeRack_01/model.config
[0.900s] -- Up-to-date: /home/eeiww/ud90uhak/bumperbot_ws/src/install/bumperbot_description/share/bumperbot_description/models/aws_robomaker_residential_ShoeRack_01/materials
[0.902s] -- Up-to-date: /home/eeiww/ud90uhak/bumperbot_ws/src/install/bumperbot_description/share/bumperbot_description/models/aws_robomaker_residential_ShoeRack_01/materials/textures
[0.904s] -- Up-to-date: /home/eeiww/ud90uhak/bumperbot_ws/src/install/bumperbot_description/share/bumperbot_description/models/aws_robomaker_residential_ShoeRack_01/materials/textures/aws_ShoeRack_01.png
[0.904s] -- Up-to-date: /home/eeiww/ud90uhak/bumperbot_ws/src/install/bumperbot_description/share/bumperbot_description/models/aws_robomaker_residential_HouseWallB_01
[0.906s] -- Up-to-date: /home/eeiww/ud90uhak/bumperbot_ws/src/install/bumperbot_description/share/bumperbot_description/models/aws_robomaker_residential_HouseWallB_01/meshes
[0.908s] -- Up-to-date: /home/eeiww/ud90uhak/bumperbot_ws/src/install/bumperbot_description/share/bumperbot_description/models/aws_robomaker_residential_HouseWallB_01/meshes/aws_HouseWallB_01_collision.DAE
[0.909s] -- Up-to-date: /home/eeiww/ud90uhak/bumperbot_ws/src/install/bumperbot_description/share/bumperbot_description/models/aws_robomaker_residential_HouseWallB_01/meshes/aws_HouseWallB_01_visual.DAE
[0.910s] -- Up-to-date: /home/eeiww/ud90uhak/bumperbot_ws/src/install/bumperbot_description/share/bumperbot_description/models/aws_robomaker_residential_HouseWallB_01/model.sdf
[0.911s] -- Up-to-date: /home/eeiww/ud90uhak/bumperbot_ws/src/install/bumperbot_description/share/bumperbot_description/models/aws_robomaker_residential_HouseWallB_01/model.config
[0.911s] -- Up-to-date: /home/eeiww/ud90uhak/bumperbot_ws/src/install/bumperbot_description/share/bumperbot_description/models/aws_robomaker_residential_HouseWallB_01/materials
[0.913s] -- Up-to-date: /home/eeiww/ud90uhak/bumperbot_ws/src/install/bumperbot_description/share/bumperbot_description/models/aws_robomaker_residential_HouseWallB_01/materials/textures
[0.915s] -- Up-to-date: /home/eeiww/ud90uhak/bumperbot_ws/src/install/bumperbot_description/share/bumperbot_description/models/aws_robomaker_residential_HouseWallB_01/materials/textures/aws_HouseWallB_01.png
[0.916s] -- Up-to-date: /home/eeiww/ud90uhak/bumperbot_ws/src/install/bumperbot_description/share/bumperbot_description/models/aws_robomaker_residential_Sofa_01
[0.917s] -- Up-to-date: /home/eeiww/ud90uhak/bumperbot_ws/src/install/bumperbot_description/share/bumperbot_description/models/aws_robomaker_residential_Sofa_01/meshes
[0.920s] -- Up-to-date: /home/eeiww/ud90uhak/bumperbot_ws/src/install/bumperbot_description/share/bumperbot_description/models/aws_robomaker_residential_Sofa_01/meshes/aws_Sofa_01_collision.DAE
[0.921s] -- Up-to-date: /home/eeiww/ud90uhak/bumperbot_ws/src/install/bumperbot_description/share/bumperbot_description/models/aws_robomaker_residential_Sofa_01/meshes/aws_Sofa_01.DAE
[0.921s] -- Up-to-date: /home/eeiww/ud90uhak/bumperbot_ws/src/install/bumperbot_description/share/bumperbot_description/models/aws_robomaker_residential_Sofa_01/meshes/aws_Sofa_01_visual.DAE
[0.922s] -- Up-to-date: /home/eeiww/ud90uhak/bumperbot_ws/src/install/bumperbot_description/share/bumperbot_description/models/aws_robomaker_residential_Sofa_01/model.sdf
[0.923s] -- Up-to-date: /home/eeiww/ud90uhak/bumperbot_ws/src/install/bumperbot_description/share/bumperbot_description/models/aws_robomaker_residential_Sofa_01/model.config
[0.924s] -- Up-to-date: /home/eeiww/ud90uhak/bumperbot_ws/src/install/bumperbot_description/share/bumperbot_description/models/aws_robomaker_residential_Sofa_01/materials
[0.926s] -- Up-to-date: /home/eeiww/ud90uhak/bumperbot_ws/src/install/bumperbot_description/share/bumperbot_description/models/aws_robomaker_residential_Sofa_01/materials/textures
[0.928s] -- Up-to-date: /home/eeiww/ud90uhak/bumperbot_ws/src/install/bumperbot_description/share/bumperbot_description/models/aws_robomaker_residential_Sofa_01/materials/textures/aws_Sofa_01.png
[0.929s] -- Up-to-date: /home/eeiww/ud90uhak/bumperbot_ws/src/install/bumperbot_description/share/bumperbot_description/models/aws_robomaker_warehouse_ClutteringD_01
[0.931s] -- Up-to-date: /home/eeiww/ud90uhak/bumperbot_ws/src/install/bumperbot_description/share/bumperbot_description/models/aws_robomaker_warehouse_ClutteringD_01/meshes
[0.933s] -- Up-to-date: /home/eeiww/ud90uhak/bumperbot_ws/src/install/bumperbot_description/share/bumperbot_description/models/aws_robomaker_warehouse_ClutteringD_01/meshes/aws_robomaker_warehouse_ClutteringD_01_visual.DAE
[0.934s] -- Up-to-date: /home/eeiww/ud90uhak/bumperbot_ws/src/install/bumperbot_description/share/bumperbot_description/models/aws_robomaker_warehouse_ClutteringD_01/meshes/aws_robomaker_warehouse_ClutteringD_01_collision.DAE
[0.935s] -- Up-to-date: /home/eeiww/ud90uhak/bumperbot_ws/src/install/bumperbot_description/share/bumperbot_description/models/aws_robomaker_warehouse_ClutteringD_01/model.sdf
[0.936s] -- Up-to-date: /home/eeiww/ud90uhak/bumperbot_ws/src/install/bumperbot_description/share/bumperbot_description/models/aws_robomaker_warehouse_ClutteringD_01/model.config
[0.937s] -- Up-to-date: /home/eeiww/ud90uhak/bumperbot_ws/src/install/bumperbot_description/share/bumperbot_description/models/aws_robomaker_warehouse_ClutteringD_01/materials
[0.939s] -- Up-to-date: /home/eeiww/ud90uhak/bumperbot_ws/src/install/bumperbot_description/share/bumperbot_description/models/aws_robomaker_warehouse_ClutteringD_01/materials/textures
[0.941s] -- Up-to-date: /home/eeiww/ud90uhak/bumperbot_ws/src/install/bumperbot_description/share/bumperbot_description/models/aws_robomaker_warehouse_ClutteringD_01/materials/textures/aws_robomaker_warehouse_ClutteringD_02.png
[0.942s] -- Up-to-date: /home/eeiww/ud90uhak/bumperbot_ws/src/install/bumperbot_description/share/bumperbot_description/models/aws_robomaker_warehouse_ClutteringD_01/materials/textures/aws_robomaker_warehouse_ClutteringD_01.png
[0.942s] -- Up-to-date: /home/eeiww/ud90uhak/bumperbot_ws/src/install/bumperbot_description/share/bumperbot_description/models/aws_robomaker_residential_DeskPortraitA_01
[0.945s] -- Up-to-date: /home/eeiww/ud90uhak/bumperbot_ws/src/install/bumperbot_description/share/bumperbot_description/models/aws_robomaker_residential_DeskPortraitA_01/meshes
[0.946s] -- Up-to-date: /home/eeiww/ud90uhak/bumperbot_ws/src/install/bumperbot_description/share/bumperbot_description/models/aws_robomaker_residential_DeskPortraitA_01/meshes/aws_DeskPortraitA_01_visual.DAE
[0.947s] -- Up-to-date: /home/eeiww/ud90uhak/bumperbot_ws/src/install/bumperbot_description/share/bumperbot_description/models/aws_robomaker_residential_DeskPortraitA_01/meshes/aws_DeskPortraitA_01_collision.DAE
[0.948s] -- Up-to-date: /home/eeiww/ud90uhak/bumperbot_ws/src/install/bumperbot_description/share/bumperbot_description/models/aws_robomaker_residential_DeskPortraitA_01/model.sdf
[0.949s] -- Up-to-date: /home/eeiww/ud90uhak/bumperbot_ws/src/install/bumperbot_description/share/bumperbot_description/models/aws_robomaker_residential_DeskPortraitA_01/model.config
[0.950s] -- Up-to-date: /home/eeiww/ud90uhak/bumperbot_ws/src/install/bumperbot_description/share/bumperbot_description/models/aws_robomaker_residential_DeskPortraitA_01/materials
[0.952s] -- Up-to-date: /home/eeiww/ud90uhak/bumperbot_ws/src/install/bumperbot_description/share/bumperbot_description/models/aws_robomaker_residential_DeskPortraitA_01/materials/textures
[0.954s] -- Up-to-date: /home/eeiww/ud90uhak/bumperbot_ws/src/install/bumperbot_description/share/bumperbot_description/models/aws_robomaker_residential_DeskPortraitA_01/materials/textures/aws_DeskPortraitA_02.png
[0.955s] -- Up-to-date: /home/eeiww/ud90uhak/bumperbot_ws/src/install/bumperbot_description/share/bumperbot_description/models/aws_robomaker_residential_DeskPortraitA_01/materials/textures/aws_DeskPortraitA_01.png
[0.956s] -- Up-to-date: /home/eeiww/ud90uhak/bumperbot_ws/src/install/bumperbot_description/share/bumperbot_description/models/aws_robomaker_residential_Board_01
[0.958s] -- Up-to-date: /home/eeiww/ud90uhak/bumperbot_ws/src/install/bumperbot_description/share/bumperbot_description/models/aws_robomaker_residential_Board_01/meshes
[0.960s] -- Up-to-date: /home/eeiww/ud90uhak/bumperbot_ws/src/install/bumperbot_description/share/bumperbot_description/models/aws_robomaker_residential_Board_01/meshes/aws_Board_01_collision.DAE
[0.961s] -- Up-to-date: /home/eeiww/ud90uhak/bumperbot_ws/src/install/bumperbot_description/share/bumperbot_description/models/aws_robomaker_residential_Board_01/meshes/aws_Board_01_visual.DAE
[0.962s] -- Up-to-date: /home/eeiww/ud90uhak/bumperbot_ws/src/install/bumperbot_description/share/bumperbot_description/models/aws_robomaker_residential_Board_01/model.sdf
[0.963s] -- Up-to-date: /home/eeiww/ud90uhak/bumperbot_ws/src/install/bumperbot_description/share/bumperbot_description/models/aws_robomaker_residential_Board_01/model.config
[0.964s] -- Up-to-date: /home/eeiww/ud90uhak/bumperbot_ws/src/install/bumperbot_description/share/bumperbot_description/models/aws_robomaker_residential_Board_01/materials
[0.965s] -- Up-to-date: /home/eeiww/ud90uhak/bumperbot_ws/src/install/bumperbot_description/share/bumperbot_description/models/aws_robomaker_residential_Board_01/materials/textures
[0.967s] -- Up-to-date: /home/eeiww/ud90uhak/bumperbot_ws/src/install/bumperbot_description/share/bumperbot_description/models/aws_robomaker_residential_Board_01/materials/textures/aws_Board_01.png
[0.968s] -- Up-to-date: /home/eeiww/ud90uhak/bumperbot_ws/src/install/bumperbot_description/share/bumperbot_description/models/aws_robomaker_residential_RoomWall_01
[0.970s] -- Up-to-date: /home/eeiww/ud90uhak/bumperbot_ws/src/install/bumperbot_description/share/bumperbot_description/models/aws_robomaker_residential_RoomWall_01/meshes
[0.972s] -- Up-to-date: /home/eeiww/ud90uhak/bumperbot_ws/src/install/bumperbot_description/share/bumperbot_description/models/aws_robomaker_residential_RoomWall_01/meshes/aws_RoomWall_01_visual.DAE
[0.973s] -- Up-to-date: /home/eeiww/ud90uhak/bumperbot_ws/src/install/bumperbot_description/share/bumperbot_description/models/aws_robomaker_residential_RoomWall_01/meshes/aws_RoomWall_01_collision.DAE
[0.975s] -- Up-to-date: /home/eeiww/ud90uhak/bumperbot_ws/src/install/bumperbot_description/share/bumperbot_description/models/aws_robomaker_residential_RoomWall_01/model.sdf
[0.975s] -- Up-to-date: /home/eeiww/ud90uhak/bumperbot_ws/src/install/bumperbot_description/share/bumperbot_description/models/aws_robomaker_residential_RoomWall_01/model.config
[0.976s] -- Up-to-date: /home/eeiww/ud90uhak/bumperbot_ws/src/install/bumperbot_description/share/bumperbot_description/models/aws_robomaker_residential_RoomWall_01/materials
[0.977s] -- Up-to-date: /home/eeiww/ud90uhak/bumperbot_ws/src/install/bumperbot_description/share/bumperbot_description/models/aws_robomaker_residential_RoomWall_01/materials/textures
[0.980s] -- Up-to-date: /home/eeiww/ud90uhak/bumperbot_ws/src/install/bumperbot_description/share/bumperbot_description/models/aws_robomaker_residential_RoomWall_01/materials/textures/aws_RoomWall_01.png
[0.981s] -- Up-to-date: /home/eeiww/ud90uhak/bumperbot_ws/src/install/bumperbot_description/share/bumperbot_description/models/aws_robomaker_residential_PortraitE_01
[0.982s] -- Up-to-date: /home/eeiww/ud90uhak/bumperbot_ws/src/install/bumperbot_description/share/bumperbot_description/models/aws_robomaker_residential_PortraitE_01/meshes
[0.984s] -- Up-to-date: /home/eeiww/ud90uhak/bumperbot_ws/src/install/bumperbot_description/share/bumperbot_description/models/aws_robomaker_residential_PortraitE_01/meshes/aws_PortraitE_01_collision.DAE
[0.985s] -- Up-to-date: /home/eeiww/ud90uhak/bumperbot_ws/src/install/bumperbot_description/share/bumperbot_description/models/aws_robomaker_residential_PortraitE_01/meshes/aws_PortraitE_01_visual.DAE
[0.986s] -- Up-to-date: /home/eeiww/ud90uhak/bumperbot_ws/src/install/bumperbot_description/share/bumperbot_description/models/aws_robomaker_residential_PortraitE_01/model.sdf
[0.987s] -- Up-to-date: /home/eeiww/ud90uhak/bumperbot_ws/src/install/bumperbot_description/share/bumperbot_description/models/aws_robomaker_residential_PortraitE_01/model.config
[0.987s] -- Up-to-date: /home/eeiww/ud90uhak/bumperbot_ws/src/install/bumperbot_description/share/bumperbot_description/models/aws_robomaker_residential_PortraitE_01/materials
[0.989s] -- Up-to-date: /home/eeiww/ud90uhak/bumperbot_ws/src/install/bumperbot_description/share/bumperbot_description/models/aws_robomaker_residential_PortraitE_01/materials/textures
[0.992s] -- Up-to-date: /home/eeiww/ud90uhak/bumperbot_ws/src/install/bumperbot_description/share/bumperbot_description/models/aws_robomaker_residential_PortraitE_01/materials/textures/aws_PortraitE_02.png
[0.993s] -- Up-to-date: /home/eeiww/ud90uhak/bumperbot_ws/src/install/bumperbot_description/share/bumperbot_description/models/aws_robomaker_residential_PortraitE_01/materials/textures/aws_PortraitE_01.png
[0.994s] -- Up-to-date: /home/eeiww/ud90uhak/bumperbot_ws/src/install/bumperbot_description/share/bumperbot_description/models/aws_robomaker_residential_PortraitB_02
[0.996s] -- Up-to-date: /home/eeiww/ud90uhak/bumperbot_ws/src/install/bumperbot_description/share/bumperbot_description/models/aws_robomaker_residential_PortraitB_02/meshes
[1.000s] -- Up-to-date: /home/eeiww/ud90uhak/bumperbot_ws/src/install/bumperbot_description/share/bumperbot_description/models/aws_robomaker_residential_PortraitB_02/meshes/aws_PortraitB_01_collision.DAE
[1.002s] -- Up-to-date: /home/eeiww/ud90uhak/bumperbot_ws/src/install/bumperbot_description/share/bumperbot_description/models/aws_robomaker_residential_PortraitB_02/meshes/aws_PortraitB_01_visual.DAE
[1.003s] -- Up-to-date: /home/eeiww/ud90uhak/bumperbot_ws/src/install/bumperbot_description/share/bumperbot_description/models/aws_robomaker_residential_PortraitB_02/model.sdf
[1.005s] -- Up-to-date: /home/eeiww/ud90uhak/bumperbot_ws/src/install/bumperbot_description/share/bumperbot_description/models/aws_robomaker_residential_PortraitB_02/model.config
[1.007s] -- Up-to-date: /home/eeiww/ud90uhak/bumperbot_ws/src/install/bumperbot_description/share/bumperbot_description/models/aws_robomaker_residential_PortraitB_02/materials
[1.008s] -- Up-to-date: /home/eeiww/ud90uhak/bumperbot_ws/src/install/bumperbot_description/share/bumperbot_description/models/aws_robomaker_residential_PortraitB_02/materials/textures
[1.011s] -- Up-to-date: /home/eeiww/ud90uhak/bumperbot_ws/src/install/bumperbot_description/share/bumperbot_description/models/aws_robomaker_residential_PortraitB_02/materials/textures/aws_PortraitB_01.png
[1.014s] -- Up-to-date: /home/eeiww/ud90uhak/bumperbot_ws/src/install/bumperbot_description/share/bumperbot_description/models/aws_robomaker_residential_PortraitB_02/materials/textures/aws_PortraitB_02.png
[1.014s] -- Up-to-date: /home/eeiww/ud90uhak/bumperbot_ws/src/install/bumperbot_description/share/bumperbot_description/models/aws_robomaker_residential_Quilt_01
[1.017s] -- Up-to-date: /home/eeiww/ud90uhak/bumperbot_ws/src/install/bumperbot_description/share/bumperbot_description/models/aws_robomaker_residential_Quilt_01/meshes
[1.022s] -- Up-to-date: /home/eeiww/ud90uhak/bumperbot_ws/src/install/bumperbot_description/share/bumperbot_description/models/aws_robomaker_residential_Quilt_01/meshes/aws_Quilt_01_collision.DAE
[1.024s] -- Up-to-date: /home/eeiww/ud90uhak/bumperbot_ws/src/install/bumperbot_description/share/bumperbot_description/models/aws_robomaker_residential_Quilt_01/meshes/aws_Quilt_01_visual.DAE
[1.027s] -- Up-to-date: /home/eeiww/ud90uhak/bumperbot_ws/src/install/bumperbot_description/share/bumperbot_description/models/aws_robomaker_residential_Quilt_01/model.sdf
[1.030s] -- Up-to-date: /home/eeiww/ud90uhak/bumperbot_ws/src/install/bumperbot_description/share/bumperbot_description/models/aws_robomaker_residential_Quilt_01/model.config
[1.031s] -- Up-to-date: /home/eeiww/ud90uhak/bumperbot_ws/src/install/bumperbot_description/share/bumperbot_description/models/aws_robomaker_residential_Quilt_01/materials
[1.033s] -- Up-to-date: /home/eeiww/ud90uhak/bumperbot_ws/src/install/bumperbot_description/share/bumperbot_description/models/aws_robomaker_residential_Quilt_01/materials/textures
[1.038s] -- Up-to-date: /home/eeiww/ud90uhak/bumperbot_ws/src/install/bumperbot_description/share/bumperbot_description/models/aws_robomaker_residential_Quilt_01/materials/textures/aws_Quilt_01.png
[1.038s] -- Up-to-date: /home/eeiww/ud90uhak/bumperbot_ws/src/install/bumperbot_description/share/bumperbot_description/models/aws_robomaker_residential_DeskPortraitC_01
[1.042s] -- Up-to-date: /home/eeiww/ud90uhak/bumperbot_ws/src/install/bumperbot_description/share/bumperbot_description/models/aws_robomaker_residential_DeskPortraitC_01/meshes
[1.044s] -- Up-to-date: /home/eeiww/ud90uhak/bumperbot_ws/src/install/bumperbot_description/share/bumperbot_description/models/aws_robomaker_residential_DeskPortraitC_01/meshes/aws_DeskPortraitC_01_collision.DAE
[1.045s] -- Up-to-date: /home/eeiww/ud90uhak/bumperbot_ws/src/install/bumperbot_description/share/bumperbot_description/models/aws_robomaker_residential_DeskPortraitC_01/meshes/aws_DeskPortraitC_01_visual.DAE
[1.048s] -- Up-to-date: /home/eeiww/ud90uhak/bumperbot_ws/src/install/bumperbot_description/share/bumperbot_description/models/aws_robomaker_residential_DeskPortraitC_01/model.sdf
[1.049s] -- Up-to-date: /home/eeiww/ud90uhak/bumperbot_ws/src/install/bumperbot_description/share/bumperbot_description/models/aws_robomaker_residential_DeskPortraitC_01/model.config
[1.050s] -- Up-to-date: /home/eeiww/ud90uhak/bumperbot_ws/src/install/bumperbot_description/share/bumperbot_description/models/aws_robomaker_residential_DeskPortraitC_01/materials
[1.053s] -- Up-to-date: /home/eeiww/ud90uhak/bumperbot_ws/src/install/bumperbot_description/share/bumperbot_description/models/aws_robomaker_residential_DeskPortraitC_01/materials/textures
[1.056s] -- Up-to-date: /home/eeiww/ud90uhak/bumperbot_ws/src/install/bumperbot_description/share/bumperbot_description/models/aws_robomaker_residential_DeskPortraitC_01/materials/textures/aws_DeskPortraitC_01.png
[1.059s] -- Up-to-date: /home/eeiww/ud90uhak/bumperbot_ws/src/install/bumperbot_description/share/bumperbot_description/models/aws_robomaker_residential_DeskPortraitC_01/materials/textures/aws_DeskPortraitC_02.png
[1.060s] -- Up-to-date: /home/eeiww/ud90uhak/bumperbot_ws/src/install/bumperbot_description/share/bumperbot_description/models/aws_robomaker_residential_Refrigerator_01
[1.063s] -- Up-to-date: /home/eeiww/ud90uhak/bumperbot_ws/src/install/bumperbot_description/share/bumperbot_description/models/aws_robomaker_residential_Refrigerator_01/meshes
[1.066s] -- Up-to-date: /home/eeiww/ud90uhak/bumperbot_ws/src/install/bumperbot_description/share/bumperbot_description/models/aws_robomaker_residential_Refrigerator_01/meshes/aws_Refrigerator_01.DAE
[1.067s] -- Up-to-date: /home/eeiww/ud90uhak/bumperbot_ws/src/install/bumperbot_description/share/bumperbot_description/models/aws_robomaker_residential_Refrigerator_01/meshes/aws_Refrigerator_01_visual.DAE
[1.069s] -- Up-to-date: /home/eeiww/ud90uhak/bumperbot_ws/src/install/bumperbot_description/share/bumperbot_description/models/aws_robomaker_residential_Refrigerator_01/meshes/aws_Refrigerator_01_collision.DAE
[1.070s] -- Up-to-date: /home/eeiww/ud90uhak/bumperbot_ws/src/install/bumperbot_description/share/bumperbot_description/models/aws_robomaker_residential_Refrigerator_01/model.sdf
[1.073s] -- Up-to-date: /home/eeiww/ud90uhak/bumperbot_ws/src/install/bumperbot_description/share/bumperbot_description/models/aws_robomaker_residential_Refrigerator_01/model.config
[1.073s] -- Up-to-date: /home/eeiww/ud90uhak/bumperbot_ws/src/install/bumperbot_description/share/bumperbot_description/models/aws_robomaker_residential_Refrigerator_01/materials
[1.075s] -- Up-to-date: /home/eeiww/ud90uhak/bumperbot_ws/src/install/bumperbot_description/share/bumperbot_description/models/aws_robomaker_residential_Refrigerator_01/materials/textures
[1.087s] -- Up-to-date: /home/eeiww/ud90uhak/bumperbot_ws/src/install/bumperbot_description/share/bumperbot_description/models/aws_robomaker_residential_Refrigerator_01/materials/textures/aws_Refrigerator_01.png
[1.087s] -- Up-to-date: /home/eeiww/ud90uhak/bumperbot_ws/src/install/bumperbot_description/share/bumperbot_description/models/aws_robomaker_residential_Refrigerator_01/materials/textures/aws_Refrigerator_02.png
[1.087s] -- Up-to-date: /home/eeiww/ud90uhak/bumperbot_ws/src/install/bumperbot_description/share/bumperbot_description/models/aws_robomaker_warehouse_Lamp_01
[1.088s] -- Up-to-date: /home/eeiww/ud90uhak/bumperbot_ws/src/install/bumperbot_description/share/bumperbot_description/models/aws_robomaker_warehouse_Lamp_01/meshes
[1.089s] -- Up-to-date: /home/eeiww/ud90uhak/bumperbot_ws/src/install/bumperbot_description/share/bumperbot_description/models/aws_robomaker_warehouse_Lamp_01/meshes/aws_robomaker_warehouse_Lamp_01_visual.DAE
[1.090s] -- Up-to-date: /home/eeiww/ud90uhak/bumperbot_ws/src/install/bumperbot_description/share/bumperbot_description/models/aws_robomaker_warehouse_Lamp_01/meshes/aws_robomaker_warehouse_Lamp_01_collision.DAE
[1.092s] -- Up-to-date: /home/eeiww/ud90uhak/bumperbot_ws/src/install/bumperbot_description/share/bumperbot_description/models/aws_robomaker_warehouse_Lamp_01/model.sdf
[1.093s] -- Up-to-date: /home/eeiww/ud90uhak/bumperbot_ws/src/install/bumperbot_description/share/bumperbot_description/models/aws_robomaker_warehouse_Lamp_01/model.config
[1.094s] -- Up-to-date: /home/eeiww/ud90uhak/bumperbot_ws/src/install/bumperbot_description/share/bumperbot_description/models/aws_robomaker_warehouse_Lamp_01/materials
[1.095s] -- Up-to-date: /home/eeiww/ud90uhak/bumperbot_ws/src/install/bumperbot_description/share/bumperbot_description/models/aws_robomaker_warehouse_Lamp_01/materials/textures
[1.098s] -- Up-to-date: /home/eeiww/ud90uhak/bumperbot_ws/src/install/bumperbot_description/share/bumperbot_description/models/aws_robomaker_warehouse_Lamp_01/materials/textures/aws_robomaker_warehouse_Lamp_01.png
[1.098s] -- Up-to-date: /home/eeiww/ud90uhak/bumperbot_ws/src/install/bumperbot_description/share/bumperbot_description/models/aws_robomaker_residential_FitnessEquipment_01
[1.100s] -- Up-to-date: /home/eeiww/ud90uhak/bumperbot_ws/src/install/bumperbot_description/share/bumperbot_description/models/aws_robomaker_residential_FitnessEquipment_01/meshes
[1.103s] -- Up-to-date: /home/eeiww/ud90uhak/bumperbot_ws/src/install/bumperbot_description/share/bumperbot_description/models/aws_robomaker_residential_FitnessEquipment_01/meshes/aws_FitnessEquipment_01_collision.DAE
[1.104s] -- Up-to-date: /home/eeiww/ud90uhak/bumperbot_ws/src/install/bumperbot_description/share/bumperbot_description/models/aws_robomaker_residential_FitnessEquipment_01/meshes/aws_FitnessEquipment_01_visual.DAE
[1.104s] -- Up-to-date: /home/eeiww/ud90uhak/bumperbot_ws/src/install/bumperbot_description/share/bumperbot_description/models/aws_robomaker_residential_FitnessEquipment_01/model.sdf
[1.107s] -- Up-to-date: /home/eeiww/ud90uhak/bumperbot_ws/src/install/bumperbot_description/share/bumperbot_description/models/aws_robomaker_residential_FitnessEquipment_01/model.config
[1.108s] -- Up-to-date: /home/eeiww/ud90uhak/bumperbot_ws/src/install/bumperbot_description/share/bumperbot_description/models/aws_robomaker_residential_FitnessEquipment_01/materials
[1.110s] -- Up-to-date: /home/eeiww/ud90uhak/bumperbot_ws/src/install/bumperbot_description/share/bumperbot_description/models/aws_robomaker_residential_FitnessEquipment_01/materials/textures
[1.119s] -- Up-to-date: /home/eeiww/ud90uhak/bumperbot_ws/src/install/bumperbot_description/share/bumperbot_description/models/aws_robomaker_residential_FitnessEquipment_01/materials/textures/aws_FitnessEquipment_01.png
[1.119s] -- Up-to-date: /home/eeiww/ud90uhak/bumperbot_ws/src/install/bumperbot_description/share/bumperbot_description/models/aws_robomaker_residential_Rangehood_01
[1.121s] -- Up-to-date: /home/eeiww/ud90uhak/bumperbot_ws/src/install/bumperbot_description/share/bumperbot_description/models/aws_robomaker_residential_Rangehood_01/meshes
[1.124s] -- Up-to-date: /home/eeiww/ud90uhak/bumperbot_ws/src/install/bumperbot_description/share/bumperbot_description/models/aws_robomaker_residential_Rangehood_01/meshes/aws_Rangehood_01_visual.DAE
[1.124s] -- Up-to-date: /home/eeiww/ud90uhak/bumperbot_ws/src/install/bumperbot_description/share/bumperbot_description/models/aws_robomaker_residential_Rangehood_01/meshes/aws_Rangehood_01_collision.DAE
[1.126s] -- Up-to-date: /home/eeiww/ud90uhak/bumperbot_ws/src/install/bumperbot_description/share/bumperbot_description/models/aws_robomaker_residential_Rangehood_01/model.sdf
[1.127s] -- Up-to-date: /home/eeiww/ud90uhak/bumperbot_ws/src/install/bumperbot_description/share/bumperbot_description/models/aws_robomaker_residential_Rangehood_01/model.config
[1.127s] -- Up-to-date: /home/eeiww/ud90uhak/bumperbot_ws/src/install/bumperbot_description/share/bumperbot_description/models/aws_robomaker_residential_Rangehood_01/materials
[1.138s] -- Up-to-date: /home/eeiww/ud90uhak/bumperbot_ws/src/install/bumperbot_description/share/bumperbot_description/models/aws_robomaker_residential_Rangehood_01/materials/textures
[1.168s] -- Up-to-date: /home/eeiww/ud90uhak/bumperbot_ws/src/install/bumperbot_description/share/bumperbot_description/models/aws_robomaker_residential_Rangehood_01/materials/textures/aws_Rangehood_01.png
[1.169s] -- Up-to-date: /home/eeiww/ud90uhak/bumperbot_ws/src/install/bumperbot_description/share/bumperbot_description/models/aws_robomaker_residential_DeskPortraitD_03
[1.171s] -- Up-to-date: /home/eeiww/ud90uhak/bumperbot_ws/src/install/bumperbot_description/share/bumperbot_description/models/aws_robomaker_residential_DeskPortraitD_03/meshes
[1.174s] -- Up-to-date: /home/eeiww/ud90uhak/bumperbot_ws/src/install/bumperbot_description/share/bumperbot_description/models/aws_robomaker_residential_DeskPortraitD_03/meshes/aws_DeskPortraitD_01_visual.DAE
[1.175s] -- Up-to-date: /home/eeiww/ud90uhak/bumperbot_ws/src/install/bumperbot_description/share/bumperbot_description/models/aws_robomaker_residential_DeskPortraitD_03/meshes/aws_DeskPortraitD_01_collision.DAE
[1.176s] -- Up-to-date: /home/eeiww/ud90uhak/bumperbot_ws/src/install/bumperbot_description/share/bumperbot_description/models/aws_robomaker_residential_DeskPortraitD_03/model.sdf
[1.178s] -- Up-to-date: /home/eeiww/ud90uhak/bumperbot_ws/src/install/bumperbot_description/share/bumperbot_description/models/aws_robomaker_residential_DeskPortraitD_03/model.config
[1.178s] -- Up-to-date: /home/eeiww/ud90uhak/bumperbot_ws/src/install/bumperbot_description/share/bumperbot_description/models/aws_robomaker_residential_DeskPortraitD_03/materials
[1.179s] -- Up-to-date: /home/eeiww/ud90uhak/bumperbot_ws/src/install/bumperbot_description/share/bumperbot_description/models/aws_robomaker_residential_DeskPortraitD_03/materials/textures
[1.182s] -- Up-to-date: /home/eeiww/ud90uhak/bumperbot_ws/src/install/bumperbot_description/share/bumperbot_description/models/aws_robomaker_residential_DeskPortraitD_03/materials/textures/aws_DeskPortraitD_02.png
[1.183s] -- Up-to-date: /home/eeiww/ud90uhak/bumperbot_ws/src/install/bumperbot_description/share/bumperbot_description/models/aws_robomaker_residential_DeskPortraitD_03/materials/textures/aws_DeskPortraitD_01.png
[1.183s] -- Up-to-date: /home/eeiww/ud90uhak/bumperbot_ws/src/install/bumperbot_description/share/bumperbot_description/models/aws_robomaker_residential_DeskPortraitD_02
[1.185s] -- Up-to-date: /home/eeiww/ud90uhak/bumperbot_ws/src/install/bumperbot_description/share/bumperbot_description/models/aws_robomaker_residential_DeskPortraitD_02/meshes
[1.187s] -- Up-to-date: /home/eeiww/ud90uhak/bumperbot_ws/src/install/bumperbot_description/share/bumperbot_description/models/aws_robomaker_residential_DeskPortraitD_02/meshes/aws_DeskPortraitD_01_visual.DAE
[1.188s] -- Up-to-date: /home/eeiww/ud90uhak/bumperbot_ws/src/install/bumperbot_description/share/bumperbot_description/models/aws_robomaker_residential_DeskPortraitD_02/meshes/aws_DeskPortraitD_01_collision.DAE
[1.189s] -- Up-to-date: /home/eeiww/ud90uhak/bumperbot_ws/src/install/bumperbot_description/share/bumperbot_description/models/aws_robomaker_residential_DeskPortraitD_02/model.sdf
[1.190s] -- Up-to-date: /home/eeiww/ud90uhak/bumperbot_ws/src/install/bumperbot_description/share/bumperbot_description/models/aws_robomaker_residential_DeskPortraitD_02/model.config
[1.191s] -- Up-to-date: /home/eeiww/ud90uhak/bumperbot_ws/src/install/bumperbot_description/share/bumperbot_description/models/aws_robomaker_residential_DeskPortraitD_02/materials
[1.192s] -- Up-to-date: /home/eeiww/ud90uhak/bumperbot_ws/src/install/bumperbot_description/share/bumperbot_description/models/aws_robomaker_residential_DeskPortraitD_02/materials/textures
[1.195s] -- Up-to-date: /home/eeiww/ud90uhak/bumperbot_ws/src/install/bumperbot_description/share/bumperbot_description/models/aws_robomaker_residential_DeskPortraitD_02/materials/textures/aws_DeskPortraitD_02.png
[1.196s] -- Up-to-date: /home/eeiww/ud90uhak/bumperbot_ws/src/install/bumperbot_description/share/bumperbot_description/models/aws_robomaker_residential_DeskPortraitD_02/materials/textures/aws_DeskPortraitD_01.png
[1.197s] -- Up-to-date: /home/eeiww/ud90uhak/bumperbot_ws/src/install/bumperbot_description/share/bumperbot_description/models/aws_robomaker_residential_Trash_01
[1.198s] -- Up-to-date: /home/eeiww/ud90uhak/bumperbot_ws/src/install/bumperbot_description/share/bumperbot_description/models/aws_robomaker_residential_Trash_01/meshes
[1.200s] -- Up-to-date: /home/eeiww/ud90uhak/bumperbot_ws/src/install/bumperbot_description/share/bumperbot_description/models/aws_robomaker_residential_Trash_01/meshes/aws_Trash_01_visual.DAE
[1.201s] -- Up-to-date: /home/eeiww/ud90uhak/bumperbot_ws/src/install/bumperbot_description/share/bumperbot_description/models/aws_robomaker_residential_Trash_01/meshes/aws_Trash_01_collision.DAE
[1.202s] -- Up-to-date: /home/eeiww/ud90uhak/bumperbot_ws/src/install/bumperbot_description/share/bumperbot_description/models/aws_robomaker_residential_Trash_01/model.sdf
[1.203s] -- Up-to-date: /home/eeiww/ud90uhak/bumperbot_ws/src/install/bumperbot_description/share/bumperbot_description/models/aws_robomaker_residential_Trash_01/model.config
[1.204s] -- Up-to-date: /home/eeiww/ud90uhak/bumperbot_ws/src/install/bumperbot_description/share/bumperbot_description/models/aws_robomaker_residential_Trash_01/materials
[1.205s] -- Up-to-date: /home/eeiww/ud90uhak/bumperbot_ws/src/install/bumperbot_description/share/bumperbot_description/models/aws_robomaker_residential_Trash_01/materials/textures
[1.208s] -- Up-to-date: /home/eeiww/ud90uhak/bumperbot_ws/src/install/bumperbot_description/share/bumperbot_description/models/aws_robomaker_residential_Trash_01/materials/textures/aws_Trash_01.png
[1.208s] -- Up-to-date: /home/eeiww/ud90uhak/bumperbot_ws/src/install/bumperbot_description/share/bumperbot_description/models/aws_robomaker_residential_Dumbbell_01
[1.210s] -- Up-to-date: /home/eeiww/ud90uhak/bumperbot_ws/src/install/bumperbot_description/share/bumperbot_description/models/aws_robomaker_residential_Dumbbell_01/meshes
[1.213s] -- Up-to-date: /home/eeiww/ud90uhak/bumperbot_ws/src/install/bumperbot_description/share/bumperbot_description/models/aws_robomaker_residential_Dumbbell_01/meshes/aws_Dumbbell_01_collision.DAE
[1.214s] -- Up-to-date: /home/eeiww/ud90uhak/bumperbot_ws/src/install/bumperbot_description/share/bumperbot_description/models/aws_robomaker_residential_Dumbbell_01/meshes/aws_Dumbbell_01_visual.DAE
[1.220s] -- Up-to-date: /home/eeiww/ud90uhak/bumperbot_ws/src/install/bumperbot_description/share/bumperbot_description/models/aws_robomaker_residential_Dumbbell_01/model.sdf
[1.220s] -- Up-to-date: /home/eeiww/ud90uhak/bumperbot_ws/src/install/bumperbot_description/share/bumperbot_description/models/aws_robomaker_residential_Dumbbell_01/model.config
[1.221s] -- Up-to-date: /home/eeiww/ud90uhak/bumperbot_ws/src/install/bumperbot_description/share/bumperbot_description/models/aws_robomaker_residential_Dumbbell_01/materials
[1.221s] -- Up-to-date: /home/eeiww/ud90uhak/bumperbot_ws/src/install/bumperbot_description/share/bumperbot_description/models/aws_robomaker_residential_Dumbbell_01/materials/textures
[1.221s] -- Up-to-date: /home/eeiww/ud90uhak/bumperbot_ws/src/install/bumperbot_description/share/bumperbot_description/models/aws_robomaker_residential_Dumbbell_01/materials/textures/aws_Dumbbell_01.png
[1.222s] -- Up-to-date: /home/eeiww/ud90uhak/bumperbot_ws/src/install/bumperbot_description/share/bumperbot_description/models/aws_robomaker_residential_PortraitB_03
[1.230s] -- Up-to-date: /home/eeiww/ud90uhak/bumperbot_ws/src/install/bumperbot_description/share/bumperbot_description/models/aws_robomaker_residential_PortraitB_03/meshes
[1.268s] -- Up-to-date: /home/eeiww/ud90uhak/bumperbot_ws/src/install/bumperbot_description/share/bumperbot_description/models/aws_robomaker_residential_PortraitB_03/meshes/aws_PortraitB_01_collision.DAE
[1.269s] -- Up-to-date: /home/eeiww/ud90uhak/bumperbot_ws/src/install/bumperbot_description/share/bumperbot_description/models/aws_robomaker_residential_PortraitB_03/meshes/aws_PortraitB_01_visual.DAE
[1.270s] -- Up-to-date: /home/eeiww/ud90uhak/bumperbot_ws/src/install/bumperbot_description/share/bumperbot_description/models/aws_robomaker_residential_PortraitB_03/model.sdf
[1.272s] -- Up-to-date: /home/eeiww/ud90uhak/bumperbot_ws/src/install/bumperbot_description/share/bumperbot_description/models/aws_robomaker_residential_PortraitB_03/model.config
[1.273s] -- Up-to-date: /home/eeiww/ud90uhak/bumperbot_ws/src/install/bumperbot_description/share/bumperbot_description/models/aws_robomaker_residential_PortraitB_03/materials
[1.275s] -- Up-to-date: /home/eeiww/ud90uhak/bumperbot_ws/src/install/bumperbot_description/share/bumperbot_description/models/aws_robomaker_residential_PortraitB_03/materials/textures
[1.278s] -- Up-to-date: /home/eeiww/ud90uhak/bumperbot_ws/src/install/bumperbot_description/share/bumperbot_description/models/aws_robomaker_residential_PortraitB_03/materials/textures/aws_PortraitB_01.png
[1.279s] -- Up-to-date: /home/eeiww/ud90uhak/bumperbot_ws/src/install/bumperbot_description/share/bumperbot_description/models/aws_robomaker_residential_PortraitB_03/materials/textures/aws_PortraitB_02.png
[1.279s] -- Up-to-date: /home/eeiww/ud90uhak/bumperbot_ws/src/install/bumperbot_description/share/bumperbot_description/models/aws_robomaker_residential_Chandelier_01
[1.282s] -- Up-to-date: /home/eeiww/ud90uhak/bumperbot_ws/src/install/bumperbot_description/share/bumperbot_description/models/aws_robomaker_residential_Chandelier_01/meshes
[1.284s] -- Up-to-date: /home/eeiww/ud90uhak/bumperbot_ws/src/install/bumperbot_description/share/bumperbot_description/models/aws_robomaker_residential_Chandelier_01/meshes/aws_Chandelier_01.DAE
[1.285s] -- Up-to-date: /home/eeiww/ud90uhak/bumperbot_ws/src/install/bumperbot_description/share/bumperbot_description/models/aws_robomaker_residential_Chandelier_01/meshes/aws_Chandelier_01_visual.DAE
[1.286s] -- Up-to-date: /home/eeiww/ud90uhak/bumperbot_ws/src/install/bumperbot_description/share/bumperbot_description/models/aws_robomaker_residential_Chandelier_01/meshes/aws_Chandelier_01_collision.DAE
[1.287s] -- Up-to-date: /home/eeiww/ud90uhak/bumperbot_ws/src/install/bumperbot_description/share/bumperbot_description/models/aws_robomaker_residential_Chandelier_01/model.sdf
[1.288s] -- Up-to-date: /home/eeiww/ud90uhak/bumperbot_ws/src/install/bumperbot_description/share/bumperbot_description/models/aws_robomaker_residential_Chandelier_01/model.config
[1.289s] -- Up-to-date: /home/eeiww/ud90uhak/bumperbot_ws/src/install/bumperbot_description/share/bumperbot_description/models/aws_robomaker_residential_Chandelier_01/materials
[1.290s] -- Up-to-date: /home/eeiww/ud90uhak/bumperbot_ws/src/install/bumperbot_description/share/bumperbot_description/models/aws_robomaker_residential_Chandelier_01/materials/textures
[1.293s] -- Up-to-date: /home/eeiww/ud90uhak/bumperbot_ws/src/install/bumperbot_description/share/bumperbot_description/models/aws_robomaker_residential_Chandelier_01/materials/textures/aws_Chandelier_01.png
[1.294s] -- Up-to-date: /home/eeiww/ud90uhak/bumperbot_ws/src/install/bumperbot_description/share/bumperbot_description/models/aws_robomaker_residential_ChairD_01
[1.295s] -- Up-to-date: /home/eeiww/ud90uhak/bumperbot_ws/src/install/bumperbot_description/share/bumperbot_description/models/aws_robomaker_residential_ChairD_01/meshes
[1.297s] -- Up-to-date: /home/eeiww/ud90uhak/bumperbot_ws/src/install/bumperbot_description/share/bumperbot_description/models/aws_robomaker_residential_ChairD_01/meshes/aws_ChairD_01_visual.DAE
[1.298s] -- Up-to-date: /home/eeiww/ud90uhak/bumperbot_ws/src/install/bumperbot_description/share/bumperbot_description/models/aws_robomaker_residential_ChairD_01/meshes/aws_ChairD_01_collision.DAE
[1.300s] -- Up-to-date: /home/eeiww/ud90uhak/bumperbot_ws/src/install/bumperbot_description/share/bumperbot_description/models/aws_robomaker_residential_ChairD_01/model.sdf
[1.301s] -- Up-to-date: /home/eeiww/ud90uhak/bumperbot_ws/src/install/bumperbot_description/share/bumperbot_description/models/aws_robomaker_residential_ChairD_01/model.config
[1.301s] -- Up-to-date: /home/eeiww/ud90uhak/bumperbot_ws/src/install/bumperbot_description/share/bumperbot_description/models/aws_robomaker_residential_ChairD_01/materials
[1.303s] -- Up-to-date: /home/eeiww/ud90uhak/bumperbot_ws/src/install/bumperbot_description/share/bumperbot_description/models/aws_robomaker_residential_ChairD_01/materials/textures
[1.305s] -- Up-to-date: /home/eeiww/ud90uhak/bumperbot_ws/src/install/bumperbot_description/share/bumperbot_description/models/aws_robomaker_residential_ChairD_01/materials/textures/aws_ChairD_01.png
[1.306s] -- Up-to-date: /home/eeiww/ud90uhak/bumperbot_ws/src/install/bumperbot_description/share/bumperbot_description/models/aws_robomaker_residential_FoldingDoor_01
[1.308s] -- Up-to-date: /home/eeiww/ud90uhak/bumperbot_ws/src/install/bumperbot_description/share/bumperbot_description/models/aws_robomaker_residential_FoldingDoor_01/meshes
[1.310s] -- Up-to-date: /home/eeiww/ud90uhak/bumperbot_ws/src/install/bumperbot_description/share/bumperbot_description/models/aws_robomaker_residential_FoldingDoor_01/meshes/aws_FoldingDoor_01_collision.DAE
[1.311s] -- Up-to-date: /home/eeiww/ud90uhak/bumperbot_ws/src/install/bumperbot_description/share/bumperbot_description/models/aws_robomaker_residential_FoldingDoor_01/meshes/aws_FoldingDoor_01_visual.DAE
[1.312s] -- Up-to-date: /home/eeiww/ud90uhak/bumperbot_ws/src/install/bumperbot_description/share/bumperbot_description/models/aws_robomaker_residential_FoldingDoor_01/model.sdf
[1.313s] -- Up-to-date: /home/eeiww/ud90uhak/bumperbot_ws/src/install/bumperbot_description/share/bumperbot_description/models/aws_robomaker_residential_FoldingDoor_01/model.config
[1.315s] -- Up-to-date: /home/eeiww/ud90uhak/bumperbot_ws/src/install/bumperbot_description/share/bumperbot_description/models/aws_robomaker_residential_FoldingDoor_01/materials
[1.315s] -- Up-to-date: /home/eeiww/ud90uhak/bumperbot_ws/src/install/bumperbot_description/share/bumperbot_description/models/aws_robomaker_residential_FoldingDoor_01/materials/textures
[1.318s] -- Up-to-date: /home/eeiww/ud90uhak/bumperbot_ws/src/install/bumperbot_description/share/bumperbot_description/models/aws_robomaker_residential_FoldingDoor_01/materials/textures/aws_FoldingDoor_01.png
[1.319s] -- Up-to-date: /home/eeiww/ud90uhak/bumperbot_ws/src/install/bumperbot_description/share/bumperbot_description/models/aws_robomaker_residential_PortraitA_01
[1.320s] -- Up-to-date: /home/eeiww/ud90uhak/bumperbot_ws/src/install/bumperbot_description/share/bumperbot_description/models/aws_robomaker_residential_PortraitA_01/meshes
[1.323s] -- Up-to-date: /home/eeiww/ud90uhak/bumperbot_ws/src/install/bumperbot_description/share/bumperbot_description/models/aws_robomaker_residential_PortraitA_01/meshes/aws_PortraitA_01_visual.DAE
[1.323s] -- Up-to-date: /home/eeiww/ud90uhak/bumperbot_ws/src/install/bumperbot_description/share/bumperbot_description/models/aws_robomaker_residential_PortraitA_01/meshes/aws_PortraitA_01_collision.DAE
[1.324s] -- Up-to-date: /home/eeiww/ud90uhak/bumperbot_ws/src/install/bumperbot_description/share/bumperbot_description/models/aws_robomaker_residential_PortraitA_01/model.sdf
[1.325s] -- Up-to-date: /home/eeiww/ud90uhak/bumperbot_ws/src/install/bumperbot_description/share/bumperbot_description/models/aws_robomaker_residential_PortraitA_01/model.config
[1.326s] -- Up-to-date: /home/eeiww/ud90uhak/bumperbot_ws/src/install/bumperbot_description/share/bumperbot_description/models/aws_robomaker_residential_PortraitA_01/materials
[1.327s] -- Up-to-date: /home/eeiww/ud90uhak/bumperbot_ws/src/install/bumperbot_description/share/bumperbot_description/models/aws_robomaker_residential_PortraitA_01/materials/textures
[1.329s] -- Up-to-date: /home/eeiww/ud90uhak/bumperbot_ws/src/install/bumperbot_description/share/bumperbot_description/models/aws_robomaker_residential_PortraitA_01/materials/textures/aws_PortraitA_01.png
[1.331s] -- Up-to-date: /home/eeiww/ud90uhak/bumperbot_ws/src/install/bumperbot_description/share/bumperbot_description/models/aws_robomaker_residential_PortraitA_01/materials/textures/aws_PortraitA_02.png
[1.331s] -- Up-to-date: /home/eeiww/ud90uhak/bumperbot_ws/src/install/bumperbot_description/share/bumperbot_description/models/aws_robomaker_warehouse_TrashCanC_01
[1.333s] -- Up-to-date: /home/eeiww/ud90uhak/bumperbot_ws/src/install/bumperbot_description/share/bumperbot_description/models/aws_robomaker_warehouse_TrashCanC_01/meshes
[1.335s] -- Up-to-date: /home/eeiww/ud90uhak/bumperbot_ws/src/install/bumperbot_description/share/bumperbot_description/models/aws_robomaker_warehouse_TrashCanC_01/meshes/aws_robomaker_warehouse_TrashCanC_01_visual.DAE
[1.336s] -- Up-to-date: /home/eeiww/ud90uhak/bumperbot_ws/src/install/bumperbot_description/share/bumperbot_description/models/aws_robomaker_warehouse_TrashCanC_01/meshes/aws_robomaker_warehouse_TrashCanC_01_collision.DAE
[1.337s] -- Up-to-date: /home/eeiww/ud90uhak/bumperbot_ws/src/install/bumperbot_description/share/bumperbot_description/models/aws_robomaker_warehouse_TrashCanC_01/model.sdf
[1.338s] -- Up-to-date: /home/eeiww/ud90uhak/bumperbot_ws/src/install/bumperbot_description/share/bumperbot_description/models/aws_robomaker_warehouse_TrashCanC_01/model.config
[1.339s] -- Up-to-date: /home/eeiww/ud90uhak/bumperbot_ws/src/install/bumperbot_description/share/bumperbot_description/models/aws_robomaker_warehouse_TrashCanC_01/materials
[1.340s] -- Up-to-date: /home/eeiww/ud90uhak/bumperbot_ws/src/install/bumperbot_description/share/bumperbot_description/models/aws_robomaker_warehouse_TrashCanC_01/materials/textures
[1.343s] -- Up-to-date: /home/eeiww/ud90uhak/bumperbot_ws/src/install/bumperbot_description/share/bumperbot_description/models/aws_robomaker_warehouse_TrashCanC_01/materials/textures/aws_robomaker_warehouse_TrashCanC_01.png
[1.344s] -- Up-to-date: /home/eeiww/ud90uhak/bumperbot_ws/src/install/bumperbot_description/share/bumperbot_description/models/aws_robomaker_residential_Pillow_01
[1.345s] -- Up-to-date: /home/eeiww/ud90uhak/bumperbot_ws/src/install/bumperbot_description/share/bumperbot_description/models/aws_robomaker_residential_Pillow_01/meshes
[1.348s] -- Up-to-date: /home/eeiww/ud90uhak/bumperbot_ws/src/install/bumperbot_description/share/bumperbot_description/models/aws_robomaker_residential_Pillow_01/meshes/aws_Pillow_01_visual.DAE
[1.349s] -- Up-to-date: /home/eeiww/ud90uhak/bumperbot_ws/src/install/bumperbot_description/share/bumperbot_description/models/aws_robomaker_residential_Pillow_01/meshes/aws_Pillow_01_collision.DAE
[1.350s] -- Up-to-date: /home/eeiww/ud90uhak/bumperbot_ws/src/install/bumperbot_description/share/bumperbot_description/models/aws_robomaker_residential_Pillow_01/model.sdf
[1.351s] -- Up-to-date: /home/eeiww/ud90uhak/bumperbot_ws/src/install/bumperbot_description/share/bumperbot_description/models/aws_robomaker_residential_Pillow_01/model.config
[1.352s] -- Up-to-date: /home/eeiww/ud90uhak/bumperbot_ws/src/install/bumperbot_description/share/bumperbot_description/models/aws_robomaker_residential_Pillow_01/materials
[1.360s] -- Up-to-date: /home/eeiww/ud90uhak/bumperbot_ws/src/install/bumperbot_description/share/bumperbot_description/models/aws_robomaker_residential_Pillow_01/materials/textures
[1.361s] -- Up-to-date: /home/eeiww/ud90uhak/bumperbot_ws/src/install/bumperbot_description/share/bumperbot_description/models/aws_robomaker_residential_Pillow_01/materials/textures/aws_Pillow_01.png
[1.361s] -- Up-to-date: /home/eeiww/ud90uhak/bumperbot_ws/src/install/bumperbot_description/share/bumperbot_description/models/aws_robomaker_residential_SofaC_01
[1.361s] -- Up-to-date: /home/eeiww/ud90uhak/bumperbot_ws/src/install/bumperbot_description/share/bumperbot_description/models/aws_robomaker_residential_SofaC_01/meshes
[1.362s] -- Up-to-date: /home/eeiww/ud90uhak/bumperbot_ws/src/install/bumperbot_description/share/bumperbot_description/models/aws_robomaker_residential_SofaC_01/meshes/aws_SofaC_01_collision.DAE
[1.363s] -- Up-to-date: /home/eeiww/ud90uhak/bumperbot_ws/src/install/bumperbot_description/share/bumperbot_description/models/aws_robomaker_residential_SofaC_01/meshes/aws_SofaC_01_visual.DAE
[1.364s] -- Up-to-date: /home/eeiww/ud90uhak/bumperbot_ws/src/install/bumperbot_description/share/bumperbot_description/models/aws_robomaker_residential_SofaC_01/model.sdf
[1.365s] -- Up-to-date: /home/eeiww/ud90uhak/bumperbot_ws/src/install/bumperbot_description/share/bumperbot_description/models/aws_robomaker_residential_SofaC_01/model.config
[1.366s] -- Up-to-date: /home/eeiww/ud90uhak/bumperbot_ws/src/install/bumperbot_description/share/bumperbot_description/models/aws_robomaker_residential_SofaC_01/materials
[1.367s] -- Up-to-date: /home/eeiww/ud90uhak/bumperbot_ws/src/install/bumperbot_description/share/bumperbot_description/models/aws_robomaker_residential_SofaC_01/materials/textures
[1.370s] -- Up-to-date: /home/eeiww/ud90uhak/bumperbot_ws/src/install/bumperbot_description/share/bumperbot_description/models/aws_robomaker_residential_SofaC_01/materials/textures/aws_SofaC_01.png
[1.370s] -- Up-to-date: /home/eeiww/ud90uhak/bumperbot_ws/src/install/bumperbot_description/share/bumperbot_description/models/aws_robomaker_residential_TVCabinet_01
[1.372s] -- Up-to-date: /home/eeiww/ud90uhak/bumperbot_ws/src/install/bumperbot_description/share/bumperbot_description/models/aws_robomaker_residential_TVCabinet_01/meshes
[1.375s] -- Up-to-date: /home/eeiww/ud90uhak/bumperbot_ws/src/install/bumperbot_description/share/bumperbot_description/models/aws_robomaker_residential_TVCabinet_01/meshes/aws_TVCabinet_01_collision.DAE
[1.376s] -- Up-to-date: /home/eeiww/ud90uhak/bumperbot_ws/src/install/bumperbot_description/share/bumperbot_description/models/aws_robomaker_residential_TVCabinet_01/meshes/aws_TVCabinet_01_visual.DAE
[1.378s] -- Up-to-date: /home/eeiww/ud90uhak/bumperbot_ws/src/install/bumperbot_description/share/bumperbot_description/models/aws_robomaker_residential_TVCabinet_01/model.sdf
[1.379s] -- Up-to-date: /home/eeiww/ud90uhak/bumperbot_ws/src/install/bumperbot_description/share/bumperbot_description/models/aws_robomaker_residential_TVCabinet_01/model.config
[1.379s] -- Up-to-date: /home/eeiww/ud90uhak/bumperbot_ws/src/install/bumperbot_description/share/bumperbot_description/models/aws_robomaker_residential_TVCabinet_01/materials
[1.381s] -- Up-to-date: /home/eeiww/ud90uhak/bumperbot_ws/src/install/bumperbot_description/share/bumperbot_description/models/aws_robomaker_residential_TVCabinet_01/materials/textures
[1.383s] -- Up-to-date: /home/eeiww/ud90uhak/bumperbot_ws/src/install/bumperbot_description/share/bumperbot_description/models/aws_robomaker_residential_TVCabinet_01/materials/textures/aws_TVCabinet_01.png
[1.384s] -- Up-to-date: /home/eeiww/ud90uhak/bumperbot_ws/src/install/bumperbot_description/share/bumperbot_description/models/aws_robomaker_residential_SofaB_01
[1.385s] -- Up-to-date: /home/eeiww/ud90uhak/bumperbot_ws/src/install/bumperbot_description/share/bumperbot_description/models/aws_robomaker_residential_SofaB_01/meshes
[1.387s] -- Up-to-date: /home/eeiww/ud90uhak/bumperbot_ws/src/install/bumperbot_description/share/bumperbot_description/models/aws_robomaker_residential_SofaB_01/meshes/aws_SofaB_01_visual.DAE
[1.388s] -- Up-to-date: /home/eeiww/ud90uhak/bumperbot_ws/src/install/bumperbot_description/share/bumperbot_description/models/aws_robomaker_residential_SofaB_01/meshes/aws_SofaB_01_collision.DAE
[1.389s] -- Up-to-date: /home/eeiww/ud90uhak/bumperbot_ws/src/install/bumperbot_description/share/bumperbot_description/models/aws_robomaker_residential_SofaB_01/model.sdf
[1.390s] -- Up-to-date: /home/eeiww/ud90uhak/bumperbot_ws/src/install/bumperbot_description/share/bumperbot_description/models/aws_robomaker_residential_SofaB_01/model.config
[1.392s] -- Up-to-date: /home/eeiww/ud90uhak/bumperbot_ws/src/install/bumperbot_description/share/bumperbot_description/models/aws_robomaker_residential_SofaB_01/materials
[1.394s] -- Up-to-date: /home/eeiww/ud90uhak/bumperbot_ws/src/install/bumperbot_description/share/bumperbot_description/models/aws_robomaker_residential_SofaB_01/materials/textures
[1.396s] -- Up-to-date: /home/eeiww/ud90uhak/bumperbot_ws/src/install/bumperbot_description/share/bumperbot_description/models/aws_robomaker_residential_SofaB_01/materials/textures/aws_SofaB_01.png
[1.397s] -- Up-to-date: /home/eeiww/ud90uhak/bumperbot_ws/src/install/bumperbot_description/share/bumperbot_description/models/aws_robomaker_residential_CookingBench_01
[1.398s] -- Up-to-date: /home/eeiww/ud90uhak/bumperbot_ws/src/install/bumperbot_description/share/bumperbot_description/models/aws_robomaker_residential_CookingBench_01/meshes
[1.401s] -- Up-to-date: /home/eeiww/ud90uhak/bumperbot_ws/src/install/bumperbot_description/share/bumperbot_description/models/aws_robomaker_residential_CookingBench_01/meshes/aws_CookingBench_01_collision.DAE
[1.401s] -- Up-to-date: /home/eeiww/ud90uhak/bumperbot_ws/src/install/bumperbot_description/share/bumperbot_description/models/aws_robomaker_residential_CookingBench_01/meshes/aws_CookingBench_01_visual.DAE
[1.402s] -- Up-to-date: /home/eeiww/ud90uhak/bumperbot_ws/src/install/bumperbot_description/share/bumperbot_description/models/aws_robomaker_residential_CookingBench_01/meshes/aws_CookingBench_01.DAE
[1.404s] -- Up-to-date: /home/eeiww/ud90uhak/bumperbot_ws/src/install/bumperbot_description/share/bumperbot_description/models/aws_robomaker_residential_CookingBench_01/model.sdf
[1.404s] -- Up-to-date: /home/eeiww/ud90uhak/bumperbot_ws/src/install/bumperbot_description/share/bumperbot_description/models/aws_robomaker_residential_CookingBench_01/model.config
[1.405s] -- Up-to-date: /home/eeiww/ud90uhak/bumperbot_ws/src/install/bumperbot_description/share/bumperbot_description/models/aws_robomaker_residential_CookingBench_01/materials
[1.407s] -- Up-to-date: /home/eeiww/ud90uhak/bumperbot_ws/src/install/bumperbot_description/share/bumperbot_description/models/aws_robomaker_residential_CookingBench_01/materials/textures
[1.409s] -- Up-to-date: /home/eeiww/ud90uhak/bumperbot_ws/src/install/bumperbot_description/share/bumperbot_description/models/aws_robomaker_residential_CookingBench_01/materials/textures/aws_CookingBench_01.png
[1.410s] -- Up-to-date: /home/eeiww/ud90uhak/bumperbot_ws/src/install/bumperbot_description/share/bumperbot_description/models/aws_robomaker_warehouse_DeskC_01
[1.412s] -- Up-to-date: /home/eeiww/ud90uhak/bumperbot_ws/src/install/bumperbot_description/share/bumperbot_description/models/aws_robomaker_warehouse_DeskC_01/meshes
[1.414s] -- Up-to-date: /home/eeiww/ud90uhak/bumperbot_ws/src/install/bumperbot_description/share/bumperbot_description/models/aws_robomaker_warehouse_DeskC_01/meshes/aws_robomaker_warehouse_DeskC_01_collision.DAE
[1.415s] -- Up-to-date: /home/eeiww/ud90uhak/bumperbot_ws/src/install/bumperbot_description/share/bumperbot_description/models/aws_robomaker_warehouse_DeskC_01/meshes/aws_robomaker_warehouse_DeskC_01_visual.DAE
[1.416s] -- Up-to-date: /home/eeiww/ud90uhak/bumperbot_ws/src/install/bumperbot_description/share/bumperbot_description/models/aws_robomaker_warehouse_DeskC_01/model.sdf
[1.417s] -- Up-to-date: /home/eeiww/ud90uhak/bumperbot_ws/src/install/bumperbot_description/share/bumperbot_description/models/aws_robomaker_warehouse_DeskC_01/model.config
[1.418s] -- Up-to-date: /home/eeiww/ud90uhak/bumperbot_ws/src/install/bumperbot_description/share/bumperbot_description/models/aws_robomaker_warehouse_DeskC_01/materials
[1.420s] -- Up-to-date: /home/eeiww/ud90uhak/bumperbot_ws/src/install/bumperbot_description/share/bumperbot_description/models/aws_robomaker_warehouse_DeskC_01/materials/textures
[1.423s] -- Up-to-date: /home/eeiww/ud90uhak/bumperbot_ws/src/install/bumperbot_description/share/bumperbot_description/models/aws_robomaker_warehouse_DeskC_01/materials/textures/aws_robomaker_warehouse_DeskC_01.png
[1.424s] -- Up-to-date: /home/eeiww/ud90uhak/bumperbot_ws/src/install/bumperbot_description/share/bumperbot_description/models/aws_robomaker_warehouse_DeskC_01/materials/textures/aws_robomaker_warehouse_DeskC_02.png
[1.425s] -- Up-to-date: /home/eeiww/ud90uhak/bumperbot_ws/src/install/bumperbot_description/share/bumperbot_description/models/aws_robomaker_warehouse_DeskC_01/materials/textures/aws_robomaker_warehouse_DeskC_03.psd
[1.427s] -- Up-to-date: /home/eeiww/ud90uhak/bumperbot_ws/src/install/bumperbot_description/share/bumperbot_description/models/aws_robomaker_warehouse_DeskC_01/materials/textures/aws_robomaker_warehouse_DeskC_03.png
[1.428s] -- Up-to-date: /home/eeiww/ud90uhak/bumperbot_ws/src/install/bumperbot_description/share/bumperbot_description/models/aws_robomaker_warehouse_DeskC_01/materials/textures/aws_robomaker_warehouse_DeskC_04.png
[1.429s] -- Up-to-date: /home/eeiww/ud90uhak/bumperbot_ws/src/install/bumperbot_description/share/bumperbot_description/models/aws_robomaker_warehouse_DeskC_01/materials/.DS_Store
[1.430s] -- Up-to-date: /home/eeiww/ud90uhak/bumperbot_ws/src/install/bumperbot_description/share/bumperbot_description/models/aws_robomaker_residential_PortraitA_02
[1.431s] -- Up-to-date: /home/eeiww/ud90uhak/bumperbot_ws/src/install/bumperbot_description/share/bumperbot_description/models/aws_robomaker_residential_PortraitA_02/meshes
[1.434s] -- Up-to-date: /home/eeiww/ud90uhak/bumperbot_ws/src/install/bumperbot_description/share/bumperbot_description/models/aws_robomaker_residential_PortraitA_02/meshes/aws_PortraitA_01_visual.DAE
[1.435s] -- Up-to-date: /home/eeiww/ud90uhak/bumperbot_ws/src/install/bumperbot_description/share/bumperbot_description/models/aws_robomaker_residential_PortraitA_02/meshes/aws_PortraitA_01_collision.DAE
[1.436s] -- Up-to-date: /home/eeiww/ud90uhak/bumperbot_ws/src/install/bumperbot_description/share/bumperbot_description/models/aws_robomaker_residential_PortraitA_02/model.sdf
[1.437s] -- Up-to-date: /home/eeiww/ud90uhak/bumperbot_ws/src/install/bumperbot_description/share/bumperbot_description/models/aws_robomaker_residential_PortraitA_02/model.config
[1.438s] -- Up-to-date: /home/eeiww/ud90uhak/bumperbot_ws/src/install/bumperbot_description/share/bumperbot_description/models/aws_robomaker_residential_PortraitA_02/materials
[1.439s] -- Up-to-date: /home/eeiww/ud90uhak/bumperbot_ws/src/install/bumperbot_description/share/bumperbot_description/models/aws_robomaker_residential_PortraitA_02/materials/textures
[1.442s] -- Up-to-date: /home/eeiww/ud90uhak/bumperbot_ws/src/install/bumperbot_description/share/bumperbot_description/models/aws_robomaker_residential_PortraitA_02/materials/textures/aws_PortraitA_01.png
[1.443s] -- Up-to-date: /home/eeiww/ud90uhak/bumperbot_ws/src/install/bumperbot_description/share/bumperbot_description/models/aws_robomaker_residential_PortraitA_02/materials/textures/aws_PortraitA_02.png
[1.443s] -- Up-to-date: /home/eeiww/ud90uhak/bumperbot_ws/src/install/bumperbot_description/share/bumperbot_description/models/aws_robomaker_warehouse_RoofB_01
[1.445s] -- Up-to-date: /home/eeiww/ud90uhak/bumperbot_ws/src/install/bumperbot_description/share/bumperbot_description/models/aws_robomaker_warehouse_RoofB_01/meshes
[1.447s] -- Up-to-date: /home/eeiww/ud90uhak/bumperbot_ws/src/install/bumperbot_description/share/bumperbot_description/models/aws_robomaker_warehouse_RoofB_01/meshes/aws_robomaker_warehouse_RoofB_01_collision.DAE
[1.448s] -- Up-to-date: /home/eeiww/ud90uhak/bumperbot_ws/src/install/bumperbot_description/share/bumperbot_description/models/aws_robomaker_warehouse_RoofB_01/meshes/aws_robomaker_warehouse_RoofB_01_visual.DAE
[1.449s] -- Up-to-date: /home/eeiww/ud90uhak/bumperbot_ws/src/install/bumperbot_description/share/bumperbot_description/models/aws_robomaker_warehouse_RoofB_01/model.sdf
[1.450s] -- Up-to-date: /home/eeiww/ud90uhak/bumperbot_ws/src/install/bumperbot_description/share/bumperbot_description/models/aws_robomaker_warehouse_RoofB_01/model.config
[1.451s] -- Up-to-date: /home/eeiww/ud90uhak/bumperbot_ws/src/install/bumperbot_description/share/bumperbot_description/models/aws_robomaker_warehouse_RoofB_01/materials
[1.452s] -- Up-to-date: /home/eeiww/ud90uhak/bumperbot_ws/src/install/bumperbot_description/share/bumperbot_description/models/aws_robomaker_warehouse_RoofB_01/materials/textures
[1.455s] -- Up-to-date: /home/eeiww/ud90uhak/bumperbot_ws/src/install/bumperbot_description/share/bumperbot_description/models/aws_robomaker_warehouse_RoofB_01/materials/textures/aws_robomaker_warehouse_RoofB_01.png
[1.455s] -- Up-to-date: /home/eeiww/ud90uhak/bumperbot_ws/src/install/bumperbot_description/share/bumperbot_description/models/aws_robomaker_residential_Vase_01
[1.457s] -- Up-to-date: /home/eeiww/ud90uhak/bumperbot_ws/src/install/bumperbot_description/share/bumperbot_description/models/aws_robomaker_residential_Vase_01/meshes
[1.459s] -- Up-to-date: /home/eeiww/ud90uhak/bumperbot_ws/src/install/bumperbot_description/share/bumperbot_description/models/aws_robomaker_residential_Vase_01/meshes/aws_Vase_01_collision.DAE
[1.460s] -- Up-to-date: /home/eeiww/ud90uhak/bumperbot_ws/src/install/bumperbot_description/share/bumperbot_description/models/aws_robomaker_residential_Vase_01/meshes/aws_Vase_01_visual.DAE
[1.461s] -- Up-to-date: /home/eeiww/ud90uhak/bumperbot_ws/src/install/bumperbot_description/share/bumperbot_description/models/aws_robomaker_residential_Vase_01/model.sdf
[1.462s] -- Up-to-date: /home/eeiww/ud90uhak/bumperbot_ws/src/install/bumperbot_description/share/bumperbot_description/models/aws_robomaker_residential_Vase_01/model.config
[1.462s] -- Up-to-date: /home/eeiww/ud90uhak/bumperbot_ws/src/install/bumperbot_description/share/bumperbot_description/models/aws_robomaker_residential_Vase_01/materials
[1.464s] -- Up-to-date: /home/eeiww/ud90uhak/bumperbot_ws/src/install/bumperbot_description/share/bumperbot_description/models/aws_robomaker_residential_Vase_01/materials/textures
[1.466s] -- Up-to-date: /home/eeiww/ud90uhak/bumperbot_ws/src/install/bumperbot_description/share/bumperbot_description/models/aws_robomaker_residential_Vase_01/materials/textures/aws_Vase_01.png
[1.467s] -- Up-to-date: /home/eeiww/ud90uhak/bumperbot_ws/src/install/bumperbot_description/share/bumperbot_description/models/aws_robomaker_residential_PortraitE_02
[1.468s] -- Up-to-date: /home/eeiww/ud90uhak/bumperbot_ws/src/install/bumperbot_description/share/bumperbot_description/models/aws_robomaker_residential_PortraitE_02/meshes
[1.475s] -- Up-to-date: /home/eeiww/ud90uhak/bumperbot_ws/src/install/bumperbot_description/share/bumperbot_description/models/aws_robomaker_residential_PortraitE_02/meshes/aws_PortraitE_01_collision.DAE
[1.475s] -- Up-to-date: /home/eeiww/ud90uhak/bumperbot_ws/src/install/bumperbot_description/share/bumperbot_description/models/aws_robomaker_residential_PortraitE_02/meshes/aws_PortraitE_01_visual.DAE
[1.475s] -- Up-to-date: /home/eeiww/ud90uhak/bumperbot_ws/src/install/bumperbot_description/share/bumperbot_description/models/aws_robomaker_residential_PortraitE_02/model.sdf
[1.475s] -- Up-to-date: /home/eeiww/ud90uhak/bumperbot_ws/src/install/bumperbot_description/share/bumperbot_description/models/aws_robomaker_residential_PortraitE_02/model.config
[1.476s] -- Up-to-date: /home/eeiww/ud90uhak/bumperbot_ws/src/install/bumperbot_description/share/bumperbot_description/models/aws_robomaker_residential_PortraitE_02/materials
[1.476s] -- Up-to-date: /home/eeiww/ud90uhak/bumperbot_ws/src/install/bumperbot_description/share/bumperbot_description/models/aws_robomaker_residential_PortraitE_02/materials/textures
[1.477s] -- Up-to-date: /home/eeiww/ud90uhak/bumperbot_ws/src/install/bumperbot_description/share/bumperbot_description/models/aws_robomaker_residential_PortraitE_02/materials/textures/aws_PortraitE_02.png
[1.478s] -- Up-to-date: /home/eeiww/ud90uhak/bumperbot_ws/src/install/bumperbot_description/share/bumperbot_description/models/aws_robomaker_residential_PortraitE_02/materials/textures/aws_PortraitE_01.png
[1.478s] -- Up-to-date: /home/eeiww/ud90uhak/bumperbot_ws/src/install/bumperbot_description/share/bumperbot_description/models/aws_robomaker_residential_Door_01
[1.480s] -- Up-to-date: /home/eeiww/ud90uhak/bumperbot_ws/src/install/bumperbot_description/share/bumperbot_description/models/aws_robomaker_residential_Door_01/meshes
[1.481s] -- Up-to-date: /home/eeiww/ud90uhak/bumperbot_ws/src/install/bumperbot_description/share/bumperbot_description/models/aws_robomaker_residential_Door_01/meshes/aws_Door_01_collision.DAE
[1.482s] -- Up-to-date: /home/eeiww/ud90uhak/bumperbot_ws/src/install/bumperbot_description/share/bumperbot_description/models/aws_robomaker_residential_Door_01/meshes/aws_Door_01_visual.DAE
[1.483s] -- Up-to-date: /home/eeiww/ud90uhak/bumperbot_ws/src/install/bumperbot_description/share/bumperbot_description/models/aws_robomaker_residential_Door_01/model.sdf
[1.484s] -- Up-to-date: /home/eeiww/ud90uhak/bumperbot_ws/src/install/bumperbot_description/share/bumperbot_description/models/aws_robomaker_residential_Door_01/model.config
[1.484s] -- Up-to-date: /home/eeiww/ud90uhak/bumperbot_ws/src/install/bumperbot_description/share/bumperbot_description/models/aws_robomaker_residential_Door_01/materials
[1.486s] -- Up-to-date: /home/eeiww/ud90uhak/bumperbot_ws/src/install/bumperbot_description/share/bumperbot_description/models/aws_robomaker_residential_Door_01/materials/textures
[1.487s] -- Up-to-date: /home/eeiww/ud90uhak/bumperbot_ws/src/install/bumperbot_description/share/bumperbot_description/models/aws_robomaker_residential_Door_01/materials/textures/aws_Door_01.png
[1.488s] -- Up-to-date: /home/eeiww/ud90uhak/bumperbot_ws/src/install/bumperbot_description/share/bumperbot_description/models/aws_robomaker_warehouse_ClutteringA_01
[1.489s] -- Up-to-date: /home/eeiww/ud90uhak/bumperbot_ws/src/install/bumperbot_description/share/bumperbot_description/models/aws_robomaker_warehouse_ClutteringA_01/meshes
[1.491s] -- Up-to-date: /home/eeiww/ud90uhak/bumperbot_ws/src/install/bumperbot_description/share/bumperbot_description/models/aws_robomaker_warehouse_ClutteringA_01/meshes/aws_robomaker_warehouse_ClutteringA_01_collision.DAE
[1.492s] -- Up-to-date: /home/eeiww/ud90uhak/bumperbot_ws/src/install/bumperbot_description/share/bumperbot_description/models/aws_robomaker_warehouse_ClutteringA_01/meshes/aws_robomaker_warehouse_ClutteringA_01_visual.DAE
[1.493s] -- Up-to-date: /home/eeiww/ud90uhak/bumperbot_ws/src/install/bumperbot_description/share/bumperbot_description/models/aws_robomaker_warehouse_ClutteringA_01/model.sdf
[1.494s] -- Up-to-date: /home/eeiww/ud90uhak/bumperbot_ws/src/install/bumperbot_description/share/bumperbot_description/models/aws_robomaker_warehouse_ClutteringA_01/.DS_Store
[1.494s] -- Up-to-date: /home/eeiww/ud90uhak/bumperbot_ws/src/install/bumperbot_description/share/bumperbot_description/models/aws_robomaker_warehouse_ClutteringA_01/model.config
[1.495s] -- Up-to-date: /home/eeiww/ud90uhak/bumperbot_ws/src/install/bumperbot_description/share/bumperbot_description/models/aws_robomaker_warehouse_ClutteringA_01/materials
[1.497s] -- Up-to-date: /home/eeiww/ud90uhak/bumperbot_ws/src/install/bumperbot_description/share/bumperbot_description/models/aws_robomaker_warehouse_ClutteringA_01/materials/textures
[1.499s] -- Up-to-date: /home/eeiww/ud90uhak/bumperbot_ws/src/install/bumperbot_description/share/bumperbot_description/models/aws_robomaker_warehouse_ClutteringA_01/materials/textures/aws_robomaker_warehouse_ClutteringA_02.png
[1.500s] -- Up-to-date: /home/eeiww/ud90uhak/bumperbot_ws/src/install/bumperbot_description/share/bumperbot_description/models/aws_robomaker_warehouse_ClutteringA_01/materials/textures/aws_robomaker_warehouse_ClutteringA_01.png
[1.501s] -- Up-to-date: /home/eeiww/ud90uhak/bumperbot_ws/src/install/bumperbot_description/share/bumperbot_description/models/aws_robomaker_warehouse_ClutteringA_01/materials/textures/.DS_Store
[1.502s] -- Up-to-date: /home/eeiww/ud90uhak/bumperbot_ws/src/install/bumperbot_description/share/bumperbot_description/models/aws_robomaker_warehouse_ClutteringA_01/materials/textures/aws_robomaker_warehouse_ClutteringA_03.png
[1.503s] -- Up-to-date: /home/eeiww/ud90uhak/bumperbot_ws/src/install/bumperbot_description/share/bumperbot_description/models/aws_robomaker_warehouse_ClutteringA_01/materials/.DS_Store
[1.504s] -- Up-to-date: /home/eeiww/ud90uhak/bumperbot_ws/src/install/bumperbot_description/share/bumperbot_description/models/aws_robomaker_residential_PortraitD_01
[1.505s] -- Up-to-date: /home/eeiww/ud90uhak/bumperbot_ws/src/install/bumperbot_description/share/bumperbot_description/models/aws_robomaker_residential_PortraitD_01/meshes
[1.508s] -- Up-to-date: /home/eeiww/ud90uhak/bumperbot_ws/src/install/bumperbot_description/share/bumperbot_description/models/aws_robomaker_residential_PortraitD_01/meshes/aws_PortraitD_01_collision.DAE
[1.509s] -- Up-to-date: /home/eeiww/ud90uhak/bumperbot_ws/src/install/bumperbot_description/share/bumperbot_description/models/aws_robomaker_residential_PortraitD_01/meshes/aws_PortraitD_01_visual.DAE
[1.510s] -- Up-to-date: /home/eeiww/ud90uhak/bumperbot_ws/src/install/bumperbot_description/share/bumperbot_description/models/aws_robomaker_residential_PortraitD_01/model.sdf
[1.511s] -- Up-to-date: /home/eeiww/ud90uhak/bumperbot_ws/src/install/bumperbot_description/share/bumperbot_description/models/aws_robomaker_residential_PortraitD_01/model.config
[1.512s] -- Up-to-date: /home/eeiww/ud90uhak/bumperbot_ws/src/install/bumperbot_description/share/bumperbot_description/models/aws_robomaker_residential_PortraitD_01/materials
[1.514s] -- Up-to-date: /home/eeiww/ud90uhak/bumperbot_ws/src/install/bumperbot_description/share/bumperbot_description/models/aws_robomaker_residential_PortraitD_01/materials/textures
[1.516s] -- Up-to-date: /home/eeiww/ud90uhak/bumperbot_ws/src/install/bumperbot_description/share/bumperbot_description/models/aws_robomaker_residential_PortraitD_01/materials/textures/aws_PortraitD_01.png
[1.517s] -- Up-to-date: /home/eeiww/ud90uhak/bumperbot_ws/src/install/bumperbot_description/share/bumperbot_description/models/aws_robomaker_residential_PortraitD_01/materials/textures/aws_PortraitD_02.png
[1.518s] -- Up-to-date: /home/eeiww/ud90uhak/bumperbot_ws/src/install/bumperbot_description/share/bumperbot_description/models/aws_robomaker_residential_DeskPortraitA_02
[1.520s] -- Up-to-date: /home/eeiww/ud90uhak/bumperbot_ws/src/install/bumperbot_description/share/bumperbot_description/models/aws_robomaker_residential_DeskPortraitA_02/meshes
[1.522s] -- Up-to-date: /home/eeiww/ud90uhak/bumperbot_ws/src/install/bumperbot_description/share/bumperbot_description/models/aws_robomaker_residential_DeskPortraitA_02/meshes/aws_DeskPortraitA_01_visual.DAE
[1.523s] -- Up-to-date: /home/eeiww/ud90uhak/bumperbot_ws/src/install/bumperbot_description/share/bumperbot_description/models/aws_robomaker_residential_DeskPortraitA_02/meshes/aws_DeskPortraitA_01_collision.DAE
[1.524s] -- Up-to-date: /home/eeiww/ud90uhak/bumperbot_ws/src/install/bumperbot_description/share/bumperbot_description/models/aws_robomaker_residential_DeskPortraitA_02/model.sdf
[1.525s] -- Up-to-date: /home/eeiww/ud90uhak/bumperbot_ws/src/install/bumperbot_description/share/bumperbot_description/models/aws_robomaker_residential_DeskPortraitA_02/model.config
[1.525s] -- Up-to-date: /home/eeiww/ud90uhak/bumperbot_ws/src/install/bumperbot_description/share/bumperbot_description/models/aws_robomaker_residential_DeskPortraitA_02/materials
[1.527s] -- Up-to-date: /home/eeiww/ud90uhak/bumperbot_ws/src/install/bumperbot_description/share/bumperbot_description/models/aws_robomaker_residential_DeskPortraitA_02/materials/textures
[1.529s] -- Up-to-date: /home/eeiww/ud90uhak/bumperbot_ws/src/install/bumperbot_description/share/bumperbot_description/models/aws_robomaker_residential_DeskPortraitA_02/materials/textures/aws_DeskPortraitA_02.png
[1.530s] -- Up-to-date: /home/eeiww/ud90uhak/bumperbot_ws/src/install/bumperbot_description/share/bumperbot_description/models/aws_robomaker_residential_DeskPortraitA_02/materials/textures/aws_DeskPortraitA_01.png
[1.530s] -- Up-to-date: /home/eeiww/ud90uhak/bumperbot_ws/src/install/bumperbot_description/share/bumperbot_description/models/aws_robomaker_residential_AirconditionerA_01
[1.532s] -- Up-to-date: /home/eeiww/ud90uhak/bumperbot_ws/src/install/bumperbot_description/share/bumperbot_description/models/aws_robomaker_residential_AirconditionerA_01/meshes
[1.534s] -- Up-to-date: /home/eeiww/ud90uhak/bumperbot_ws/src/install/bumperbot_description/share/bumperbot_description/models/aws_robomaker_residential_AirconditionerA_01/meshes/aws__Air conditioner_01.DAE
[1.535s] -- Up-to-date: /home/eeiww/ud90uhak/bumperbot_ws/src/install/bumperbot_description/share/bumperbot_description/models/aws_robomaker_residential_AirconditionerA_01/meshes/aws_AirconditionerA_01_collision.DAE
[1.536s] -- Up-to-date: /home/eeiww/ud90uhak/bumperbot_ws/src/install/bumperbot_description/share/bumperbot_description/models/aws_robomaker_residential_AirconditionerA_01/meshes/aws_AirconditionerA_01_visual.DAE
[1.537s] -- Up-to-date: /home/eeiww/ud90uhak/bumperbot_ws/src/install/bumperbot_description/share/bumperbot_description/models/aws_robomaker_residential_AirconditionerA_01/model.sdf
[1.538s] -- Up-to-date: /home/eeiww/ud90uhak/bumperbot_ws/src/install/bumperbot_description/share/bumperbot_description/models/aws_robomaker_residential_AirconditionerA_01/model.config
[1.538s] -- Up-to-date: /home/eeiww/ud90uhak/bumperbot_ws/src/install/bumperbot_description/share/bumperbot_description/models/aws_robomaker_residential_AirconditionerA_01/materials
[1.540s] -- Up-to-date: /home/eeiww/ud90uhak/bumperbot_ws/src/install/bumperbot_description/share/bumperbot_description/models/aws_robomaker_residential_AirconditionerA_01/materials/textures
[1.542s] -- Up-to-date: /home/eeiww/ud90uhak/bumperbot_ws/src/install/bumperbot_description/share/bumperbot_description/models/aws_robomaker_residential_AirconditionerA_01/materials/textures/aws_AirconditionerA_01.png
[1.543s] -- Up-to-date: /home/eeiww/ud90uhak/bumperbot_ws/src/install/bumperbot_description/share/bumperbot_description/worlds
[1.545s] -- Up-to-date: /home/eeiww/ud90uhak/bumperbot_ws/src/install/bumperbot_description/share/bumperbot_description/worlds/empty.world
[1.545s] -- Up-to-date: /home/eeiww/ud90uhak/bumperbot_ws/src/install/bumperbot_description/share/bumperbot_description/worlds/small_warehouse.world
[1.546s] -- Up-to-date: /home/eeiww/ud90uhak/bumperbot_ws/src/install/bumperbot_description/share/bumperbot_description/worlds/small_house.world
[1.547s] -- Up-to-date: /home/eeiww/ud90uhak/bumperbot_ws/src/install/bumperbot_description/share/bumperbot_description/photos
[1.549s] -- Up-to-date: /home/eeiww/ud90uhak/bumperbot_ws/src/install/bumperbot_description/share/bumperbot_description/photos/PortraitA_01.jpg
[1.550s] -- Up-to-date: /home/eeiww/ud90uhak/bumperbot_ws/src/install/bumperbot_description/share/bumperbot_description/photos/PortraitE_01.jpg
[1.551s] -- Up-to-date: /home/eeiww/ud90uhak/bumperbot_ws/src/install/bumperbot_description/share/bumperbot_description/photos/DeskPortraitC_02.jpg
[1.552s] -- Up-to-date: /home/eeiww/ud90uhak/bumperbot_ws/src/install/bumperbot_description/share/bumperbot_description/photos/DeskPortraitD_02.jpg
[1.553s] -- Up-to-date: /home/eeiww/ud90uhak/bumperbot_ws/src/install/bumperbot_description/share/bumperbot_description/photos/PortraitB_02.jpg
[1.554s] -- Up-to-date: /home/eeiww/ud90uhak/bumperbot_ws/src/install/bumperbot_description/share/bumperbot_description/photos/DeskPortraitD_01.jpg
[1.555s] -- Up-to-date: /home/eeiww/ud90uhak/bumperbot_ws/src/install/bumperbot_description/share/bumperbot_description/photos/DeskPortraitA_01.jpg
[1.555s] -- Up-to-date: /home/eeiww/ud90uhak/bumperbot_ws/src/install/bumperbot_description/share/bumperbot_description/photos/DeskPortraitC_01.jpg
[1.557s] -- Up-to-date: /home/eeiww/ud90uhak/bumperbot_ws/src/install/bumperbot_description/share/bumperbot_description/photos/PortraitD_01.jpg
[1.558s] -- Up-to-date: /home/eeiww/ud90uhak/bumperbot_ws/src/install/bumperbot_description/share/bumperbot_description/photos/PortraitE_02.jpg
[1.559s] -- Up-to-date: /home/eeiww/ud90uhak/bumperbot_ws/src/install/bumperbot_description/share/bumperbot_description/photos/DeskPortraitB_02.jpg
[1.560s] -- Up-to-date: /home/eeiww/ud90uhak/bumperbot_ws/src/install/bumperbot_description/share/bumperbot_description/photos/PortraitC_01.jpg
[1.560s] -- Up-to-date: /home/eeiww/ud90uhak/bumperbot_ws/src/install/bumperbot_description/share/bumperbot_description/photos/PortraitD_02.jpg
[1.561s] -- Up-to-date: /home/eeiww/ud90uhak/bumperbot_ws/src/install/bumperbot_description/share/bumperbot_description/photos/PortraitB_01.jpg
[1.562s] -- Up-to-date: /home/eeiww/ud90uhak/bumperbot_ws/src/install/bumperbot_description/share/bumperbot_description/photos/DeskPortraitD_04.jpg
[1.563s] -- Up-to-date: /home/eeiww/ud90uhak/bumperbot_ws/src/install/bumperbot_description/share/bumperbot_description/photos/DeskPortraitD_03.jpg
[1.564s] -- Up-to-date: /home/eeiww/ud90uhak/bumperbot_ws/src/install/bumperbot_description/share/bumperbot_description/photos/DeskPortraitA_02.jpg
[1.565s] -- Up-to-date: /home/eeiww/ud90uhak/bumperbot_ws/src/install/bumperbot_description/share/bumperbot_description/photos/DeskPortraitB_01.jpg
[1.566s] -- Up-to-date: /home/eeiww/ud90uhak/bumperbot_ws/src/install/bumperbot_description/share/bumperbot_description/photos/PortraitA_02.jpg
[1.567s] -- Up-to-date: /home/eeiww/ud90uhak/bumperbot_ws/src/install/bumperbot_description/share/bumperbot_description/photos/PortraitB_03.jpg
[1.569s] -- Up-to-date: /home/eeiww/ud90uhak/bumperbot_ws/src/install/bumperbot_description/share/ament_index/resource_index/package_run_dependencies/bumperbot_description
[1.570s] -- Up-to-date: /home/eeiww/ud90uhak/bumperbot_ws/src/install/bumperbot_description/share/ament_index/resource_index/parent_prefix_path/bumperbot_description
[1.571s] -- Installing: /home/eeiww/ud90uhak/bumperbot_ws/src/install/bumperbot_description/share/bumperbot_description/environment/ament_prefix_path.sh
[1.577s] -- Up-to-date: /home/eeiww/ud90uhak/bumperbot_ws/src/install/bumperbot_description/share/bumperbot_description/environment/ament_prefix_path.dsv
[1.578s] -- Installing: /home/eeiww/ud90uhak/bumperbot_ws/src/install/bumperbot_description/share/bumperbot_description/environment/path.sh
[1.583s] -- Up-to-date: /home/eeiww/ud90uhak/bumperbot_ws/src/install/bumperbot_description/share/bumperbot_description/environment/path.dsv
[1.584s] -- Up-to-date: /home/eeiww/ud90uhak/bumperbot_ws/src/install/bumperbot_description/share/bumperbot_description/local_setup.bash
[1.584s] -- Up-to-date: /home/eeiww/ud90uhak/bumperbot_ws/src/install/bumperbot_description/share/bumperbot_description/local_setup.sh
[1.585s] -- Up-to-date: /home/eeiww/ud90uhak/bumperbot_ws/src/install/bumperbot_description/share/bumperbot_description/local_setup.zsh
[1.586s] -- Up-to-date: /home/eeiww/ud90uhak/bumperbot_ws/src/install/bumperbot_description/share/bumperbot_description/local_setup.dsv
[1.587s] -- Up-to-date: /home/eeiww/ud90uhak/bumperbot_ws/src/install/bumperbot_description/share/bumperbot_description/package.dsv
[1.588s] -- Up-to-date: /home/eeiww/ud90uhak/bumperbot_ws/src/install/bumperbot_description/share/ament_index/resource_index/packages/bumperbot_description
[1.590s] -- Up-to-date: /home/eeiww/ud90uhak/bumperbot_ws/src/install/bumperbot_description/share/bumperbot_description/cmake/bumperbot_descriptionConfig.cmake
[1.591s] -- Up-to-date: /home/eeiww/ud90uhak/bumperbot_ws/src/install/bumperbot_description/share/bumperbot_description/cmake/bumperbot_descriptionConfig-version.cmake
[1.592s] -- Up-to-date: /home/eeiww/ud90uhak/bumperbot_ws/src/install/bumperbot_description/share/bumperbot_description/package.xml
[1.685s] Invoked command in '/home/eeiww/ud90uhak/bumperbot_ws/src/build/bumperbot_description' returned '0': CMAKE_PREFIX_PATH=${CMAKE_PREFIX_PATH}:/opt/ros/jazzy DEBUGINFOD_URLS=https://debuginfod.ubuntu.com /usr/bin/cmake --install /home/eeiww/ud90uhak/bumperbot_ws/src/build/bumperbot_description
