[0.106s] DEBUG:colcon:Command line arguments: ['/usr/bin/colcon', 'build']
[0.106s] DEBUG:colcon:Parsed command line arguments: Namespace(log_base=None, log_level=None, verb_name='build', build_base='build', install_base='install', merge_install=False, symlink_install=False, test_result_base=None, continue_on_error=False, executor='parallel', parallel_workers=8, event_handlers=None, ignore_user_meta=False, metas=['./colcon.meta'], base_paths=['.'], packages_ignore=None, packages_ignore_regex=None, paths=None, packages_up_to=None, packages_up_to_regex=None, packages_above=None, packages_above_and_dependencies=None, packages_above_depth=None, packages_select_by_dep=None, packages_skip_by_dep=None, packages_skip_up_to=None, packages_select_build_failed=False, packages_skip_build_finished=False, packages_select_test_failures=False, packages_skip_test_passed=False, packages_select=None, packages_skip=None, packages_select_regex=None, packages_skip_regex=None, packages_start=None, packages_end=None, allow_overriding=[], cmake_args=None, cmake_target=None, cmake_target_skip_unavailable=False, cmake_clean_cache=False, cmake_clean_first=False, cmake_force_configure=False, ament_cmake_args=None, catkin_cmake_args=None, catkin_skip_building_tests=False, mixin_files=None, mixin=None, verb_parser=<colcon_mixin.mixin.mixin_argument.MixinArgumentDecorator object at 0x7b21c6c0caa0>, verb_extension=<colcon_core.verb.build.BuildVerb object at 0x7b21c6d86a50>, main=<bound method BuildVerb.main of <colcon_core.verb.build.BuildVerb object at 0x7b21c6d86a50>>, mixin_verb=('build',))
[0.142s] Level 1:colcon.colcon_core.package_discovery:discover_packages(colcon_meta) check parameters
[0.143s] Level 1:colcon.colcon_core.package_discovery:discover_packages(recursive) check parameters
[0.143s] Level 1:colcon.colcon_core.package_discovery:discover_packages(ignore) check parameters
[0.143s] Level 1:colcon.colcon_core.package_discovery:discover_packages(path) check parameters
[0.143s] Level 1:colcon.colcon_core.package_discovery:discover_packages(colcon_meta) discover
[0.143s] Level 1:colcon.colcon_core.package_discovery:discover_packages(recursive) discover
[0.143s] INFO:colcon.colcon_core.package_discovery:Crawling recursively for packages in '/home/eeiww/ud90uhak/bumperbot_ws/src'
[0.145s] Level 1:colcon.colcon_core.package_identification:_identify(.) by extensions ['ignore', 'ignore_ament_install']
[0.145s] Level 1:colcon.colcon_core.package_identification:_identify(.) by extension 'ignore'
[0.146s] Level 1:colcon.colcon_core.package_identification:_identify(.) by extension 'ignore_ament_install'
[0.147s] Level 1:colcon.colcon_core.package_identification:_identify(.) by extensions ['colcon_pkg']
[0.147s] Level 1:colcon.colcon_core.package_identification:_identify(.) by extension 'colcon_pkg'
[0.148s] Level 1:colcon.colcon_core.package_identification:_identify(.) by extensions ['colcon_meta']
[0.148s] Level 1:colcon.colcon_core.package_identification:_identify(.) by extension 'colcon_meta'
[0.148s] Level 1:colcon.colcon_core.package_identification:_identify(.) by extensions ['ros']
[0.148s] Level 1:colcon.colcon_core.package_identification:_identify(.) by extension 'ros'
[0.171s] Level 1:colcon.colcon_core.package_identification:_identify(.) by extensions ['cmake', 'python']
[0.171s] Level 1:colcon.colcon_core.package_identification:_identify(.) by extension 'cmake'
[0.172s] Level 1:colcon.colcon_core.package_identification:_identify(.) by extension 'python'
[0.173s] Level 1:colcon.colcon_core.package_identification:_identify(.) by extensions ['python_setup_py']
[0.173s] Level 1:colcon.colcon_core.package_identification:_identify(.) by extension 'python_setup_py'
[0.176s] Level 1:colcon.colcon_core.package_identification:_identify(build) by extensions ['ignore', 'ignore_ament_install']
[0.177s] Level 1:colcon.colcon_core.package_identification:_identify(build) by extension 'ignore'
[0.177s] Level 1:colcon.colcon_core.package_identification:_identify(build) ignored
[0.179s] Level 1:colcon.colcon_core.package_identification:_identify(bumperbot_bringup) by extensions ['ignore', 'ignore_ament_install']
[0.179s] Level 1:colcon.colcon_core.package_identification:_identify(bumperbot_bringup) by extension 'ignore'
[0.180s] Level 1:colcon.colcon_core.package_identification:_identify(bumperbot_bringup) by extension 'ignore_ament_install'
[0.182s] Level 1:colcon.colcon_core.package_identification:_identify(bumperbot_bringup) by extensions ['colcon_pkg']
[0.182s] Level 1:colcon.colcon_core.package_identification:_identify(bumperbot_bringup) by extension 'colcon_pkg'
[0.183s] Level 1:colcon.colcon_core.package_identification:_identify(bumperbot_bringup) by extensions ['colcon_meta']
[0.183s] Level 1:colcon.colcon_core.package_identification:_identify(bumperbot_bringup) by extension 'colcon_meta'
[0.183s] Level 1:colcon.colcon_core.package_identification:_identify(bumperbot_bringup) by extensions ['ros']
[0.183s] Level 1:colcon.colcon_core.package_identification:_identify(bumperbot_bringup) by extension 'ros'
[0.189s] DEBUG:colcon.colcon_core.package_identification:Package 'bumperbot_bringup' with type 'ros.ament_cmake' and name 'bumperbot_bringup'
[0.191s] Level 1:colcon.colcon_core.package_identification:_identify(bumperbot_controller) by extensions ['ignore', 'ignore_ament_install']
[0.191s] Level 1:colcon.colcon_core.package_identification:_identify(bumperbot_controller) by extension 'ignore'
[0.192s] Level 1:colcon.colcon_core.package_identification:_identify(bumperbot_controller) by extension 'ignore_ament_install'
[0.193s] Level 1:colcon.colcon_core.package_identification:_identify(bumperbot_controller) by extensions ['colcon_pkg']
[0.193s] Level 1:colcon.colcon_core.package_identification:_identify(bumperbot_controller) by extension 'colcon_pkg'
[0.194s] Level 1:colcon.colcon_core.package_identification:_identify(bumperbot_controller) by extensions ['colcon_meta']
[0.194s] Level 1:colcon.colcon_core.package_identification:_identify(bumperbot_controller) by extension 'colcon_meta'
[0.194s] Level 1:colcon.colcon_core.package_identification:_identify(bumperbot_controller) by extensions ['ros']
[0.194s] Level 1:colcon.colcon_core.package_identification:_identify(bumperbot_controller) by extension 'ros'
[0.198s] DEBUG:colcon.colcon_core.package_identification:Package 'bumperbot_controller' with type 'ros.ament_cmake' and name 'bumperbot_controller'
[0.200s] Level 1:colcon.colcon_core.package_identification:_identify(bumperbot_cpp_examples) by extensions ['ignore', 'ignore_ament_install']
[0.200s] Level 1:colcon.colcon_core.package_identification:_identify(bumperbot_cpp_examples) by extension 'ignore'
[0.201s] Level 1:colcon.colcon_core.package_identification:_identify(bumperbot_cpp_examples) by extension 'ignore_ament_install'
[0.202s] Level 1:colcon.colcon_core.package_identification:_identify(bumperbot_cpp_examples) by extensions ['colcon_pkg']
[0.202s] Level 1:colcon.colcon_core.package_identification:_identify(bumperbot_cpp_examples) by extension 'colcon_pkg'
[0.202s] Level 1:colcon.colcon_core.package_identification:_identify(bumperbot_cpp_examples) by extensions ['colcon_meta']
[0.202s] Level 1:colcon.colcon_core.package_identification:_identify(bumperbot_cpp_examples) by extension 'colcon_meta'
[0.202s] Level 1:colcon.colcon_core.package_identification:_identify(bumperbot_cpp_examples) by extensions ['ros']
[0.202s] Level 1:colcon.colcon_core.package_identification:_identify(bumperbot_cpp_examples) by extension 'ros'
[0.206s] DEBUG:colcon.colcon_core.package_identification:Package 'bumperbot_cpp_examples' with type 'ros.ament_cmake' and name 'bumperbot_cpp_examples'
[0.208s] Level 1:colcon.colcon_core.package_identification:_identify(bumperbot_description) by extensions ['ignore', 'ignore_ament_install']
[0.208s] Level 1:colcon.colcon_core.package_identification:_identify(bumperbot_description) by extension 'ignore'
[0.208s] Level 1:colcon.colcon_core.package_identification:_identify(bumperbot_description) by extension 'ignore_ament_install'
[0.209s] Level 1:colcon.colcon_core.package_identification:_identify(bumperbot_description) by extensions ['colcon_pkg']
[0.209s] Level 1:colcon.colcon_core.package_identification:_identify(bumperbot_description) by extension 'colcon_pkg'
[0.210s] Level 1:colcon.colcon_core.package_identification:_identify(bumperbot_description) by extensions ['colcon_meta']
[0.210s] Level 1:colcon.colcon_core.package_identification:_identify(bumperbot_description) by extension 'colcon_meta'
[0.210s] Level 1:colcon.colcon_core.package_identification:_identify(bumperbot_description) by extensions ['ros']
[0.210s] Level 1:colcon.colcon_core.package_identification:_identify(bumperbot_description) by extension 'ros'
[0.215s] DEBUG:colcon.colcon_core.package_identification:Package 'bumperbot_description' with type 'ros.ament_cmake' and name 'bumperbot_description'
[0.217s] Level 1:colcon.colcon_core.package_identification:_identify(bumperbot_firmware) by extensions ['ignore', 'ignore_ament_install']
[0.217s] Level 1:colcon.colcon_core.package_identification:_identify(bumperbot_firmware) by extension 'ignore'
[0.217s] Level 1:colcon.colcon_core.package_identification:_identify(bumperbot_firmware) by extension 'ignore_ament_install'
[0.218s] Level 1:colcon.colcon_core.package_identification:_identify(bumperbot_firmware) by extensions ['colcon_pkg']
[0.218s] Level 1:colcon.colcon_core.package_identification:_identify(bumperbot_firmware) by extension 'colcon_pkg'
[0.219s] Level 1:colcon.colcon_core.package_identification:_identify(bumperbot_firmware) by extensions ['colcon_meta']
[0.219s] Level 1:colcon.colcon_core.package_identification:_identify(bumperbot_firmware) by extension 'colcon_meta'
[0.219s] Level 1:colcon.colcon_core.package_identification:_identify(bumperbot_firmware) by extensions ['ros']
[0.219s] Level 1:colcon.colcon_core.package_identification:_identify(bumperbot_firmware) by extension 'ros'
[0.222s] DEBUG:colcon.colcon_core.package_identification:Package 'bumperbot_firmware' with type 'ros.ament_cmake' and name 'bumperbot_firmware'
[0.224s] Level 1:colcon.colcon_core.package_identification:_identify(bumperbot_localization) by extensions ['ignore', 'ignore_ament_install']
[0.224s] Level 1:colcon.colcon_core.package_identification:_identify(bumperbot_localization) by extension 'ignore'
[0.224s] Level 1:colcon.colcon_core.package_identification:_identify(bumperbot_localization) by extension 'ignore_ament_install'
[0.225s] Level 1:colcon.colcon_core.package_identification:_identify(bumperbot_localization) by extensions ['colcon_pkg']
[0.225s] Level 1:colcon.colcon_core.package_identification:_identify(bumperbot_localization) by extension 'colcon_pkg'
[0.226s] Level 1:colcon.colcon_core.package_identification:_identify(bumperbot_localization) by extensions ['colcon_meta']
[0.226s] Level 1:colcon.colcon_core.package_identification:_identify(bumperbot_localization) by extension 'colcon_meta'
[0.226s] Level 1:colcon.colcon_core.package_identification:_identify(bumperbot_localization) by extensions ['ros']
[0.226s] Level 1:colcon.colcon_core.package_identification:_identify(bumperbot_localization) by extension 'ros'
[0.230s] DEBUG:colcon.colcon_core.package_identification:Package 'bumperbot_localization' with type 'ros.ament_cmake' and name 'bumperbot_localization'
[0.231s] Level 1:colcon.colcon_core.package_identification:_identify(bumperbot_mapping) by extensions ['ignore', 'ignore_ament_install']
[0.231s] Level 1:colcon.colcon_core.package_identification:_identify(bumperbot_mapping) by extension 'ignore'
[0.232s] Level 1:colcon.colcon_core.package_identification:_identify(bumperbot_mapping) by extension 'ignore_ament_install'
[0.233s] Level 1:colcon.colcon_core.package_identification:_identify(bumperbot_mapping) by extensions ['colcon_pkg']
[0.233s] Level 1:colcon.colcon_core.package_identification:_identify(bumperbot_mapping) by extension 'colcon_pkg'
[0.234s] Level 1:colcon.colcon_core.package_identification:_identify(bumperbot_mapping) by extensions ['colcon_meta']
[0.234s] Level 1:colcon.colcon_core.package_identification:_identify(bumperbot_mapping) by extension 'colcon_meta'
[0.234s] Level 1:colcon.colcon_core.package_identification:_identify(bumperbot_mapping) by extensions ['ros']
[0.234s] Level 1:colcon.colcon_core.package_identification:_identify(bumperbot_mapping) by extension 'ros'
[0.237s] DEBUG:colcon.colcon_core.package_identification:Package 'bumperbot_mapping' with type 'ros.ament_cmake' and name 'bumperbot_mapping'
[0.239s] Level 1:colcon.colcon_core.package_identification:_identify(bumperbot_msgs) by extensions ['ignore', 'ignore_ament_install']
[0.239s] Level 1:colcon.colcon_core.package_identification:_identify(bumperbot_msgs) by extension 'ignore'
[0.240s] Level 1:colcon.colcon_core.package_identification:_identify(bumperbot_msgs) by extension 'ignore_ament_install'
[0.241s] Level 1:colcon.colcon_core.package_identification:_identify(bumperbot_msgs) by extensions ['colcon_pkg']
[0.241s] Level 1:colcon.colcon_core.package_identification:_identify(bumperbot_msgs) by extension 'colcon_pkg'
[0.242s] Level 1:colcon.colcon_core.package_identification:_identify(bumperbot_msgs) by extensions ['colcon_meta']
[0.242s] Level 1:colcon.colcon_core.package_identification:_identify(bumperbot_msgs) by extension 'colcon_meta'
[0.242s] Level 1:colcon.colcon_core.package_identification:_identify(bumperbot_msgs) by extensions ['ros']
[0.242s] Level 1:colcon.colcon_core.package_identification:_identify(bumperbot_msgs) by extension 'ros'
[0.245s] DEBUG:colcon.colcon_core.package_identification:Package 'bumperbot_msgs' with type 'ros.ament_cmake' and name 'bumperbot_msgs'
[0.247s] Level 1:colcon.colcon_core.package_identification:_identify(bumperbot_py_examples) by extensions ['ignore', 'ignore_ament_install']
[0.247s] Level 1:colcon.colcon_core.package_identification:_identify(bumperbot_py_examples) by extension 'ignore'
[0.248s] Level 1:colcon.colcon_core.package_identification:_identify(bumperbot_py_examples) by extension 'ignore_ament_install'
[0.249s] Level 1:colcon.colcon_core.package_identification:_identify(bumperbot_py_examples) by extensions ['colcon_pkg']
[0.249s] Level 1:colcon.colcon_core.package_identification:_identify(bumperbot_py_examples) by extension 'colcon_pkg'
[0.249s] Level 1:colcon.colcon_core.package_identification:_identify(bumperbot_py_examples) by extensions ['colcon_meta']
[0.249s] Level 1:colcon.colcon_core.package_identification:_identify(bumperbot_py_examples) by extension 'colcon_meta'
[0.249s] Level 1:colcon.colcon_core.package_identification:_identify(bumperbot_py_examples) by extensions ['ros']
[0.249s] Level 1:colcon.colcon_core.package_identification:_identify(bumperbot_py_examples) by extension 'ros'
[0.253s] DEBUG:colcon.colcon_core.package_identification:Package 'bumperbot_py_examples' with type 'ros.ament_python' and name 'bumperbot_py_examples'
[0.254s] Level 1:colcon.colcon_core.package_identification:_identify(bumperbot_utils) by extensions ['ignore', 'ignore_ament_install']
[0.255s] Level 1:colcon.colcon_core.package_identification:_identify(bumperbot_utils) by extension 'ignore'
[0.255s] Level 1:colcon.colcon_core.package_identification:_identify(bumperbot_utils) by extension 'ignore_ament_install'
[0.256s] Level 1:colcon.colcon_core.package_identification:_identify(bumperbot_utils) by extensions ['colcon_pkg']
[0.256s] Level 1:colcon.colcon_core.package_identification:_identify(bumperbot_utils) by extension 'colcon_pkg'
[0.257s] Level 1:colcon.colcon_core.package_identification:_identify(bumperbot_utils) by extensions ['colcon_meta']
[0.257s] Level 1:colcon.colcon_core.package_identification:_identify(bumperbot_utils) by extension 'colcon_meta'
[0.257s] Level 1:colcon.colcon_core.package_identification:_identify(bumperbot_utils) by extensions ['ros']
[0.257s] Level 1:colcon.colcon_core.package_identification:_identify(bumperbot_utils) by extension 'ros'
[0.261s] DEBUG:colcon.colcon_core.package_identification:Package 'bumperbot_utils' with type 'ros.ament_cmake' and name 'bumperbot_utils'
[0.263s] Level 1:colcon.colcon_core.package_identification:_identify(install) by extensions ['ignore', 'ignore_ament_install']
[0.263s] Level 1:colcon.colcon_core.package_identification:_identify(install) by extension 'ignore'
[0.264s] Level 1:colcon.colcon_core.package_identification:_identify(install) ignored
[0.267s] Level 1:colcon.colcon_core.package_identification:_identify(log) by extensions ['ignore', 'ignore_ament_install']
[0.267s] Level 1:colcon.colcon_core.package_identification:_identify(log) by extension 'ignore'
[0.267s] Level 1:colcon.colcon_core.package_identification:_identify(log) ignored
[0.267s] Level 1:colcon.colcon_core.package_discovery:discover_packages(recursive) using defaults
[0.267s] Level 1:colcon.colcon_core.package_discovery:discover_packages(ignore) discover
[0.267s] Level 1:colcon.colcon_core.package_discovery:discover_packages(ignore) using defaults
[0.267s] Level 1:colcon.colcon_core.package_discovery:discover_packages(path) discover
[0.267s] Level 1:colcon.colcon_core.package_discovery:discover_packages(path) using defaults
[0.292s] Level 1:colcon.colcon_core.package_discovery:discover_packages(prefix_path) check parameters
[0.292s] Level 1:colcon.colcon_core.package_discovery:discover_packages(prefix_path) discover
[0.295s] DEBUG:colcon.colcon_installed_package_information.package_discovery:Found 466 installed packages in /opt/ros/jazzy
[0.297s] Level 1:colcon.colcon_core.package_discovery:discover_packages(prefix_path) using defaults
[0.358s] Level 5:colcon.colcon_core.verb:set package 'bumperbot_controller' build argument 'cmake_args' from command line to 'None'
[0.359s] Level 5:colcon.colcon_core.verb:set package 'bumperbot_controller' build argument 'cmake_target' from command line to 'None'
[0.359s] Level 5:colcon.colcon_core.verb:set package 'bumperbot_controller' build argument 'cmake_target_skip_unavailable' from command line to 'False'
[0.359s] Level 5:colcon.colcon_core.verb:set package 'bumperbot_controller' build argument 'cmake_clean_cache' from command line to 'False'
[0.359s] Level 5:colcon.colcon_core.verb:set package 'bumperbot_controller' build argument 'cmake_clean_first' from command line to 'False'
[0.359s] Level 5:colcon.colcon_core.verb:set package 'bumperbot_controller' build argument 'cmake_force_configure' from command line to 'False'
[0.359s] Level 5:colcon.colcon_core.verb:set package 'bumperbot_controller' build argument 'ament_cmake_args' from command line to 'None'
[0.359s] Level 5:colcon.colcon_core.verb:set package 'bumperbot_controller' build argument 'catkin_cmake_args' from command line to 'None'
[0.359s] Level 5:colcon.colcon_core.verb:set package 'bumperbot_controller' build argument 'catkin_skip_building_tests' from command line to 'False'
[0.359s] DEBUG:colcon.colcon_core.verb:Building package 'bumperbot_controller' with the following arguments: {'ament_cmake_args': None, 'build_base': '/home/eeiww/ud90uhak/bumperbot_ws/src/build/bumperbot_controller', 'catkin_cmake_args': None, 'catkin_skip_building_tests': False, 'cmake_args': None, 'cmake_clean_cache': False, 'cmake_clean_first': False, 'cmake_force_configure': False, 'cmake_target': None, 'cmake_target_skip_unavailable': False, 'install_base': '/home/eeiww/ud90uhak/bumperbot_ws/src/install/bumperbot_controller', 'merge_install': False, 'path': '/home/eeiww/ud90uhak/bumperbot_ws/src/bumperbot_controller', 'symlink_install': False, 'test_result_base': None}
[0.359s] Level 5:colcon.colcon_core.verb:set package 'bumperbot_description' build argument 'cmake_args' from command line to 'None'
[0.359s] Level 5:colcon.colcon_core.verb:set package 'bumperbot_description' build argument 'cmake_target' from command line to 'None'
[0.359s] Level 5:colcon.colcon_core.verb:set package 'bumperbot_description' build argument 'cmake_target_skip_unavailable' from command line to 'False'
[0.359s] Level 5:colcon.colcon_core.verb:set package 'bumperbot_description' build argument 'cmake_clean_cache' from command line to 'False'
[0.359s] Level 5:colcon.colcon_core.verb:set package 'bumperbot_description' build argument 'cmake_clean_first' from command line to 'False'
[0.359s] Level 5:colcon.colcon_core.verb:set package 'bumperbot_description' build argument 'cmake_force_configure' from command line to 'False'
[0.359s] Level 5:colcon.colcon_core.verb:set package 'bumperbot_description' build argument 'ament_cmake_args' from command line to 'None'
[0.359s] Level 5:colcon.colcon_core.verb:set package 'bumperbot_description' build argument 'catkin_cmake_args' from command line to 'None'
[0.359s] Level 5:colcon.colcon_core.verb:set package 'bumperbot_description' build argument 'catkin_skip_building_tests' from command line to 'False'
[0.359s] DEBUG:colcon.colcon_core.verb:Building package 'bumperbot_description' with the following arguments: {'ament_cmake_args': None, 'build_base': '/home/eeiww/ud90uhak/bumperbot_ws/src/build/bumperbot_description', 'catkin_cmake_args': None, 'catkin_skip_building_tests': False, 'cmake_args': None, 'cmake_clean_cache': False, 'cmake_clean_first': False, 'cmake_force_configure': False, 'cmake_target': None, 'cmake_target_skip_unavailable': False, 'install_base': '/home/eeiww/ud90uhak/bumperbot_ws/src/install/bumperbot_description', 'merge_install': False, 'path': '/home/eeiww/ud90uhak/bumperbot_ws/src/bumperbot_description', 'symlink_install': False, 'test_result_base': None}
[0.359s] Level 5:colcon.colcon_core.verb:set package 'bumperbot_firmware' build argument 'cmake_args' from command line to 'None'
[0.359s] Level 5:colcon.colcon_core.verb:set package 'bumperbot_firmware' build argument 'cmake_target' from command line to 'None'
[0.359s] Level 5:colcon.colcon_core.verb:set package 'bumperbot_firmware' build argument 'cmake_target_skip_unavailable' from command line to 'False'
[0.359s] Level 5:colcon.colcon_core.verb:set package 'bumperbot_firmware' build argument 'cmake_clean_cache' from command line to 'False'
[0.359s] Level 5:colcon.colcon_core.verb:set package 'bumperbot_firmware' build argument 'cmake_clean_first' from command line to 'False'
[0.359s] Level 5:colcon.colcon_core.verb:set package 'bumperbot_firmware' build argument 'cmake_force_configure' from command line to 'False'
[0.359s] Level 5:colcon.colcon_core.verb:set package 'bumperbot_firmware' build argument 'ament_cmake_args' from command line to 'None'
[0.359s] Level 5:colcon.colcon_core.verb:set package 'bumperbot_firmware' build argument 'catkin_cmake_args' from command line to 'None'
[0.359s] Level 5:colcon.colcon_core.verb:set package 'bumperbot_firmware' build argument 'catkin_skip_building_tests' from command line to 'False'
[0.360s] DEBUG:colcon.colcon_core.verb:Building package 'bumperbot_firmware' with the following arguments: {'ament_cmake_args': None, 'build_base': '/home/eeiww/ud90uhak/bumperbot_ws/src/build/bumperbot_firmware', 'catkin_cmake_args': None, 'catkin_skip_building_tests': False, 'cmake_args': None, 'cmake_clean_cache': False, 'cmake_clean_first': False, 'cmake_force_configure': False, 'cmake_target': None, 'cmake_target_skip_unavailable': False, 'install_base': '/home/eeiww/ud90uhak/bumperbot_ws/src/install/bumperbot_firmware', 'merge_install': False, 'path': '/home/eeiww/ud90uhak/bumperbot_ws/src/bumperbot_firmware', 'symlink_install': False, 'test_result_base': None}
[0.360s] Level 5:colcon.colcon_core.verb:set package 'bumperbot_localization' build argument 'cmake_args' from command line to 'None'
[0.360s] Level 5:colcon.colcon_core.verb:set package 'bumperbot_localization' build argument 'cmake_target' from command line to 'None'
[0.360s] Level 5:colcon.colcon_core.verb:set package 'bumperbot_localization' build argument 'cmake_target_skip_unavailable' from command line to 'False'
[0.360s] Level 5:colcon.colcon_core.verb:set package 'bumperbot_localization' build argument 'cmake_clean_cache' from command line to 'False'
[0.360s] Level 5:colcon.colcon_core.verb:set package 'bumperbot_localization' build argument 'cmake_clean_first' from command line to 'False'
[0.360s] Level 5:colcon.colcon_core.verb:set package 'bumperbot_localization' build argument 'cmake_force_configure' from command line to 'False'
[0.360s] Level 5:colcon.colcon_core.verb:set package 'bumperbot_localization' build argument 'ament_cmake_args' from command line to 'None'
[0.360s] Level 5:colcon.colcon_core.verb:set package 'bumperbot_localization' build argument 'catkin_cmake_args' from command line to 'None'
[0.360s] Level 5:colcon.colcon_core.verb:set package 'bumperbot_localization' build argument 'catkin_skip_building_tests' from command line to 'False'
[0.360s] DEBUG:colcon.colcon_core.verb:Building package 'bumperbot_localization' with the following arguments: {'ament_cmake_args': None, 'build_base': '/home/eeiww/ud90uhak/bumperbot_ws/src/build/bumperbot_localization', 'catkin_cmake_args': None, 'catkin_skip_building_tests': False, 'cmake_args': None, 'cmake_clean_cache': False, 'cmake_clean_first': False, 'cmake_force_configure': False, 'cmake_target': None, 'cmake_target_skip_unavailable': False, 'install_base': '/home/eeiww/ud90uhak/bumperbot_ws/src/install/bumperbot_localization', 'merge_install': False, 'path': '/home/eeiww/ud90uhak/bumperbot_ws/src/bumperbot_localization', 'symlink_install': False, 'test_result_base': None}
[0.360s] Level 5:colcon.colcon_core.verb:set package 'bumperbot_mapping' build argument 'cmake_args' from command line to 'None'
[0.360s] Level 5:colcon.colcon_core.verb:set package 'bumperbot_mapping' build argument 'cmake_target' from command line to 'None'
[0.360s] Level 5:colcon.colcon_core.verb:set package 'bumperbot_mapping' build argument 'cmake_target_skip_unavailable' from command line to 'False'
[0.360s] Level 5:colcon.colcon_core.verb:set package 'bumperbot_mapping' build argument 'cmake_clean_cache' from command line to 'False'
[0.360s] Level 5:colcon.colcon_core.verb:set package 'bumperbot_mapping' build argument 'cmake_clean_first' from command line to 'False'
[0.360s] Level 5:colcon.colcon_core.verb:set package 'bumperbot_mapping' build argument 'cmake_force_configure' from command line to 'False'
[0.360s] Level 5:colcon.colcon_core.verb:set package 'bumperbot_mapping' build argument 'ament_cmake_args' from command line to 'None'
[0.360s] Level 5:colcon.colcon_core.verb:set package 'bumperbot_mapping' build argument 'catkin_cmake_args' from command line to 'None'
[0.360s] Level 5:colcon.colcon_core.verb:set package 'bumperbot_mapping' build argument 'catkin_skip_building_tests' from command line to 'False'
[0.360s] DEBUG:colcon.colcon_core.verb:Building package 'bumperbot_mapping' with the following arguments: {'ament_cmake_args': None, 'build_base': '/home/eeiww/ud90uhak/bumperbot_ws/src/build/bumperbot_mapping', 'catkin_cmake_args': None, 'catkin_skip_building_tests': False, 'cmake_args': None, 'cmake_clean_cache': False, 'cmake_clean_first': False, 'cmake_force_configure': False, 'cmake_target': None, 'cmake_target_skip_unavailable': False, 'install_base': '/home/eeiww/ud90uhak/bumperbot_ws/src/install/bumperbot_mapping', 'merge_install': False, 'path': '/home/eeiww/ud90uhak/bumperbot_ws/src/bumperbot_mapping', 'symlink_install': False, 'test_result_base': None}
[0.360s] Level 5:colcon.colcon_core.verb:set package 'bumperbot_msgs' build argument 'cmake_args' from command line to 'None'
[0.360s] Level 5:colcon.colcon_core.verb:set package 'bumperbot_msgs' build argument 'cmake_target' from command line to 'None'
[0.360s] Level 5:colcon.colcon_core.verb:set package 'bumperbot_msgs' build argument 'cmake_target_skip_unavailable' from command line to 'False'
[0.361s] Level 5:colcon.colcon_core.verb:set package 'bumperbot_msgs' build argument 'cmake_clean_cache' from command line to 'False'
[0.361s] Level 5:colcon.colcon_core.verb:set package 'bumperbot_msgs' build argument 'cmake_clean_first' from command line to 'False'
[0.361s] Level 5:colcon.colcon_core.verb:set package 'bumperbot_msgs' build argument 'cmake_force_configure' from command line to 'False'
[0.361s] Level 5:colcon.colcon_core.verb:set package 'bumperbot_msgs' build argument 'ament_cmake_args' from command line to 'None'
[0.361s] Level 5:colcon.colcon_core.verb:set package 'bumperbot_msgs' build argument 'catkin_cmake_args' from command line to 'None'
[0.361s] Level 5:colcon.colcon_core.verb:set package 'bumperbot_msgs' build argument 'catkin_skip_building_tests' from command line to 'False'
[0.361s] DEBUG:colcon.colcon_core.verb:Building package 'bumperbot_msgs' with the following arguments: {'ament_cmake_args': None, 'build_base': '/home/eeiww/ud90uhak/bumperbot_ws/src/build/bumperbot_msgs', 'catkin_cmake_args': None, 'catkin_skip_building_tests': False, 'cmake_args': None, 'cmake_clean_cache': False, 'cmake_clean_first': False, 'cmake_force_configure': False, 'cmake_target': None, 'cmake_target_skip_unavailable': False, 'install_base': '/home/eeiww/ud90uhak/bumperbot_ws/src/install/bumperbot_msgs', 'merge_install': False, 'path': '/home/eeiww/ud90uhak/bumperbot_ws/src/bumperbot_msgs', 'symlink_install': False, 'test_result_base': None}
[0.361s] Level 5:colcon.colcon_core.verb:set package 'bumperbot_utils' build argument 'cmake_args' from command line to 'None'
[0.361s] Level 5:colcon.colcon_core.verb:set package 'bumperbot_utils' build argument 'cmake_target' from command line to 'None'
[0.361s] Level 5:colcon.colcon_core.verb:set package 'bumperbot_utils' build argument 'cmake_target_skip_unavailable' from command line to 'False'
[0.361s] Level 5:colcon.colcon_core.verb:set package 'bumperbot_utils' build argument 'cmake_clean_cache' from command line to 'False'
[0.361s] Level 5:colcon.colcon_core.verb:set package 'bumperbot_utils' build argument 'cmake_clean_first' from command line to 'False'
[0.361s] Level 5:colcon.colcon_core.verb:set package 'bumperbot_utils' build argument 'cmake_force_configure' from command line to 'False'
[0.361s] Level 5:colcon.colcon_core.verb:set package 'bumperbot_utils' build argument 'ament_cmake_args' from command line to 'None'
[0.361s] Level 5:colcon.colcon_core.verb:set package 'bumperbot_utils' build argument 'catkin_cmake_args' from command line to 'None'
[0.361s] Level 5:colcon.colcon_core.verb:set package 'bumperbot_utils' build argument 'catkin_skip_building_tests' from command line to 'False'
[0.361s] DEBUG:colcon.colcon_core.verb:Building package 'bumperbot_utils' with the following arguments: {'ament_cmake_args': None, 'build_base': '/home/eeiww/ud90uhak/bumperbot_ws/src/build/bumperbot_utils', 'catkin_cmake_args': None, 'catkin_skip_building_tests': False, 'cmake_args': None, 'cmake_clean_cache': False, 'cmake_clean_first': False, 'cmake_force_configure': False, 'cmake_target': None, 'cmake_target_skip_unavailable': False, 'install_base': '/home/eeiww/ud90uhak/bumperbot_ws/src/install/bumperbot_utils', 'merge_install': False, 'path': '/home/eeiww/ud90uhak/bumperbot_ws/src/bumperbot_utils', 'symlink_install': False, 'test_result_base': None}
[0.361s] Level 5:colcon.colcon_core.verb:set package 'bumperbot_bringup' build argument 'cmake_args' from command line to 'None'
[0.361s] Level 5:colcon.colcon_core.verb:set package 'bumperbot_bringup' build argument 'cmake_target' from command line to 'None'
[0.361s] Level 5:colcon.colcon_core.verb:set package 'bumperbot_bringup' build argument 'cmake_target_skip_unavailable' from command line to 'False'
[0.361s] Level 5:colcon.colcon_core.verb:set package 'bumperbot_bringup' build argument 'cmake_clean_cache' from command line to 'False'
[0.361s] Level 5:colcon.colcon_core.verb:set package 'bumperbot_bringup' build argument 'cmake_clean_first' from command line to 'False'
[0.361s] Level 5:colcon.colcon_core.verb:set package 'bumperbot_bringup' build argument 'cmake_force_configure' from command line to 'False'
[0.361s] Level 5:colcon.colcon_core.verb:set package 'bumperbot_bringup' build argument 'ament_cmake_args' from command line to 'None'
[0.361s] Level 5:colcon.colcon_core.verb:set package 'bumperbot_bringup' build argument 'catkin_cmake_args' from command line to 'None'
[0.361s] Level 5:colcon.colcon_core.verb:set package 'bumperbot_bringup' build argument 'catkin_skip_building_tests' from command line to 'False'
[0.361s] DEBUG:colcon.colcon_core.verb:Building package 'bumperbot_bringup' with the following arguments: {'ament_cmake_args': None, 'build_base': '/home/eeiww/ud90uhak/bumperbot_ws/src/build/bumperbot_bringup', 'catkin_cmake_args': None, 'catkin_skip_building_tests': False, 'cmake_args': None, 'cmake_clean_cache': False, 'cmake_clean_first': False, 'cmake_force_configure': False, 'cmake_target': None, 'cmake_target_skip_unavailable': False, 'install_base': '/home/eeiww/ud90uhak/bumperbot_ws/src/install/bumperbot_bringup', 'merge_install': False, 'path': '/home/eeiww/ud90uhak/bumperbot_ws/src/bumperbot_bringup', 'symlink_install': False, 'test_result_base': None}
[0.362s] Level 5:colcon.colcon_core.verb:set package 'bumperbot_cpp_examples' build argument 'cmake_args' from command line to 'None'
[0.362s] Level 5:colcon.colcon_core.verb:set package 'bumperbot_cpp_examples' build argument 'cmake_target' from command line to 'None'
[0.362s] Level 5:colcon.colcon_core.verb:set package 'bumperbot_cpp_examples' build argument 'cmake_target_skip_unavailable' from command line to 'False'
[0.362s] Level 5:colcon.colcon_core.verb:set package 'bumperbot_cpp_examples' build argument 'cmake_clean_cache' from command line to 'False'
[0.362s] Level 5:colcon.colcon_core.verb:set package 'bumperbot_cpp_examples' build argument 'cmake_clean_first' from command line to 'False'
[0.362s] Level 5:colcon.colcon_core.verb:set package 'bumperbot_cpp_examples' build argument 'cmake_force_configure' from command line to 'False'
[0.362s] Level 5:colcon.colcon_core.verb:set package 'bumperbot_cpp_examples' build argument 'ament_cmake_args' from command line to 'None'
[0.362s] Level 5:colcon.colcon_core.verb:set package 'bumperbot_cpp_examples' build argument 'catkin_cmake_args' from command line to 'None'
[0.362s] Level 5:colcon.colcon_core.verb:set package 'bumperbot_cpp_examples' build argument 'catkin_skip_building_tests' from command line to 'False'
[0.362s] DEBUG:colcon.colcon_core.verb:Building package 'bumperbot_cpp_examples' with the following arguments: {'ament_cmake_args': None, 'build_base': '/home/eeiww/ud90uhak/bumperbot_ws/src/build/bumperbot_cpp_examples', 'catkin_cmake_args': None, 'catkin_skip_building_tests': False, 'cmake_args': None, 'cmake_clean_cache': False, 'cmake_clean_first': False, 'cmake_force_configure': False, 'cmake_target': None, 'cmake_target_skip_unavailable': False, 'install_base': '/home/eeiww/ud90uhak/bumperbot_ws/src/install/bumperbot_cpp_examples', 'merge_install': False, 'path': '/home/eeiww/ud90uhak/bumperbot_ws/src/bumperbot_cpp_examples', 'symlink_install': False, 'test_result_base': None}
[0.362s] Level 5:colcon.colcon_core.verb:set package 'bumperbot_py_examples' build argument 'cmake_args' from command line to 'None'
[0.362s] Level 5:colcon.colcon_core.verb:set package 'bumperbot_py_examples' build argument 'cmake_target' from command line to 'None'
[0.362s] Level 5:colcon.colcon_core.verb:set package 'bumperbot_py_examples' build argument 'cmake_target_skip_unavailable' from command line to 'False'
[0.362s] Level 5:colcon.colcon_core.verb:set package 'bumperbot_py_examples' build argument 'cmake_clean_cache' from command line to 'False'
[0.362s] Level 5:colcon.colcon_core.verb:set package 'bumperbot_py_examples' build argument 'cmake_clean_first' from command line to 'False'
[0.362s] Level 5:colcon.colcon_core.verb:set package 'bumperbot_py_examples' build argument 'cmake_force_configure' from command line to 'False'
[0.362s] Level 5:colcon.colcon_core.verb:set package 'bumperbot_py_examples' build argument 'ament_cmake_args' from command line to 'None'
[0.362s] Level 5:colcon.colcon_core.verb:set package 'bumperbot_py_examples' build argument 'catkin_cmake_args' from command line to 'None'
[0.362s] Level 5:colcon.colcon_core.verb:set package 'bumperbot_py_examples' build argument 'catkin_skip_building_tests' from command line to 'False'
[0.362s] DEBUG:colcon.colcon_core.verb:Building package 'bumperbot_py_examples' with the following arguments: {'ament_cmake_args': None, 'build_base': '/home/eeiww/ud90uhak/bumperbot_ws/src/build/bumperbot_py_examples', 'catkin_cmake_args': None, 'catkin_skip_building_tests': False, 'cmake_args': None, 'cmake_clean_cache': False, 'cmake_clean_first': False, 'cmake_force_configure': False, 'cmake_target': None, 'cmake_target_skip_unavailable': False, 'install_base': '/home/eeiww/ud90uhak/bumperbot_ws/src/install/bumperbot_py_examples', 'merge_install': False, 'path': '/home/eeiww/ud90uhak/bumperbot_ws/src/bumperbot_py_examples', 'symlink_install': False, 'test_result_base': None}
[0.362s] INFO:colcon.colcon_core.executor:Executing jobs using 'parallel' executor
[0.363s] DEBUG:colcon.colcon_parallel_executor.executor.parallel:run_until_complete
[0.363s] INFO:colcon.colcon_ros.task.ament_cmake.build:Building ROS package in '/home/eeiww/ud90uhak/bumperbot_ws/src/bumperbot_msgs' with build type 'ament_cmake'
[0.363s] INFO:colcon.colcon_cmake.task.cmake.build:Building CMake package in '/home/eeiww/ud90uhak/bumperbot_ws/src/bumperbot_msgs'
[0.365s] INFO:colcon.colcon_core.plugin_system:Skipping extension 'colcon_core.shell.bat': Not used on non-Windows systems
[0.365s] INFO:colcon.colcon_core.shell:Skip shell extension 'powershell' for command environment: Not usable outside of PowerShell
[0.365s] DEBUG:colcon.colcon_core.shell:Skip shell extension 'dsv' for command environment
[0.374s] INFO:colcon.colcon_ros.task.ament_cmake.build:Building ROS package in '/home/eeiww/ud90uhak/bumperbot_ws/src/bumperbot_controller' with build type 'ament_cmake'
[0.374s] INFO:colcon.colcon_cmake.task.cmake.build:Building CMake package in '/home/eeiww/ud90uhak/bumperbot_ws/src/bumperbot_controller'
[0.374s] INFO:colcon.colcon_core.shell:Skip shell extension 'powershell' for command environment: Not usable outside of PowerShell
[0.374s] DEBUG:colcon.colcon_core.shell:Skip shell extension 'dsv' for command environment
[0.381s] INFO:colcon.colcon_ros.task.ament_cmake.build:Building ROS package in '/home/eeiww/ud90uhak/bumperbot_ws/src/bumperbot_description' with build type 'ament_cmake'
[0.381s] INFO:colcon.colcon_cmake.task.cmake.build:Building CMake package in '/home/eeiww/ud90uhak/bumperbot_ws/src/bumperbot_description'
[0.381s] INFO:colcon.colcon_core.shell:Skip shell extension 'powershell' for command environment: Not usable outside of PowerShell
[0.381s] DEBUG:colcon.colcon_core.shell:Skip shell extension 'dsv' for command environment
[0.390s] INFO:colcon.colcon_ros.task.ament_cmake.build:Building ROS package in '/home/eeiww/ud90uhak/bumperbot_ws/src/bumperbot_firmware' with build type 'ament_cmake'
[0.390s] INFO:colcon.colcon_cmake.task.cmake.build:Building CMake package in '/home/eeiww/ud90uhak/bumperbot_ws/src/bumperbot_firmware'
[0.390s] INFO:colcon.colcon_core.shell:Skip shell extension 'powershell' for command environment: Not usable outside of PowerShell
[0.390s] DEBUG:colcon.colcon_core.shell:Skip shell extension 'dsv' for command environment
[0.397s] INFO:colcon.colcon_ros.task.ament_cmake.build:Building ROS package in '/home/eeiww/ud90uhak/bumperbot_ws/src/bumperbot_localization' with build type 'ament_cmake'
[0.397s] INFO:colcon.colcon_cmake.task.cmake.build:Building CMake package in '/home/eeiww/ud90uhak/bumperbot_ws/src/bumperbot_localization'
[0.397s] INFO:colcon.colcon_core.shell:Skip shell extension 'powershell' for command environment: Not usable outside of PowerShell
[0.397s] DEBUG:colcon.colcon_core.shell:Skip shell extension 'dsv' for command environment
[0.404s] INFO:colcon.colcon_ros.task.ament_cmake.build:Building ROS package in '/home/eeiww/ud90uhak/bumperbot_ws/src/bumperbot_mapping' with build type 'ament_cmake'
[0.404s] INFO:colcon.colcon_cmake.task.cmake.build:Building CMake package in '/home/eeiww/ud90uhak/bumperbot_ws/src/bumperbot_mapping'
[0.404s] INFO:colcon.colcon_core.shell:Skip shell extension 'powershell' for command environment: Not usable outside of PowerShell
[0.404s] DEBUG:colcon.colcon_core.shell:Skip shell extension 'dsv' for command environment
[0.411s] INFO:colcon.colcon_ros.task.ament_cmake.build:Building ROS package in '/home/eeiww/ud90uhak/bumperbot_ws/src/bumperbot_utils' with build type 'ament_cmake'
[0.411s] INFO:colcon.colcon_cmake.task.cmake.build:Building CMake package in '/home/eeiww/ud90uhak/bumperbot_ws/src/bumperbot_utils'
[0.411s] INFO:colcon.colcon_core.shell:Skip shell extension 'powershell' for command environment: Not usable outside of PowerShell
[0.411s] DEBUG:colcon.colcon_core.shell:Skip shell extension 'dsv' for command environment
[0.450s] DEBUG:colcon.colcon_core.event_handler.log_command:Invoking command in '/home/eeiww/ud90uhak/bumperbot_ws/src/build/bumperbot_msgs': CMAKE_PREFIX_PATH=${CMAKE_PREFIX_PATH}:/opt/ros/jazzy DEBUGINFOD_URLS=https://debuginfod.ubuntu.com /usr/bin/cmake --build /home/eeiww/ud90uhak/bumperbot_ws/src/build/bumperbot_msgs -- -j8 -l8
[0.477s] DEBUG:colcon.colcon_core.event_handler.log_command:Invoking command in '/home/eeiww/ud90uhak/bumperbot_ws/src/build/bumperbot_controller': CMAKE_PREFIX_PATH=${CMAKE_PREFIX_PATH}:/opt/ros/jazzy DEBUGINFOD_URLS=https://debuginfod.ubuntu.com /usr/bin/cmake --build /home/eeiww/ud90uhak/bumperbot_ws/src/build/bumperbot_controller -- -j8 -l8
[0.493s] DEBUG:colcon.colcon_core.event_handler.log_command:Invoking command in '/home/eeiww/ud90uhak/bumperbot_ws/src/build/bumperbot_description': CMAKE_PREFIX_PATH=${CMAKE_PREFIX_PATH}:/opt/ros/jazzy DEBUGINFOD_URLS=https://debuginfod.ubuntu.com /usr/bin/cmake --build /home/eeiww/ud90uhak/bumperbot_ws/src/build/bumperbot_description -- -j8 -l8
[0.509s] DEBUG:colcon.colcon_core.event_handler.log_command:Invoking command in '/home/eeiww/ud90uhak/bumperbot_ws/src/build/bumperbot_firmware': CMAKE_PREFIX_PATH=${CMAKE_PREFIX_PATH}:/opt/ros/jazzy DEBUGINFOD_URLS=https://debuginfod.ubuntu.com /usr/bin/cmake --build /home/eeiww/ud90uhak/bumperbot_ws/src/build/bumperbot_firmware -- -j8 -l8
[0.521s] DEBUG:colcon.colcon_core.event_handler.log_command:Invoking command in '/home/eeiww/ud90uhak/bumperbot_ws/src/build/bumperbot_localization': CMAKE_PREFIX_PATH=${CMAKE_PREFIX_PATH}:/opt/ros/jazzy DEBUGINFOD_URLS=https://debuginfod.ubuntu.com /usr/bin/cmake --build /home/eeiww/ud90uhak/bumperbot_ws/src/build/bumperbot_localization -- -j8 -l8
[0.534s] DEBUG:colcon.colcon_core.event_handler.log_command:Invoking command in '/home/eeiww/ud90uhak/bumperbot_ws/src/build/bumperbot_mapping': CMAKE_PREFIX_PATH=${CMAKE_PREFIX_PATH}:/opt/ros/jazzy DEBUGINFOD_URLS=https://debuginfod.ubuntu.com /usr/bin/cmake --build /home/eeiww/ud90uhak/bumperbot_ws/src/build/bumperbot_mapping -- -j8 -l8
[0.553s] DEBUG:colcon.colcon_core.event_handler.log_command:Invoking command in '/home/eeiww/ud90uhak/bumperbot_ws/src/build/bumperbot_utils': CMAKE_PREFIX_PATH=${CMAKE_PREFIX_PATH}:/opt/ros/jazzy DEBUGINFOD_URLS=https://debuginfod.ubuntu.com /usr/bin/cmake --build /home/eeiww/ud90uhak/bumperbot_ws/src/build/bumperbot_utils -- -j8 -l8
[0.556s] DEBUG:colcon.colcon_core.event_handler.log_command:Invoked command in '/home/eeiww/ud90uhak/bumperbot_ws/src/build/bumperbot_description' returned '0': CMAKE_PREFIX_PATH=${CMAKE_PREFIX_PATH}:/opt/ros/jazzy DEBUGINFOD_URLS=https://debuginfod.ubuntu.com /usr/bin/cmake --build /home/eeiww/ud90uhak/bumperbot_ws/src/build/bumperbot_description -- -j8 -l8
[0.572s] DEBUG:colcon.colcon_core.event_handler.log_command:Invoking command in '/home/eeiww/ud90uhak/bumperbot_ws/src/build/bumperbot_description': CMAKE_PREFIX_PATH=${CMAKE_PREFIX_PATH}:/opt/ros/jazzy DEBUGINFOD_URLS=https://debuginfod.ubuntu.com /usr/bin/cmake --install /home/eeiww/ud90uhak/bumperbot_ws/src/build/bumperbot_description
[0.600s] DEBUG:colcon.colcon_core.event_handler.log_command:Invoked command in '/home/eeiww/ud90uhak/bumperbot_ws/src/build/bumperbot_mapping' returned '0': CMAKE_PREFIX_PATH=${CMAKE_PREFIX_PATH}:/opt/ros/jazzy DEBUGINFOD_URLS=https://debuginfod.ubuntu.com /usr/bin/cmake --build /home/eeiww/ud90uhak/bumperbot_ws/src/build/bumperbot_mapping -- -j8 -l8
[0.611s] DEBUG:colcon.colcon_core.event_handler.log_command:Invoking command in '/home/eeiww/ud90uhak/bumperbot_ws/src/build/bumperbot_mapping': CMAKE_PREFIX_PATH=${CMAKE_PREFIX_PATH}:/opt/ros/jazzy DEBUGINFOD_URLS=https://debuginfod.ubuntu.com /usr/bin/cmake --install /home/eeiww/ud90uhak/bumperbot_ws/src/build/bumperbot_mapping
[1.137s] DEBUG:colcon.colcon_core.event_handler.log_command:Invoked command in '/home/eeiww/ud90uhak/bumperbot_ws/src/build/bumperbot_controller' returned '0': CMAKE_PREFIX_PATH=${CMAKE_PREFIX_PATH}:/opt/ros/jazzy DEBUGINFOD_URLS=https://debuginfod.ubuntu.com /usr/bin/cmake --build /home/eeiww/ud90uhak/bumperbot_ws/src/build/bumperbot_controller -- -j8 -l8
[1.142s] DEBUG:colcon.colcon_core.event_handler.log_command:Invoking command in '/home/eeiww/ud90uhak/bumperbot_ws/src/build/bumperbot_controller': CMAKE_PREFIX_PATH=${CMAKE_PREFIX_PATH}:/opt/ros/jazzy DEBUGINFOD_URLS=https://debuginfod.ubuntu.com /usr/bin/cmake --install /home/eeiww/ud90uhak/bumperbot_ws/src/build/bumperbot_controller
[1.164s] Level 1:colcon.colcon_core.environment:create_environment_scripts_only(bumperbot_mapping)
[1.164s] DEBUG:colcon.colcon_core.event_handler.log_command:Invoked command in '/home/eeiww/ud90uhak/bumperbot_ws/src/build/bumperbot_mapping' returned '0': CMAKE_PREFIX_PATH=${CMAKE_PREFIX_PATH}:/opt/ros/jazzy DEBUGINFOD_URLS=https://debuginfod.ubuntu.com /usr/bin/cmake --install /home/eeiww/ud90uhak/bumperbot_ws/src/build/bumperbot_mapping
[1.166s] Level 1:colcon.colcon_core.environment:checking '/home/eeiww/ud90uhak/bumperbot_ws/src/install/bumperbot_mapping' for CMake module files
[1.171s] Level 1:colcon.colcon_core.environment:checking '/home/eeiww/ud90uhak/bumperbot_ws/src/install/bumperbot_mapping' for CMake config files
[1.174s] Level 1:colcon.colcon_core.shell:create_environment_hook('bumperbot_mapping', 'cmake_prefix_path')
[1.174s] INFO:colcon.colcon_core.shell:Creating environment hook '/home/eeiww/ud90uhak/bumperbot_ws/src/install/bumperbot_mapping/share/bumperbot_mapping/hook/cmake_prefix_path.ps1'
[1.177s] INFO:colcon.colcon_core.shell:Creating environment descriptor '/home/eeiww/ud90uhak/bumperbot_ws/src/install/bumperbot_mapping/share/bumperbot_mapping/hook/cmake_prefix_path.dsv'
[1.179s] INFO:colcon.colcon_core.shell:Creating environment hook '/home/eeiww/ud90uhak/bumperbot_ws/src/install/bumperbot_mapping/share/bumperbot_mapping/hook/cmake_prefix_path.sh'
[1.183s] Level 1:colcon.colcon_core.environment:checking '/home/eeiww/ud90uhak/bumperbot_ws/src/install/bumperbot_mapping/bin'
[1.183s] Level 1:colcon.colcon_core.environment:checking '/home/eeiww/ud90uhak/bumperbot_ws/src/install/bumperbot_mapping/lib/pkgconfig/bumperbot_mapping.pc'
[1.184s] Level 1:colcon.colcon_core.environment:checking '/home/eeiww/ud90uhak/bumperbot_ws/src/install/bumperbot_mapping/lib/python3.12/site-packages'
[1.184s] Level 1:colcon.colcon_core.environment:checking '/home/eeiww/ud90uhak/bumperbot_ws/src/install/bumperbot_mapping/bin'
[1.184s] INFO:colcon.colcon_core.shell:Creating package script '/home/eeiww/ud90uhak/bumperbot_ws/src/install/bumperbot_mapping/share/bumperbot_mapping/package.ps1'
[1.187s] INFO:colcon.colcon_core.shell:Creating package descriptor '/home/eeiww/ud90uhak/bumperbot_ws/src/install/bumperbot_mapping/share/bumperbot_mapping/package.dsv'
[1.189s] INFO:colcon.colcon_core.shell:Creating package script '/home/eeiww/ud90uhak/bumperbot_ws/src/install/bumperbot_mapping/share/bumperbot_mapping/package.sh'
[1.192s] INFO:colcon.colcon_core.shell:Creating package script '/home/eeiww/ud90uhak/bumperbot_ws/src/install/bumperbot_mapping/share/bumperbot_mapping/package.bash'
[1.194s] INFO:colcon.colcon_core.shell:Creating package script '/home/eeiww/ud90uhak/bumperbot_ws/src/install/bumperbot_mapping/share/bumperbot_mapping/package.zsh'
[1.196s] Level 1:colcon.colcon_core.environment:create_file_with_runtime_dependencies(/home/eeiww/ud90uhak/bumperbot_ws/src/install/bumperbot_mapping/share/colcon-core/packages/bumperbot_mapping)
[1.201s] Level 1:colcon.colcon_core.environment:create_environment_scripts_only(bumperbot_mapping)
[1.201s] Level 1:colcon.colcon_core.environment:checking '/home/eeiww/ud90uhak/bumperbot_ws/src/install/bumperbot_mapping' for CMake module files
[1.203s] Level 1:colcon.colcon_core.environment:checking '/home/eeiww/ud90uhak/bumperbot_ws/src/install/bumperbot_mapping' for CMake config files
[1.206s] Level 1:colcon.colcon_core.shell:create_environment_hook('bumperbot_mapping', 'cmake_prefix_path')
[1.206s] INFO:colcon.colcon_core.shell:Creating environment hook '/home/eeiww/ud90uhak/bumperbot_ws/src/install/bumperbot_mapping/share/bumperbot_mapping/hook/cmake_prefix_path.ps1'
[1.208s] INFO:colcon.colcon_core.shell:Creating environment descriptor '/home/eeiww/ud90uhak/bumperbot_ws/src/install/bumperbot_mapping/share/bumperbot_mapping/hook/cmake_prefix_path.dsv'
[1.210s] INFO:colcon.colcon_core.shell:Creating environment hook '/home/eeiww/ud90uhak/bumperbot_ws/src/install/bumperbot_mapping/share/bumperbot_mapping/hook/cmake_prefix_path.sh'
[1.213s] Level 1:colcon.colcon_core.environment:checking '/home/eeiww/ud90uhak/bumperbot_ws/src/install/bumperbot_mapping/bin'
[1.213s] Level 1:colcon.colcon_core.environment:checking '/home/eeiww/ud90uhak/bumperbot_ws/src/install/bumperbot_mapping/lib/pkgconfig/bumperbot_mapping.pc'
[1.213s] Level 1:colcon.colcon_core.environment:checking '/home/eeiww/ud90uhak/bumperbot_ws/src/install/bumperbot_mapping/lib/python3.12/site-packages'
[1.213s] Level 1:colcon.colcon_core.environment:checking '/home/eeiww/ud90uhak/bumperbot_ws/src/install/bumperbot_mapping/bin'
[1.213s] INFO:colcon.colcon_core.shell:Creating package script '/home/eeiww/ud90uhak/bumperbot_ws/src/install/bumperbot_mapping/share/bumperbot_mapping/package.ps1'
[1.216s] INFO:colcon.colcon_core.shell:Creating package descriptor '/home/eeiww/ud90uhak/bumperbot_ws/src/install/bumperbot_mapping/share/bumperbot_mapping/package.dsv'
[1.218s] INFO:colcon.colcon_core.shell:Creating package script '/home/eeiww/ud90uhak/bumperbot_ws/src/install/bumperbot_mapping/share/bumperbot_mapping/package.sh'
[1.221s] INFO:colcon.colcon_core.shell:Creating package script '/home/eeiww/ud90uhak/bumperbot_ws/src/install/bumperbot_mapping/share/bumperbot_mapping/package.bash'
[1.223s] INFO:colcon.colcon_core.shell:Creating package script '/home/eeiww/ud90uhak/bumperbot_ws/src/install/bumperbot_mapping/share/bumperbot_mapping/package.zsh'
[1.225s] Level 1:colcon.colcon_core.environment:create_file_with_runtime_dependencies(/home/eeiww/ud90uhak/bumperbot_ws/src/install/bumperbot_mapping/share/colcon-core/packages/bumperbot_mapping)
[1.231s] DEBUG:colcon.colcon_core.event_handler.log_command:Invoked command in '/home/eeiww/ud90uhak/bumperbot_ws/src/build/bumperbot_utils' returned '0': CMAKE_PREFIX_PATH=${CMAKE_PREFIX_PATH}:/opt/ros/jazzy DEBUGINFOD_URLS=https://debuginfod.ubuntu.com /usr/bin/cmake --build /home/eeiww/ud90uhak/bumperbot_ws/src/build/bumperbot_utils -- -j8 -l8
[1.233s] DEBUG:colcon.colcon_core.event_handler.log_command:Invoking command in '/home/eeiww/ud90uhak/bumperbot_ws/src/build/bumperbot_utils': CMAKE_PREFIX_PATH=${CMAKE_PREFIX_PATH}:/opt/ros/jazzy DEBUGINFOD_URLS=https://debuginfod.ubuntu.com /usr/bin/cmake --install /home/eeiww/ud90uhak/bumperbot_ws/src/build/bumperbot_utils
[1.243s] DEBUG:colcon.colcon_core.event_handler.log_command:Invoked command in '/home/eeiww/ud90uhak/bumperbot_ws/src/build/bumperbot_localization' returned '0': CMAKE_PREFIX_PATH=${CMAKE_PREFIX_PATH}:/opt/ros/jazzy DEBUGINFOD_URLS=https://debuginfod.ubuntu.com /usr/bin/cmake --build /home/eeiww/ud90uhak/bumperbot_ws/src/build/bumperbot_localization -- -j8 -l8
[1.249s] DEBUG:colcon.colcon_core.event_handler.log_command:Invoking command in '/home/eeiww/ud90uhak/bumperbot_ws/src/build/bumperbot_localization': CMAKE_PREFIX_PATH=${CMAKE_PREFIX_PATH}:/opt/ros/jazzy DEBUGINFOD_URLS=https://debuginfod.ubuntu.com /usr/bin/cmake --install /home/eeiww/ud90uhak/bumperbot_ws/src/build/bumperbot_localization
[1.253s] DEBUG:colcon.colcon_core.event_handler.log_command:Invoked command in '/home/eeiww/ud90uhak/bumperbot_ws/src/build/bumperbot_firmware' returned '0': CMAKE_PREFIX_PATH=${CMAKE_PREFIX_PATH}:/opt/ros/jazzy DEBUGINFOD_URLS=https://debuginfod.ubuntu.com /usr/bin/cmake --build /home/eeiww/ud90uhak/bumperbot_ws/src/build/bumperbot_firmware -- -j8 -l8
[1.260s] DEBUG:colcon.colcon_core.event_handler.log_command:Invoking command in '/home/eeiww/ud90uhak/bumperbot_ws/src/build/bumperbot_firmware': CMAKE_PREFIX_PATH=${CMAKE_PREFIX_PATH}:/opt/ros/jazzy DEBUGINFOD_URLS=https://debuginfod.ubuntu.com /usr/bin/cmake --install /home/eeiww/ud90uhak/bumperbot_ws/src/build/bumperbot_firmware
[1.314s] DEBUG:colcon.colcon_core.event_handler.log_command:Invoked command in '/home/eeiww/ud90uhak/bumperbot_ws/src/build/bumperbot_msgs' returned '0': CMAKE_PREFIX_PATH=${CMAKE_PREFIX_PATH}:/opt/ros/jazzy DEBUGINFOD_URLS=https://debuginfod.ubuntu.com /usr/bin/cmake --build /home/eeiww/ud90uhak/bumperbot_ws/src/build/bumperbot_msgs -- -j8 -l8
[1.320s] DEBUG:colcon.colcon_core.event_handler.log_command:Invoking command in '/home/eeiww/ud90uhak/bumperbot_ws/src/build/bumperbot_msgs': CMAKE_PREFIX_PATH=${CMAKE_PREFIX_PATH}:/opt/ros/jazzy DEBUGINFOD_URLS=https://debuginfod.ubuntu.com /usr/bin/cmake --install /home/eeiww/ud90uhak/bumperbot_ws/src/build/bumperbot_msgs
[1.338s] Level 1:colcon.colcon_core.environment:create_environment_scripts_only(bumperbot_controller)
[1.338s] Level 1:colcon.colcon_core.environment:checking '/home/eeiww/ud90uhak/bumperbot_ws/src/install/bumperbot_controller' for CMake module files
[1.339s] DEBUG:colcon.colcon_core.event_handler.log_command:Invoked command in '/home/eeiww/ud90uhak/bumperbot_ws/src/build/bumperbot_controller' returned '0': CMAKE_PREFIX_PATH=${CMAKE_PREFIX_PATH}:/opt/ros/jazzy DEBUGINFOD_URLS=https://debuginfod.ubuntu.com /usr/bin/cmake --install /home/eeiww/ud90uhak/bumperbot_ws/src/build/bumperbot_controller
[1.344s] Level 1:colcon.colcon_core.environment:checking '/home/eeiww/ud90uhak/bumperbot_ws/src/install/bumperbot_controller' for CMake config files
[1.352s] Level 1:colcon.colcon_core.shell:create_environment_hook('bumperbot_controller', 'cmake_prefix_path')
[1.353s] INFO:colcon.colcon_core.shell:Creating environment hook '/home/eeiww/ud90uhak/bumperbot_ws/src/install/bumperbot_controller/share/bumperbot_controller/hook/cmake_prefix_path.ps1'
[1.355s] INFO:colcon.colcon_core.shell:Creating environment descriptor '/home/eeiww/ud90uhak/bumperbot_ws/src/install/bumperbot_controller/share/bumperbot_controller/hook/cmake_prefix_path.dsv'
[1.358s] INFO:colcon.colcon_core.shell:Creating environment hook '/home/eeiww/ud90uhak/bumperbot_ws/src/install/bumperbot_controller/share/bumperbot_controller/hook/cmake_prefix_path.sh'
[1.361s] Level 1:colcon.colcon_core.environment:checking '/home/eeiww/ud90uhak/bumperbot_ws/src/install/bumperbot_controller/lib'
[1.362s] Level 1:colcon.colcon_core.environment:checking '/home/eeiww/ud90uhak/bumperbot_ws/src/install/bumperbot_controller/bin'
[1.363s] Level 1:colcon.colcon_core.environment:checking '/home/eeiww/ud90uhak/bumperbot_ws/src/install/bumperbot_controller/lib/pkgconfig/bumperbot_controller.pc'
[1.363s] Level 1:colcon.colcon_core.environment:checking '/home/eeiww/ud90uhak/bumperbot_ws/src/install/bumperbot_controller/lib/python3.12/site-packages'
[1.364s] Level 1:colcon.colcon_core.shell:create_environment_hook('bumperbot_controller', 'pythonpath')
[1.364s] INFO:colcon.colcon_core.shell:Creating environment hook '/home/eeiww/ud90uhak/bumperbot_ws/src/install/bumperbot_controller/share/bumperbot_controller/hook/pythonpath.ps1'
[1.366s] INFO:colcon.colcon_core.shell:Creating environment descriptor '/home/eeiww/ud90uhak/bumperbot_ws/src/install/bumperbot_controller/share/bumperbot_controller/hook/pythonpath.dsv'
[1.369s] INFO:colcon.colcon_core.shell:Creating environment hook '/home/eeiww/ud90uhak/bumperbot_ws/src/install/bumperbot_controller/share/bumperbot_controller/hook/pythonpath.sh'
[1.371s] Level 1:colcon.colcon_core.environment:checking '/home/eeiww/ud90uhak/bumperbot_ws/src/install/bumperbot_controller/bin'
[1.371s] INFO:colcon.colcon_core.shell:Creating package script '/home/eeiww/ud90uhak/bumperbot_ws/src/install/bumperbot_controller/share/bumperbot_controller/package.ps1'
[1.374s] INFO:colcon.colcon_core.shell:Creating package descriptor '/home/eeiww/ud90uhak/bumperbot_ws/src/install/bumperbot_controller/share/bumperbot_controller/package.dsv'
[1.377s] INFO:colcon.colcon_core.shell:Creating package script '/home/eeiww/ud90uhak/bumperbot_ws/src/install/bumperbot_controller/share/bumperbot_controller/package.sh'
[1.381s] INFO:colcon.colcon_core.shell:Creating package script '/home/eeiww/ud90uhak/bumperbot_ws/src/install/bumperbot_controller/share/bumperbot_controller/package.bash'
[1.384s] INFO:colcon.colcon_core.shell:Creating package script '/home/eeiww/ud90uhak/bumperbot_ws/src/install/bumperbot_controller/share/bumperbot_controller/package.zsh'
[1.388s] Level 1:colcon.colcon_core.environment:create_file_with_runtime_dependencies(/home/eeiww/ud90uhak/bumperbot_ws/src/install/bumperbot_controller/share/colcon-core/packages/bumperbot_controller)
[1.395s] Level 1:colcon.colcon_core.environment:create_environment_scripts_only(bumperbot_controller)
[1.395s] Level 1:colcon.colcon_core.environment:checking '/home/eeiww/ud90uhak/bumperbot_ws/src/install/bumperbot_controller' for CMake module files
[1.398s] Level 1:colcon.colcon_core.environment:checking '/home/eeiww/ud90uhak/bumperbot_ws/src/install/bumperbot_controller' for CMake config files
[1.413s] Level 1:colcon.colcon_core.shell:create_environment_hook('bumperbot_controller', 'cmake_prefix_path')
[1.413s] INFO:colcon.colcon_core.shell:Creating environment hook '/home/eeiww/ud90uhak/bumperbot_ws/src/install/bumperbot_controller/share/bumperbot_controller/hook/cmake_prefix_path.ps1'
[1.416s] INFO:colcon.colcon_core.shell:Creating environment descriptor '/home/eeiww/ud90uhak/bumperbot_ws/src/install/bumperbot_controller/share/bumperbot_controller/hook/cmake_prefix_path.dsv'
[1.419s] INFO:colcon.colcon_core.shell:Creating environment hook '/home/eeiww/ud90uhak/bumperbot_ws/src/install/bumperbot_controller/share/bumperbot_controller/hook/cmake_prefix_path.sh'
[1.424s] Level 1:colcon.colcon_core.environment:checking '/home/eeiww/ud90uhak/bumperbot_ws/src/install/bumperbot_controller/lib'
[1.424s] Level 1:colcon.colcon_core.environment:checking '/home/eeiww/ud90uhak/bumperbot_ws/src/install/bumperbot_controller/bin'
[1.424s] Level 1:colcon.colcon_core.environment:checking '/home/eeiww/ud90uhak/bumperbot_ws/src/install/bumperbot_controller/lib/pkgconfig/bumperbot_controller.pc'
[1.425s] Level 1:colcon.colcon_core.environment:checking '/home/eeiww/ud90uhak/bumperbot_ws/src/install/bumperbot_controller/lib/python3.12/site-packages'
[1.425s] Level 1:colcon.colcon_core.shell:create_environment_hook('bumperbot_controller', 'pythonpath')
[1.425s] INFO:colcon.colcon_core.shell:Creating environment hook '/home/eeiww/ud90uhak/bumperbot_ws/src/install/bumperbot_controller/share/bumperbot_controller/hook/pythonpath.ps1'
[1.429s] INFO:colcon.colcon_core.shell:Creating environment descriptor '/home/eeiww/ud90uhak/bumperbot_ws/src/install/bumperbot_controller/share/bumperbot_controller/hook/pythonpath.dsv'
[1.432s] INFO:colcon.colcon_core.shell:Creating environment hook '/home/eeiww/ud90uhak/bumperbot_ws/src/install/bumperbot_controller/share/bumperbot_controller/hook/pythonpath.sh'
[1.436s] Level 1:colcon.colcon_core.environment:checking '/home/eeiww/ud90uhak/bumperbot_ws/src/install/bumperbot_controller/bin'
[1.436s] INFO:colcon.colcon_core.shell:Creating package script '/home/eeiww/ud90uhak/bumperbot_ws/src/install/bumperbot_controller/share/bumperbot_controller/package.ps1'
[1.439s] INFO:colcon.colcon_core.shell:Creating package descriptor '/home/eeiww/ud90uhak/bumperbot_ws/src/install/bumperbot_controller/share/bumperbot_controller/package.dsv'
[1.443s] INFO:colcon.colcon_core.shell:Creating package script '/home/eeiww/ud90uhak/bumperbot_ws/src/install/bumperbot_controller/share/bumperbot_controller/package.sh'
[1.447s] INFO:colcon.colcon_core.shell:Creating package script '/home/eeiww/ud90uhak/bumperbot_ws/src/install/bumperbot_controller/share/bumperbot_controller/package.bash'
[1.450s] INFO:colcon.colcon_core.shell:Creating package script '/home/eeiww/ud90uhak/bumperbot_ws/src/install/bumperbot_controller/share/bumperbot_controller/package.zsh'
[1.454s] Level 1:colcon.colcon_core.environment:create_file_with_runtime_dependencies(/home/eeiww/ud90uhak/bumperbot_ws/src/install/bumperbot_controller/share/colcon-core/packages/bumperbot_controller)
[1.459s] Level 1:colcon.colcon_core.environment:create_environment_scripts_only(bumperbot_utils)
[1.460s] Level 1:colcon.colcon_core.environment:checking '/home/eeiww/ud90uhak/bumperbot_ws/src/install/bumperbot_utils' for CMake module files
[1.467s] DEBUG:colcon.colcon_core.event_handler.log_command:Invoked command in '/home/eeiww/ud90uhak/bumperbot_ws/src/build/bumperbot_utils' returned '0': CMAKE_PREFIX_PATH=${CMAKE_PREFIX_PATH}:/opt/ros/jazzy DEBUGINFOD_URLS=https://debuginfod.ubuntu.com /usr/bin/cmake --install /home/eeiww/ud90uhak/bumperbot_ws/src/build/bumperbot_utils
[1.470s] Level 1:colcon.colcon_core.environment:checking '/home/eeiww/ud90uhak/bumperbot_ws/src/install/bumperbot_utils' for CMake config files
[1.477s] Level 1:colcon.colcon_core.shell:create_environment_hook('bumperbot_utils', 'cmake_prefix_path')
[1.477s] INFO:colcon.colcon_core.shell:Creating environment hook '/home/eeiww/ud90uhak/bumperbot_ws/src/install/bumperbot_utils/share/bumperbot_utils/hook/cmake_prefix_path.ps1'
[1.480s] INFO:colcon.colcon_core.shell:Creating environment descriptor '/home/eeiww/ud90uhak/bumperbot_ws/src/install/bumperbot_utils/share/bumperbot_utils/hook/cmake_prefix_path.dsv'
[1.483s] INFO:colcon.colcon_core.shell:Creating environment hook '/home/eeiww/ud90uhak/bumperbot_ws/src/install/bumperbot_utils/share/bumperbot_utils/hook/cmake_prefix_path.sh'
[1.488s] Level 1:colcon.colcon_core.environment:checking '/home/eeiww/ud90uhak/bumperbot_ws/src/install/bumperbot_utils/lib'
[1.489s] Level 1:colcon.colcon_core.environment:checking '/home/eeiww/ud90uhak/bumperbot_ws/src/install/bumperbot_utils/bin'
[1.489s] Level 1:colcon.colcon_core.environment:checking '/home/eeiww/ud90uhak/bumperbot_ws/src/install/bumperbot_utils/lib/pkgconfig/bumperbot_utils.pc'
[1.490s] Level 1:colcon.colcon_core.environment:checking '/home/eeiww/ud90uhak/bumperbot_ws/src/install/bumperbot_utils/lib/python3.12/site-packages'
[1.490s] Level 1:colcon.colcon_core.shell:create_environment_hook('bumperbot_utils', 'pythonpath')
[1.490s] INFO:colcon.colcon_core.shell:Creating environment hook '/home/eeiww/ud90uhak/bumperbot_ws/src/install/bumperbot_utils/share/bumperbot_utils/hook/pythonpath.ps1'
[1.500s] INFO:colcon.colcon_core.shell:Creating environment descriptor '/home/eeiww/ud90uhak/bumperbot_ws/src/install/bumperbot_utils/share/bumperbot_utils/hook/pythonpath.dsv'
[1.502s] INFO:colcon.colcon_core.shell:Creating environment hook '/home/eeiww/ud90uhak/bumperbot_ws/src/install/bumperbot_utils/share/bumperbot_utils/hook/pythonpath.sh'
[1.505s] Level 1:colcon.colcon_core.environment:checking '/home/eeiww/ud90uhak/bumperbot_ws/src/install/bumperbot_utils/bin'
[1.505s] INFO:colcon.colcon_core.shell:Creating package script '/home/eeiww/ud90uhak/bumperbot_ws/src/install/bumperbot_utils/share/bumperbot_utils/package.ps1'
[1.508s] INFO:colcon.colcon_core.shell:Creating package descriptor '/home/eeiww/ud90uhak/bumperbot_ws/src/install/bumperbot_utils/share/bumperbot_utils/package.dsv'
[1.519s] INFO:colcon.colcon_core.shell:Creating package script '/home/eeiww/ud90uhak/bumperbot_ws/src/install/bumperbot_utils/share/bumperbot_utils/package.sh'
[1.548s] INFO:colcon.colcon_core.shell:Creating package script '/home/eeiww/ud90uhak/bumperbot_ws/src/install/bumperbot_utils/share/bumperbot_utils/package.bash'
[1.551s] INFO:colcon.colcon_core.shell:Creating package script '/home/eeiww/ud90uhak/bumperbot_ws/src/install/bumperbot_utils/share/bumperbot_utils/package.zsh'
[1.554s] Level 1:colcon.colcon_core.environment:create_file_with_runtime_dependencies(/home/eeiww/ud90uhak/bumperbot_ws/src/install/bumperbot_utils/share/colcon-core/packages/bumperbot_utils)
[1.558s] Level 1:colcon.colcon_core.environment:create_environment_scripts_only(bumperbot_utils)
[1.558s] Level 1:colcon.colcon_core.environment:checking '/home/eeiww/ud90uhak/bumperbot_ws/src/install/bumperbot_utils' for CMake module files
[1.560s] Level 1:colcon.colcon_core.environment:checking '/home/eeiww/ud90uhak/bumperbot_ws/src/install/bumperbot_utils' for CMake config files
[1.563s] Level 1:colcon.colcon_core.shell:create_environment_hook('bumperbot_utils', 'cmake_prefix_path')
[1.563s] INFO:colcon.colcon_core.shell:Creating environment hook '/home/eeiww/ud90uhak/bumperbot_ws/src/install/bumperbot_utils/share/bumperbot_utils/hook/cmake_prefix_path.ps1'
[1.565s] INFO:colcon.colcon_core.shell:Creating environment descriptor '/home/eeiww/ud90uhak/bumperbot_ws/src/install/bumperbot_utils/share/bumperbot_utils/hook/cmake_prefix_path.dsv'
[1.567s] INFO:colcon.colcon_core.shell:Creating environment hook '/home/eeiww/ud90uhak/bumperbot_ws/src/install/bumperbot_utils/share/bumperbot_utils/hook/cmake_prefix_path.sh'
[1.570s] Level 1:colcon.colcon_core.environment:checking '/home/eeiww/ud90uhak/bumperbot_ws/src/install/bumperbot_utils/lib'
[1.571s] Level 1:colcon.colcon_core.environment:checking '/home/eeiww/ud90uhak/bumperbot_ws/src/install/bumperbot_utils/bin'
[1.571s] Level 1:colcon.colcon_core.environment:checking '/home/eeiww/ud90uhak/bumperbot_ws/src/install/bumperbot_utils/lib/pkgconfig/bumperbot_utils.pc'
[1.571s] Level 1:colcon.colcon_core.environment:checking '/home/eeiww/ud90uhak/bumperbot_ws/src/install/bumperbot_utils/lib/python3.12/site-packages'
[1.571s] Level 1:colcon.colcon_core.shell:create_environment_hook('bumperbot_utils', 'pythonpath')
[1.572s] INFO:colcon.colcon_core.shell:Creating environment hook '/home/eeiww/ud90uhak/bumperbot_ws/src/install/bumperbot_utils/share/bumperbot_utils/hook/pythonpath.ps1'
[1.574s] INFO:colcon.colcon_core.shell:Creating environment descriptor '/home/eeiww/ud90uhak/bumperbot_ws/src/install/bumperbot_utils/share/bumperbot_utils/hook/pythonpath.dsv'
[1.577s] INFO:colcon.colcon_core.shell:Creating environment hook '/home/eeiww/ud90uhak/bumperbot_ws/src/install/bumperbot_utils/share/bumperbot_utils/hook/pythonpath.sh'
[1.580s] Level 1:colcon.colcon_core.environment:checking '/home/eeiww/ud90uhak/bumperbot_ws/src/install/bumperbot_utils/bin'
[1.580s] INFO:colcon.colcon_core.shell:Creating package script '/home/eeiww/ud90uhak/bumperbot_ws/src/install/bumperbot_utils/share/bumperbot_utils/package.ps1'
[1.582s] INFO:colcon.colcon_core.shell:Creating package descriptor '/home/eeiww/ud90uhak/bumperbot_ws/src/install/bumperbot_utils/share/bumperbot_utils/package.dsv'
[1.585s] INFO:colcon.colcon_core.shell:Creating package script '/home/eeiww/ud90uhak/bumperbot_ws/src/install/bumperbot_utils/share/bumperbot_utils/package.sh'
[1.587s] INFO:colcon.colcon_core.shell:Creating package script '/home/eeiww/ud90uhak/bumperbot_ws/src/install/bumperbot_utils/share/bumperbot_utils/package.bash'
[1.590s] INFO:colcon.colcon_core.shell:Creating package script '/home/eeiww/ud90uhak/bumperbot_ws/src/install/bumperbot_utils/share/bumperbot_utils/package.zsh'
[1.592s] Level 1:colcon.colcon_core.environment:create_file_with_runtime_dependencies(/home/eeiww/ud90uhak/bumperbot_ws/src/install/bumperbot_utils/share/colcon-core/packages/bumperbot_utils)
[1.595s] Level 1:colcon.colcon_core.environment:create_environment_scripts_only(bumperbot_firmware)
[1.596s] Level 1:colcon.colcon_core.environment:checking '/home/eeiww/ud90uhak/bumperbot_ws/src/install/bumperbot_firmware' for CMake module files
[1.601s] DEBUG:colcon.colcon_core.event_handler.log_command:Invoked command in '/home/eeiww/ud90uhak/bumperbot_ws/src/build/bumperbot_firmware' returned '0': CMAKE_PREFIX_PATH=${CMAKE_PREFIX_PATH}:/opt/ros/jazzy DEBUGINFOD_URLS=https://debuginfod.ubuntu.com /usr/bin/cmake --install /home/eeiww/ud90uhak/bumperbot_ws/src/build/bumperbot_firmware
[1.602s] Level 1:colcon.colcon_core.environment:checking '/home/eeiww/ud90uhak/bumperbot_ws/src/install/bumperbot_firmware' for CMake config files
[1.647s] Level 1:colcon.colcon_core.shell:create_environment_hook('bumperbot_firmware', 'cmake_prefix_path')
[1.647s] INFO:colcon.colcon_core.shell:Creating environment hook '/home/eeiww/ud90uhak/bumperbot_ws/src/install/bumperbot_firmware/share/bumperbot_firmware/hook/cmake_prefix_path.ps1'
[1.650s] INFO:colcon.colcon_core.shell:Creating environment descriptor '/home/eeiww/ud90uhak/bumperbot_ws/src/install/bumperbot_firmware/share/bumperbot_firmware/hook/cmake_prefix_path.dsv'
[1.653s] INFO:colcon.colcon_core.shell:Creating environment hook '/home/eeiww/ud90uhak/bumperbot_ws/src/install/bumperbot_firmware/share/bumperbot_firmware/hook/cmake_prefix_path.sh'
[1.658s] Level 1:colcon.colcon_core.environment:checking '/home/eeiww/ud90uhak/bumperbot_ws/src/install/bumperbot_firmware/lib'
[1.659s] Level 1:colcon.colcon_core.shell:create_environment_hook('bumperbot_firmware', 'ld_library_path_lib')
[1.659s] INFO:colcon.colcon_core.shell:Creating environment hook '/home/eeiww/ud90uhak/bumperbot_ws/src/install/bumperbot_firmware/share/bumperbot_firmware/hook/ld_library_path_lib.ps1'
[1.662s] INFO:colcon.colcon_core.shell:Creating environment descriptor '/home/eeiww/ud90uhak/bumperbot_ws/src/install/bumperbot_firmware/share/bumperbot_firmware/hook/ld_library_path_lib.dsv'
[1.666s] INFO:colcon.colcon_core.shell:Creating environment hook '/home/eeiww/ud90uhak/bumperbot_ws/src/install/bumperbot_firmware/share/bumperbot_firmware/hook/ld_library_path_lib.sh'
[1.669s] Level 1:colcon.colcon_core.environment:checking '/home/eeiww/ud90uhak/bumperbot_ws/src/install/bumperbot_firmware/bin'
[1.669s] Level 1:colcon.colcon_core.environment:checking '/home/eeiww/ud90uhak/bumperbot_ws/src/install/bumperbot_firmware/lib/pkgconfig/bumperbot_firmware.pc'
[1.670s] Level 1:colcon.colcon_core.environment:checking '/home/eeiww/ud90uhak/bumperbot_ws/src/install/bumperbot_firmware/lib/python3.12/site-packages'
[1.670s] Level 1:colcon.colcon_core.shell:create_environment_hook('bumperbot_firmware', 'pythonpath')
[1.670s] INFO:colcon.colcon_core.shell:Creating environment hook '/home/eeiww/ud90uhak/bumperbot_ws/src/install/bumperbot_firmware/share/bumperbot_firmware/hook/pythonpath.ps1'
[1.672s] INFO:colcon.colcon_core.shell:Creating environment descriptor '/home/eeiww/ud90uhak/bumperbot_ws/src/install/bumperbot_firmware/share/bumperbot_firmware/hook/pythonpath.dsv'
[1.675s] INFO:colcon.colcon_core.shell:Creating environment hook '/home/eeiww/ud90uhak/bumperbot_ws/src/install/bumperbot_firmware/share/bumperbot_firmware/hook/pythonpath.sh'
[1.677s] Level 1:colcon.colcon_core.environment:checking '/home/eeiww/ud90uhak/bumperbot_ws/src/install/bumperbot_firmware/bin'
[1.678s] INFO:colcon.colcon_core.shell:Creating package script '/home/eeiww/ud90uhak/bumperbot_ws/src/install/bumperbot_firmware/share/bumperbot_firmware/package.ps1'
[1.680s] INFO:colcon.colcon_core.shell:Creating package descriptor '/home/eeiww/ud90uhak/bumperbot_ws/src/install/bumperbot_firmware/share/bumperbot_firmware/package.dsv'
[1.683s] INFO:colcon.colcon_core.shell:Creating package script '/home/eeiww/ud90uhak/bumperbot_ws/src/install/bumperbot_firmware/share/bumperbot_firmware/package.sh'
[1.685s] INFO:colcon.colcon_core.shell:Creating package script '/home/eeiww/ud90uhak/bumperbot_ws/src/install/bumperbot_firmware/share/bumperbot_firmware/package.bash'
[1.688s] INFO:colcon.colcon_core.shell:Creating package script '/home/eeiww/ud90uhak/bumperbot_ws/src/install/bumperbot_firmware/share/bumperbot_firmware/package.zsh'
[1.690s] Level 1:colcon.colcon_core.environment:create_file_with_runtime_dependencies(/home/eeiww/ud90uhak/bumperbot_ws/src/install/bumperbot_firmware/share/colcon-core/packages/bumperbot_firmware)
[1.695s] Level 1:colcon.colcon_core.environment:create_environment_scripts_only(bumperbot_firmware)
[1.695s] Level 1:colcon.colcon_core.environment:checking '/home/eeiww/ud90uhak/bumperbot_ws/src/install/bumperbot_firmware' for CMake module files
[1.697s] Level 1:colcon.colcon_core.environment:checking '/home/eeiww/ud90uhak/bumperbot_ws/src/install/bumperbot_firmware' for CMake config files
[1.699s] Level 1:colcon.colcon_core.shell:create_environment_hook('bumperbot_firmware', 'cmake_prefix_path')
[1.699s] INFO:colcon.colcon_core.shell:Creating environment hook '/home/eeiww/ud90uhak/bumperbot_ws/src/install/bumperbot_firmware/share/bumperbot_firmware/hook/cmake_prefix_path.ps1'
[1.701s] INFO:colcon.colcon_core.shell:Creating environment descriptor '/home/eeiww/ud90uhak/bumperbot_ws/src/install/bumperbot_firmware/share/bumperbot_firmware/hook/cmake_prefix_path.dsv'
[1.703s] INFO:colcon.colcon_core.shell:Creating environment hook '/home/eeiww/ud90uhak/bumperbot_ws/src/install/bumperbot_firmware/share/bumperbot_firmware/hook/cmake_prefix_path.sh'
[1.706s] Level 1:colcon.colcon_core.environment:checking '/home/eeiww/ud90uhak/bumperbot_ws/src/install/bumperbot_firmware/lib'
[1.707s] Level 1:colcon.colcon_core.shell:create_environment_hook('bumperbot_firmware', 'ld_library_path_lib')
[1.707s] INFO:colcon.colcon_core.shell:Creating environment hook '/home/eeiww/ud90uhak/bumperbot_ws/src/install/bumperbot_firmware/share/bumperbot_firmware/hook/ld_library_path_lib.ps1'
[1.709s] INFO:colcon.colcon_core.shell:Creating environment descriptor '/home/eeiww/ud90uhak/bumperbot_ws/src/install/bumperbot_firmware/share/bumperbot_firmware/hook/ld_library_path_lib.dsv'
[1.711s] INFO:colcon.colcon_core.shell:Creating environment hook '/home/eeiww/ud90uhak/bumperbot_ws/src/install/bumperbot_firmware/share/bumperbot_firmware/hook/ld_library_path_lib.sh'
[1.713s] Level 1:colcon.colcon_core.environment:checking '/home/eeiww/ud90uhak/bumperbot_ws/src/install/bumperbot_firmware/bin'
[1.713s] Level 1:colcon.colcon_core.environment:checking '/home/eeiww/ud90uhak/bumperbot_ws/src/install/bumperbot_firmware/lib/pkgconfig/bumperbot_firmware.pc'
[1.714s] Level 1:colcon.colcon_core.environment:checking '/home/eeiww/ud90uhak/bumperbot_ws/src/install/bumperbot_firmware/lib/python3.12/site-packages'
[1.714s] Level 1:colcon.colcon_core.shell:create_environment_hook('bumperbot_firmware', 'pythonpath')
[1.714s] INFO:colcon.colcon_core.shell:Creating environment hook '/home/eeiww/ud90uhak/bumperbot_ws/src/install/bumperbot_firmware/share/bumperbot_firmware/hook/pythonpath.ps1'
[1.716s] INFO:colcon.colcon_core.shell:Creating environment descriptor '/home/eeiww/ud90uhak/bumperbot_ws/src/install/bumperbot_firmware/share/bumperbot_firmware/hook/pythonpath.dsv'
[1.718s] INFO:colcon.colcon_core.shell:Creating environment hook '/home/eeiww/ud90uhak/bumperbot_ws/src/install/bumperbot_firmware/share/bumperbot_firmware/hook/pythonpath.sh'
[1.720s] Level 1:colcon.colcon_core.environment:checking '/home/eeiww/ud90uhak/bumperbot_ws/src/install/bumperbot_firmware/bin'
[1.720s] INFO:colcon.colcon_core.shell:Creating package script '/home/eeiww/ud90uhak/bumperbot_ws/src/install/bumperbot_firmware/share/bumperbot_firmware/package.ps1'
[1.723s] INFO:colcon.colcon_core.shell:Creating package descriptor '/home/eeiww/ud90uhak/bumperbot_ws/src/install/bumperbot_firmware/share/bumperbot_firmware/package.dsv'
[1.725s] INFO:colcon.colcon_core.shell:Creating package script '/home/eeiww/ud90uhak/bumperbot_ws/src/install/bumperbot_firmware/share/bumperbot_firmware/package.sh'
[1.727s] INFO:colcon.colcon_core.shell:Creating package script '/home/eeiww/ud90uhak/bumperbot_ws/src/install/bumperbot_firmware/share/bumperbot_firmware/package.bash'
[1.729s] INFO:colcon.colcon_core.shell:Creating package script '/home/eeiww/ud90uhak/bumperbot_ws/src/install/bumperbot_firmware/share/bumperbot_firmware/package.zsh'
[1.732s] Level 1:colcon.colcon_core.environment:create_file_with_runtime_dependencies(/home/eeiww/ud90uhak/bumperbot_ws/src/install/bumperbot_firmware/share/colcon-core/packages/bumperbot_firmware)
[1.735s] Level 1:colcon.colcon_core.environment:create_environment_scripts_only(bumperbot_localization)
[1.735s] Level 1:colcon.colcon_core.environment:checking '/home/eeiww/ud90uhak/bumperbot_ws/src/install/bumperbot_localization' for CMake module files
[1.741s] Level 1:colcon.colcon_core.environment:checking '/home/eeiww/ud90uhak/bumperbot_ws/src/install/bumperbot_localization' for CMake config files
[1.741s] DEBUG:colcon.colcon_core.event_handler.log_command:Invoked command in '/home/eeiww/ud90uhak/bumperbot_ws/src/build/bumperbot_localization' returned '0': CMAKE_PREFIX_PATH=${CMAKE_PREFIX_PATH}:/opt/ros/jazzy DEBUGINFOD_URLS=https://debuginfod.ubuntu.com /usr/bin/cmake --install /home/eeiww/ud90uhak/bumperbot_ws/src/build/bumperbot_localization
[1.750s] Level 1:colcon.colcon_core.shell:create_environment_hook('bumperbot_localization', 'cmake_prefix_path')
[1.750s] INFO:colcon.colcon_core.shell:Creating environment hook '/home/eeiww/ud90uhak/bumperbot_ws/src/install/bumperbot_localization/share/bumperbot_localization/hook/cmake_prefix_path.ps1'
[1.752s] INFO:colcon.colcon_core.shell:Creating environment descriptor '/home/eeiww/ud90uhak/bumperbot_ws/src/install/bumperbot_localization/share/bumperbot_localization/hook/cmake_prefix_path.dsv'
[1.756s] INFO:colcon.colcon_core.shell:Creating environment hook '/home/eeiww/ud90uhak/bumperbot_ws/src/install/bumperbot_localization/share/bumperbot_localization/hook/cmake_prefix_path.sh'
[1.759s] Level 1:colcon.colcon_core.environment:checking '/home/eeiww/ud90uhak/bumperbot_ws/src/install/bumperbot_localization/lib'
[1.760s] Level 1:colcon.colcon_core.environment:checking '/home/eeiww/ud90uhak/bumperbot_ws/src/install/bumperbot_localization/bin'
[1.761s] Level 1:colcon.colcon_core.shell:create_environment_hook('bumperbot_localization', 'path')
[1.761s] INFO:colcon.colcon_core.shell:Creating environment hook '/home/eeiww/ud90uhak/bumperbot_ws/src/install/bumperbot_localization/share/bumperbot_localization/hook/path.ps1'
[1.763s] INFO:colcon.colcon_core.shell:Creating environment descriptor '/home/eeiww/ud90uhak/bumperbot_ws/src/install/bumperbot_localization/share/bumperbot_localization/hook/path.dsv'
[1.765s] INFO:colcon.colcon_core.shell:Creating environment hook '/home/eeiww/ud90uhak/bumperbot_ws/src/install/bumperbot_localization/share/bumperbot_localization/hook/path.sh'
[1.767s] Level 1:colcon.colcon_core.environment:checking '/home/eeiww/ud90uhak/bumperbot_ws/src/install/bumperbot_localization/lib/pkgconfig/bumperbot_localization.pc'
[1.768s] Level 1:colcon.colcon_core.environment:checking '/home/eeiww/ud90uhak/bumperbot_ws/src/install/bumperbot_localization/lib/python3.12/site-packages'
[1.768s] Level 1:colcon.colcon_core.shell:create_environment_hook('bumperbot_localization', 'pythonpath')
[1.768s] INFO:colcon.colcon_core.shell:Creating environment hook '/home/eeiww/ud90uhak/bumperbot_ws/src/install/bumperbot_localization/share/bumperbot_localization/hook/pythonpath.ps1'
[1.770s] INFO:colcon.colcon_core.shell:Creating environment descriptor '/home/eeiww/ud90uhak/bumperbot_ws/src/install/bumperbot_localization/share/bumperbot_localization/hook/pythonpath.dsv'
[1.774s] INFO:colcon.colcon_core.shell:Creating environment hook '/home/eeiww/ud90uhak/bumperbot_ws/src/install/bumperbot_localization/share/bumperbot_localization/hook/pythonpath.sh'
[1.776s] Level 1:colcon.colcon_core.environment:checking '/home/eeiww/ud90uhak/bumperbot_ws/src/install/bumperbot_localization/bin'
[1.777s] Level 1:colcon.colcon_core.shell:create_environment_hook('bumperbot_localization', 'pythonscriptspath')
[1.777s] INFO:colcon.colcon_core.shell:Creating environment hook '/home/eeiww/ud90uhak/bumperbot_ws/src/install/bumperbot_localization/share/bumperbot_localization/hook/pythonscriptspath.ps1'
[1.780s] INFO:colcon.colcon_core.shell:Creating environment descriptor '/home/eeiww/ud90uhak/bumperbot_ws/src/install/bumperbot_localization/share/bumperbot_localization/hook/pythonscriptspath.dsv'
[1.781s] INFO:colcon.colcon_core.shell:Creating environment hook '/home/eeiww/ud90uhak/bumperbot_ws/src/install/bumperbot_localization/share/bumperbot_localization/hook/pythonscriptspath.sh'
[1.784s] INFO:colcon.colcon_core.shell:Creating package script '/home/eeiww/ud90uhak/bumperbot_ws/src/install/bumperbot_localization/share/bumperbot_localization/package.ps1'
[1.787s] INFO:colcon.colcon_core.shell:Creating package descriptor '/home/eeiww/ud90uhak/bumperbot_ws/src/install/bumperbot_localization/share/bumperbot_localization/package.dsv'
[1.789s] INFO:colcon.colcon_core.shell:Creating package script '/home/eeiww/ud90uhak/bumperbot_ws/src/install/bumperbot_localization/share/bumperbot_localization/package.sh'
[1.791s] INFO:colcon.colcon_core.shell:Creating package script '/home/eeiww/ud90uhak/bumperbot_ws/src/install/bumperbot_localization/share/bumperbot_localization/package.bash'
[1.794s] INFO:colcon.colcon_core.shell:Creating package script '/home/eeiww/ud90uhak/bumperbot_ws/src/install/bumperbot_localization/share/bumperbot_localization/package.zsh'
[1.796s] Level 1:colcon.colcon_core.environment:create_file_with_runtime_dependencies(/home/eeiww/ud90uhak/bumperbot_ws/src/install/bumperbot_localization/share/colcon-core/packages/bumperbot_localization)
[1.801s] Level 1:colcon.colcon_core.environment:create_environment_scripts_only(bumperbot_localization)
[1.802s] Level 1:colcon.colcon_core.environment:checking '/home/eeiww/ud90uhak/bumperbot_ws/src/install/bumperbot_localization' for CMake module files
[1.804s] Level 1:colcon.colcon_core.environment:checking '/home/eeiww/ud90uhak/bumperbot_ws/src/install/bumperbot_localization' for CMake config files
[1.812s] Level 1:colcon.colcon_core.shell:create_environment_hook('bumperbot_localization', 'cmake_prefix_path')
[1.812s] INFO:colcon.colcon_core.shell:Creating environment hook '/home/eeiww/ud90uhak/bumperbot_ws/src/install/bumperbot_localization/share/bumperbot_localization/hook/cmake_prefix_path.ps1'
[1.814s] INFO:colcon.colcon_core.shell:Creating environment descriptor '/home/eeiww/ud90uhak/bumperbot_ws/src/install/bumperbot_localization/share/bumperbot_localization/hook/cmake_prefix_path.dsv'
[1.816s] INFO:colcon.colcon_core.shell:Creating environment hook '/home/eeiww/ud90uhak/bumperbot_ws/src/install/bumperbot_localization/share/bumperbot_localization/hook/cmake_prefix_path.sh'
[1.818s] Level 1:colcon.colcon_core.environment:checking '/home/eeiww/ud90uhak/bumperbot_ws/src/install/bumperbot_localization/lib'
[1.819s] Level 1:colcon.colcon_core.environment:checking '/home/eeiww/ud90uhak/bumperbot_ws/src/install/bumperbot_localization/bin'
[1.819s] Level 1:colcon.colcon_core.shell:create_environment_hook('bumperbot_localization', 'path')
[1.819s] INFO:colcon.colcon_core.shell:Creating environment hook '/home/eeiww/ud90uhak/bumperbot_ws/src/install/bumperbot_localization/share/bumperbot_localization/hook/path.ps1'
[1.821s] INFO:colcon.colcon_core.shell:Creating environment descriptor '/home/eeiww/ud90uhak/bumperbot_ws/src/install/bumperbot_localization/share/bumperbot_localization/hook/path.dsv'
[1.823s] INFO:colcon.colcon_core.shell:Creating environment hook '/home/eeiww/ud90uhak/bumperbot_ws/src/install/bumperbot_localization/share/bumperbot_localization/hook/path.sh'
[1.825s] Level 1:colcon.colcon_core.environment:checking '/home/eeiww/ud90uhak/bumperbot_ws/src/install/bumperbot_localization/lib/pkgconfig/bumperbot_localization.pc'
[1.825s] Level 1:colcon.colcon_core.environment:checking '/home/eeiww/ud90uhak/bumperbot_ws/src/install/bumperbot_localization/lib/python3.12/site-packages'
[1.825s] Level 1:colcon.colcon_core.shell:create_environment_hook('bumperbot_localization', 'pythonpath')
[1.825s] INFO:colcon.colcon_core.shell:Creating environment hook '/home/eeiww/ud90uhak/bumperbot_ws/src/install/bumperbot_localization/share/bumperbot_localization/hook/pythonpath.ps1'
[1.827s] INFO:colcon.colcon_core.shell:Creating environment descriptor '/home/eeiww/ud90uhak/bumperbot_ws/src/install/bumperbot_localization/share/bumperbot_localization/hook/pythonpath.dsv'
[1.829s] INFO:colcon.colcon_core.shell:Creating environment hook '/home/eeiww/ud90uhak/bumperbot_ws/src/install/bumperbot_localization/share/bumperbot_localization/hook/pythonpath.sh'
[1.832s] Level 1:colcon.colcon_core.environment:checking '/home/eeiww/ud90uhak/bumperbot_ws/src/install/bumperbot_localization/bin'
[1.832s] Level 1:colcon.colcon_core.shell:create_environment_hook('bumperbot_localization', 'pythonscriptspath')
[1.833s] INFO:colcon.colcon_core.shell:Creating environment hook '/home/eeiww/ud90uhak/bumperbot_ws/src/install/bumperbot_localization/share/bumperbot_localization/hook/pythonscriptspath.ps1'
[1.834s] INFO:colcon.colcon_core.shell:Creating environment descriptor '/home/eeiww/ud90uhak/bumperbot_ws/src/install/bumperbot_localization/share/bumperbot_localization/hook/pythonscriptspath.dsv'
[1.836s] INFO:colcon.colcon_core.shell:Creating environment hook '/home/eeiww/ud90uhak/bumperbot_ws/src/install/bumperbot_localization/share/bumperbot_localization/hook/pythonscriptspath.sh'
[1.838s] INFO:colcon.colcon_core.shell:Creating package script '/home/eeiww/ud90uhak/bumperbot_ws/src/install/bumperbot_localization/share/bumperbot_localization/package.ps1'
[1.840s] INFO:colcon.colcon_core.shell:Creating package descriptor '/home/eeiww/ud90uhak/bumperbot_ws/src/install/bumperbot_localization/share/bumperbot_localization/package.dsv'
[1.843s] INFO:colcon.colcon_core.shell:Creating package script '/home/eeiww/ud90uhak/bumperbot_ws/src/install/bumperbot_localization/share/bumperbot_localization/package.sh'
[1.845s] INFO:colcon.colcon_core.shell:Creating package script '/home/eeiww/ud90uhak/bumperbot_ws/src/install/bumperbot_localization/share/bumperbot_localization/package.bash'
[1.847s] INFO:colcon.colcon_core.shell:Creating package script '/home/eeiww/ud90uhak/bumperbot_ws/src/install/bumperbot_localization/share/bumperbot_localization/package.zsh'
[1.849s] Level 1:colcon.colcon_core.environment:create_file_with_runtime_dependencies(/home/eeiww/ud90uhak/bumperbot_ws/src/install/bumperbot_localization/share/colcon-core/packages/bumperbot_localization)
[1.937s] Level 1:colcon.colcon_core.environment:create_environment_scripts_only(bumperbot_msgs)
[1.937s] DEBUG:colcon.colcon_core.event_handler.log_command:Invoked command in '/home/eeiww/ud90uhak/bumperbot_ws/src/build/bumperbot_msgs' returned '0': CMAKE_PREFIX_PATH=${CMAKE_PREFIX_PATH}:/opt/ros/jazzy DEBUGINFOD_URLS=https://debuginfod.ubuntu.com /usr/bin/cmake --install /home/eeiww/ud90uhak/bumperbot_ws/src/build/bumperbot_msgs
[1.937s] Level 1:colcon.colcon_core.environment:checking '/home/eeiww/ud90uhak/bumperbot_ws/src/install/bumperbot_msgs' for CMake module files
[1.943s] Level 1:colcon.colcon_core.environment:checking '/home/eeiww/ud90uhak/bumperbot_ws/src/install/bumperbot_msgs' for CMake config files
[1.945s] Level 1:colcon.colcon_core.shell:create_environment_hook('bumperbot_msgs', 'cmake_prefix_path')
[1.945s] INFO:colcon.colcon_core.shell:Creating environment hook '/home/eeiww/ud90uhak/bumperbot_ws/src/install/bumperbot_msgs/share/bumperbot_msgs/hook/cmake_prefix_path.ps1'
[1.948s] INFO:colcon.colcon_core.shell:Creating environment descriptor '/home/eeiww/ud90uhak/bumperbot_ws/src/install/bumperbot_msgs/share/bumperbot_msgs/hook/cmake_prefix_path.dsv'
[1.951s] INFO:colcon.colcon_core.shell:Creating environment hook '/home/eeiww/ud90uhak/bumperbot_ws/src/install/bumperbot_msgs/share/bumperbot_msgs/hook/cmake_prefix_path.sh'
[1.954s] Level 1:colcon.colcon_core.environment:checking '/home/eeiww/ud90uhak/bumperbot_ws/src/install/bumperbot_msgs/lib'
[1.956s] Level 1:colcon.colcon_core.shell:create_environment_hook('bumperbot_msgs', 'ld_library_path_lib')
[1.956s] INFO:colcon.colcon_core.shell:Creating environment hook '/home/eeiww/ud90uhak/bumperbot_ws/src/install/bumperbot_msgs/share/bumperbot_msgs/hook/ld_library_path_lib.ps1'
[1.958s] INFO:colcon.colcon_core.shell:Creating environment descriptor '/home/eeiww/ud90uhak/bumperbot_ws/src/install/bumperbot_msgs/share/bumperbot_msgs/hook/ld_library_path_lib.dsv'
[1.961s] INFO:colcon.colcon_core.shell:Creating environment hook '/home/eeiww/ud90uhak/bumperbot_ws/src/install/bumperbot_msgs/share/bumperbot_msgs/hook/ld_library_path_lib.sh'
[1.964s] Level 1:colcon.colcon_core.environment:checking '/home/eeiww/ud90uhak/bumperbot_ws/src/install/bumperbot_msgs/bin'
[1.964s] Level 1:colcon.colcon_core.environment:checking '/home/eeiww/ud90uhak/bumperbot_ws/src/install/bumperbot_msgs/lib/pkgconfig/bumperbot_msgs.pc'
[1.965s] Level 1:colcon.colcon_core.environment:checking '/home/eeiww/ud90uhak/bumperbot_ws/src/install/bumperbot_msgs/lib/python3.12/site-packages'
[1.965s] Level 1:colcon.colcon_core.shell:create_environment_hook('bumperbot_msgs', 'pythonpath')
[1.965s] INFO:colcon.colcon_core.shell:Creating environment hook '/home/eeiww/ud90uhak/bumperbot_ws/src/install/bumperbot_msgs/share/bumperbot_msgs/hook/pythonpath.ps1'
[1.967s] INFO:colcon.colcon_core.shell:Creating environment descriptor '/home/eeiww/ud90uhak/bumperbot_ws/src/install/bumperbot_msgs/share/bumperbot_msgs/hook/pythonpath.dsv'
[1.969s] INFO:colcon.colcon_core.shell:Creating environment hook '/home/eeiww/ud90uhak/bumperbot_ws/src/install/bumperbot_msgs/share/bumperbot_msgs/hook/pythonpath.sh'
[1.972s] Level 1:colcon.colcon_core.environment:checking '/home/eeiww/ud90uhak/bumperbot_ws/src/install/bumperbot_msgs/bin'
[1.972s] INFO:colcon.colcon_core.shell:Creating package script '/home/eeiww/ud90uhak/bumperbot_ws/src/install/bumperbot_msgs/share/bumperbot_msgs/package.ps1'
[1.976s] INFO:colcon.colcon_core.shell:Creating package descriptor '/home/eeiww/ud90uhak/bumperbot_ws/src/install/bumperbot_msgs/share/bumperbot_msgs/package.dsv'
[1.978s] INFO:colcon.colcon_core.shell:Creating package script '/home/eeiww/ud90uhak/bumperbot_ws/src/install/bumperbot_msgs/share/bumperbot_msgs/package.sh'
[1.980s] INFO:colcon.colcon_core.shell:Creating package script '/home/eeiww/ud90uhak/bumperbot_ws/src/install/bumperbot_msgs/share/bumperbot_msgs/package.bash'
[1.982s] INFO:colcon.colcon_core.shell:Creating package script '/home/eeiww/ud90uhak/bumperbot_ws/src/install/bumperbot_msgs/share/bumperbot_msgs/package.zsh'
[1.984s] Level 1:colcon.colcon_core.environment:create_file_with_runtime_dependencies(/home/eeiww/ud90uhak/bumperbot_ws/src/install/bumperbot_msgs/share/colcon-core/packages/bumperbot_msgs)
[1.988s] Level 1:colcon.colcon_core.environment:create_environment_scripts_only(bumperbot_msgs)
[1.988s] Level 1:colcon.colcon_core.environment:checking '/home/eeiww/ud90uhak/bumperbot_ws/src/install/bumperbot_msgs' for CMake module files
[1.989s] Level 1:colcon.colcon_core.environment:checking '/home/eeiww/ud90uhak/bumperbot_ws/src/install/bumperbot_msgs' for CMake config files
[1.991s] Level 1:colcon.colcon_core.shell:create_environment_hook('bumperbot_msgs', 'cmake_prefix_path')
[1.991s] INFO:colcon.colcon_core.shell:Creating environment hook '/home/eeiww/ud90uhak/bumperbot_ws/src/install/bumperbot_msgs/share/bumperbot_msgs/hook/cmake_prefix_path.ps1'
[1.993s] INFO:colcon.colcon_core.shell:Creating environment descriptor '/home/eeiww/ud90uhak/bumperbot_ws/src/install/bumperbot_msgs/share/bumperbot_msgs/hook/cmake_prefix_path.dsv'
[1.995s] INFO:colcon.colcon_core.shell:Creating environment hook '/home/eeiww/ud90uhak/bumperbot_ws/src/install/bumperbot_msgs/share/bumperbot_msgs/hook/cmake_prefix_path.sh'
[1.998s] Level 1:colcon.colcon_core.environment:checking '/home/eeiww/ud90uhak/bumperbot_ws/src/install/bumperbot_msgs/lib'
[1.998s] Level 1:colcon.colcon_core.shell:create_environment_hook('bumperbot_msgs', 'ld_library_path_lib')
[1.999s] INFO:colcon.colcon_core.shell:Creating environment hook '/home/eeiww/ud90uhak/bumperbot_ws/src/install/bumperbot_msgs/share/bumperbot_msgs/hook/ld_library_path_lib.ps1'
[2.001s] INFO:colcon.colcon_core.shell:Creating environment descriptor '/home/eeiww/ud90uhak/bumperbot_ws/src/install/bumperbot_msgs/share/bumperbot_msgs/hook/ld_library_path_lib.dsv'
[2.004s] INFO:colcon.colcon_core.shell:Creating environment hook '/home/eeiww/ud90uhak/bumperbot_ws/src/install/bumperbot_msgs/share/bumperbot_msgs/hook/ld_library_path_lib.sh'
[2.007s] Level 1:colcon.colcon_core.environment:checking '/home/eeiww/ud90uhak/bumperbot_ws/src/install/bumperbot_msgs/bin'
[2.007s] Level 1:colcon.colcon_core.environment:checking '/home/eeiww/ud90uhak/bumperbot_ws/src/install/bumperbot_msgs/lib/pkgconfig/bumperbot_msgs.pc'
[2.007s] Level 1:colcon.colcon_core.environment:checking '/home/eeiww/ud90uhak/bumperbot_ws/src/install/bumperbot_msgs/lib/python3.12/site-packages'
[2.008s] Level 1:colcon.colcon_core.shell:create_environment_hook('bumperbot_msgs', 'pythonpath')
[2.008s] INFO:colcon.colcon_core.shell:Creating environment hook '/home/eeiww/ud90uhak/bumperbot_ws/src/install/bumperbot_msgs/share/bumperbot_msgs/hook/pythonpath.ps1'
[2.010s] INFO:colcon.colcon_core.shell:Creating environment descriptor '/home/eeiww/ud90uhak/bumperbot_ws/src/install/bumperbot_msgs/share/bumperbot_msgs/hook/pythonpath.dsv'
[2.012s] INFO:colcon.colcon_core.shell:Creating environment hook '/home/eeiww/ud90uhak/bumperbot_ws/src/install/bumperbot_msgs/share/bumperbot_msgs/hook/pythonpath.sh'
[2.015s] Level 1:colcon.colcon_core.environment:checking '/home/eeiww/ud90uhak/bumperbot_ws/src/install/bumperbot_msgs/bin'
[2.015s] INFO:colcon.colcon_core.shell:Creating package script '/home/eeiww/ud90uhak/bumperbot_ws/src/install/bumperbot_msgs/share/bumperbot_msgs/package.ps1'
[2.018s] INFO:colcon.colcon_core.shell:Creating package descriptor '/home/eeiww/ud90uhak/bumperbot_ws/src/install/bumperbot_msgs/share/bumperbot_msgs/package.dsv'
[2.020s] INFO:colcon.colcon_core.shell:Creating package script '/home/eeiww/ud90uhak/bumperbot_ws/src/install/bumperbot_msgs/share/bumperbot_msgs/package.sh'
[2.023s] INFO:colcon.colcon_core.shell:Creating package script '/home/eeiww/ud90uhak/bumperbot_ws/src/install/bumperbot_msgs/share/bumperbot_msgs/package.bash'
[2.025s] INFO:colcon.colcon_core.shell:Creating package script '/home/eeiww/ud90uhak/bumperbot_ws/src/install/bumperbot_msgs/share/bumperbot_msgs/package.zsh'
[2.027s] Level 1:colcon.colcon_core.environment:create_file_with_runtime_dependencies(/home/eeiww/ud90uhak/bumperbot_ws/src/install/bumperbot_msgs/share/colcon-core/packages/bumperbot_msgs)
[2.029s] INFO:colcon.colcon_ros.task.ament_cmake.build:Building ROS package in '/home/eeiww/ud90uhak/bumperbot_ws/src/bumperbot_cpp_examples' with build type 'ament_cmake'
[2.029s] INFO:colcon.colcon_cmake.task.cmake.build:Building CMake package in '/home/eeiww/ud90uhak/bumperbot_ws/src/bumperbot_cpp_examples'
[2.030s] INFO:colcon.colcon_core.shell:Skip shell extension 'powershell' for command environment: Not usable outside of PowerShell
[2.030s] DEBUG:colcon.colcon_core.shell:Skip shell extension 'dsv' for command environment
[2.050s] INFO:colcon.colcon_ros.task.ament_python.build:Building ROS package in '/home/eeiww/ud90uhak/bumperbot_ws/src/bumperbot_py_examples' with build type 'ament_python'
[2.050s] Level 1:colcon.colcon_core.shell:create_environment_hook('bumperbot_py_examples', 'ament_prefix_path')
[2.050s] INFO:colcon.colcon_core.shell:Creating environment hook '/home/eeiww/ud90uhak/bumperbot_ws/src/install/bumperbot_py_examples/share/bumperbot_py_examples/hook/ament_prefix_path.ps1'
[2.054s] INFO:colcon.colcon_core.shell:Creating environment descriptor '/home/eeiww/ud90uhak/bumperbot_ws/src/install/bumperbot_py_examples/share/bumperbot_py_examples/hook/ament_prefix_path.dsv'
[2.056s] INFO:colcon.colcon_core.shell:Creating environment hook '/home/eeiww/ud90uhak/bumperbot_ws/src/install/bumperbot_py_examples/share/bumperbot_py_examples/hook/ament_prefix_path.sh'
[2.058s] INFO:colcon.colcon_core.shell:Skip shell extension 'powershell' for command environment: Not usable outside of PowerShell
[2.058s] DEBUG:colcon.colcon_core.shell:Skip shell extension 'dsv' for command environment
[2.065s] Level 1:colcon.colcon_core.environment:create_environment_scripts_only(bumperbot_description)
[2.065s] Level 1:colcon.colcon_core.environment:checking '/home/eeiww/ud90uhak/bumperbot_ws/src/install/bumperbot_description' for CMake module files
[2.066s] DEBUG:colcon.colcon_core.event_handler.log_command:Invoked command in '/home/eeiww/ud90uhak/bumperbot_ws/src/build/bumperbot_description' returned '0': CMAKE_PREFIX_PATH=${CMAKE_PREFIX_PATH}:/opt/ros/jazzy DEBUGINFOD_URLS=https://debuginfod.ubuntu.com /usr/bin/cmake --install /home/eeiww/ud90uhak/bumperbot_ws/src/build/bumperbot_description
[2.070s] Level 1:colcon.colcon_core.environment:checking '/home/eeiww/ud90uhak/bumperbot_ws/src/install/bumperbot_description' for CMake config files
[2.073s] Level 1:colcon.colcon_core.shell:create_environment_hook('bumperbot_description', 'cmake_prefix_path')
[2.074s] INFO:colcon.colcon_core.shell:Creating environment hook '/home/eeiww/ud90uhak/bumperbot_ws/src/install/bumperbot_description/share/bumperbot_description/hook/cmake_prefix_path.ps1'
[2.076s] INFO:colcon.colcon_core.shell:Creating environment descriptor '/home/eeiww/ud90uhak/bumperbot_ws/src/install/bumperbot_description/share/bumperbot_description/hook/cmake_prefix_path.dsv'
[2.079s] INFO:colcon.colcon_core.shell:Creating environment hook '/home/eeiww/ud90uhak/bumperbot_ws/src/install/bumperbot_description/share/bumperbot_description/hook/cmake_prefix_path.sh'
[2.083s] Level 1:colcon.colcon_core.environment:checking '/home/eeiww/ud90uhak/bumperbot_ws/src/install/bumperbot_description/bin'
[2.084s] Level 1:colcon.colcon_core.environment:checking '/home/eeiww/ud90uhak/bumperbot_ws/src/install/bumperbot_description/lib/pkgconfig/bumperbot_description.pc'
[2.084s] Level 1:colcon.colcon_core.environment:checking '/home/eeiww/ud90uhak/bumperbot_ws/src/install/bumperbot_description/lib/python3.12/site-packages'
[2.084s] Level 1:colcon.colcon_core.environment:checking '/home/eeiww/ud90uhak/bumperbot_ws/src/install/bumperbot_description/bin'
[2.085s] INFO:colcon.colcon_core.shell:Creating package script '/home/eeiww/ud90uhak/bumperbot_ws/src/install/bumperbot_description/share/bumperbot_description/package.ps1'
[2.087s] INFO:colcon.colcon_core.shell:Creating package descriptor '/home/eeiww/ud90uhak/bumperbot_ws/src/install/bumperbot_description/share/bumperbot_description/package.dsv'
[2.090s] INFO:colcon.colcon_core.shell:Creating package script '/home/eeiww/ud90uhak/bumperbot_ws/src/install/bumperbot_description/share/bumperbot_description/package.sh'
[2.093s] INFO:colcon.colcon_core.shell:Creating package script '/home/eeiww/ud90uhak/bumperbot_ws/src/install/bumperbot_description/share/bumperbot_description/package.bash'
[2.096s] INFO:colcon.colcon_core.shell:Creating package script '/home/eeiww/ud90uhak/bumperbot_ws/src/install/bumperbot_description/share/bumperbot_description/package.zsh'
[2.099s] Level 1:colcon.colcon_core.environment:create_file_with_runtime_dependencies(/home/eeiww/ud90uhak/bumperbot_ws/src/install/bumperbot_description/share/colcon-core/packages/bumperbot_description)
[2.104s] Level 1:colcon.colcon_core.environment:create_environment_scripts_only(bumperbot_description)
[2.104s] Level 1:colcon.colcon_core.environment:checking '/home/eeiww/ud90uhak/bumperbot_ws/src/install/bumperbot_description' for CMake module files
[2.106s] Level 1:colcon.colcon_core.environment:checking '/home/eeiww/ud90uhak/bumperbot_ws/src/install/bumperbot_description' for CMake config files
[2.109s] Level 1:colcon.colcon_core.shell:create_environment_hook('bumperbot_description', 'cmake_prefix_path')
[2.109s] INFO:colcon.colcon_core.shell:Creating environment hook '/home/eeiww/ud90uhak/bumperbot_ws/src/install/bumperbot_description/share/bumperbot_description/hook/cmake_prefix_path.ps1'
[2.111s] INFO:colcon.colcon_core.shell:Creating environment descriptor '/home/eeiww/ud90uhak/bumperbot_ws/src/install/bumperbot_description/share/bumperbot_description/hook/cmake_prefix_path.dsv'
[2.114s] INFO:colcon.colcon_core.shell:Creating environment hook '/home/eeiww/ud90uhak/bumperbot_ws/src/install/bumperbot_description/share/bumperbot_description/hook/cmake_prefix_path.sh'
[2.118s] Level 1:colcon.colcon_core.environment:checking '/home/eeiww/ud90uhak/bumperbot_ws/src/install/bumperbot_description/bin'
[2.118s] Level 1:colcon.colcon_core.environment:checking '/home/eeiww/ud90uhak/bumperbot_ws/src/install/bumperbot_description/lib/pkgconfig/bumperbot_description.pc'
[2.119s] Level 1:colcon.colcon_core.environment:checking '/home/eeiww/ud90uhak/bumperbot_ws/src/install/bumperbot_description/lib/python3.12/site-packages'
[2.119s] Level 1:colcon.colcon_core.environment:checking '/home/eeiww/ud90uhak/bumperbot_ws/src/install/bumperbot_description/bin'
[2.119s] INFO:colcon.colcon_core.shell:Creating package script '/home/eeiww/ud90uhak/bumperbot_ws/src/install/bumperbot_description/share/bumperbot_description/package.ps1'
[2.124s] INFO:colcon.colcon_core.shell:Creating package descriptor '/home/eeiww/ud90uhak/bumperbot_ws/src/install/bumperbot_description/share/bumperbot_description/package.dsv'
[2.128s] INFO:colcon.colcon_core.shell:Creating package script '/home/eeiww/ud90uhak/bumperbot_ws/src/install/bumperbot_description/share/bumperbot_description/package.sh'
[2.134s] INFO:colcon.colcon_core.shell:Creating package script '/home/eeiww/ud90uhak/bumperbot_ws/src/install/bumperbot_description/share/bumperbot_description/package.bash'
[2.139s] INFO:colcon.colcon_core.shell:Creating package script '/home/eeiww/ud90uhak/bumperbot_ws/src/install/bumperbot_description/share/bumperbot_description/package.zsh'
[2.144s] Level 1:colcon.colcon_core.environment:create_file_with_runtime_dependencies(/home/eeiww/ud90uhak/bumperbot_ws/src/install/bumperbot_description/share/colcon-core/packages/bumperbot_description)
[2.149s] INFO:colcon.colcon_ros.task.ament_cmake.build:Building ROS package in '/home/eeiww/ud90uhak/bumperbot_ws/src/bumperbot_bringup' with build type 'ament_cmake'
[2.150s] INFO:colcon.colcon_cmake.task.cmake.build:Building CMake package in '/home/eeiww/ud90uhak/bumperbot_ws/src/bumperbot_bringup'
[2.151s] INFO:colcon.colcon_core.shell:Skip shell extension 'powershell' for command environment: Not usable outside of PowerShell
[2.151s] DEBUG:colcon.colcon_core.shell:Skip shell extension 'dsv' for command environment
[2.204s] DEBUG:colcon.colcon_core.event_handler.log_command:Invoking command in '/home/eeiww/ud90uhak/bumperbot_ws/src/build/bumperbot_cpp_examples': AMENT_PREFIX_PATH=/home/eeiww/ud90uhak/bumperbot_ws/src/install/bumperbot_msgs:${AMENT_PREFIX_PATH} CMAKE_PREFIX_PATH=/home/eeiww/ud90uhak/bumperbot_ws/src/install/bumperbot_msgs:/opt/ros/jazzy/opt/gz_sim_vendor:/opt/ros/jazzy/opt/gz_sensors_vendor:/opt/ros/jazzy/opt/gz_physics_vendor:/opt/ros/jazzy/opt/sdformat_vendor:/opt/ros/jazzy/opt/gz_gui_vendor:/opt/ros/jazzy/opt/gz_transport_vendor:/opt/ros/jazzy/opt/gz_rendering_vendor:/opt/ros/jazzy/opt/gz_plugin_vendor:/opt/ros/jazzy/opt/gz_fuel_tools_vendor:/opt/ros/jazzy/opt/gz_msgs_vendor:/opt/ros/jazzy/opt/gz_common_vendor:/opt/ros/jazzy/opt/gz_math_vendor:/opt/ros/jazzy/opt/gz_utils_vendor:/opt/ros/jazzy/opt/gz_tools_vendor:/opt/ros/jazzy/opt/gz_ogre_next_vendor:/opt/ros/jazzy/opt/gz_dartsim_vendor:/opt/ros/jazzy/opt/gz_cmake_vendor:/opt/ros/jazzy DEBUGINFOD_URLS=https://debuginfod.ubuntu.com LD_LIBRARY_PATH=/home/eeiww/ud90uhak/bumperbot_ws/src/install/bumperbot_msgs/lib:${LD_LIBRARY_PATH} PYTHONPATH=/home/eeiww/ud90uhak/bumperbot_ws/src/install/bumperbot_msgs/lib/python3.12/site-packages:${PYTHONPATH} /usr/bin/cmake --build /home/eeiww/ud90uhak/bumperbot_ws/src/build/bumperbot_cpp_examples -- -j8 -l8
[2.502s] INFO:colcon.colcon_core.task.python.build:Building Python package in '/home/eeiww/ud90uhak/bumperbot_ws/src/bumperbot_py_examples'
[2.502s] INFO:colcon.colcon_core.shell:Skip shell extension 'powershell' for command environment: Not usable outside of PowerShell
[2.502s] DEBUG:colcon.colcon_core.shell:Skip shell extension 'dsv' for command environment
[2.532s] DEBUG:colcon.colcon_core.event_handler.log_command:Invoking command in '/home/eeiww/ud90uhak/bumperbot_ws/src/build/bumperbot_bringup': AMENT_PREFIX_PATH=/home/eeiww/ud90uhak/bumperbot_ws/src/install/bumperbot_mapping:/home/eeiww/ud90uhak/bumperbot_ws/src/install/bumperbot_localization:/home/eeiww/ud90uhak/bumperbot_ws/src/install/bumperbot_firmware:/home/eeiww/ud90uhak/bumperbot_ws/src/install/bumperbot_description:/home/eeiww/ud90uhak/bumperbot_ws/src/install/bumperbot_controller:${AMENT_PREFIX_PATH} CMAKE_PREFIX_PATH=/home/eeiww/ud90uhak/bumperbot_ws/src/install/bumperbot_mapping:/home/eeiww/ud90uhak/bumperbot_ws/src/install/bumperbot_localization:/home/eeiww/ud90uhak/bumperbot_ws/src/install/bumperbot_firmware:/home/eeiww/ud90uhak/bumperbot_ws/src/install/bumperbot_description:/home/eeiww/ud90uhak/bumperbot_ws/src/install/bumperbot_controller:/opt/ros/jazzy/opt/gz_sim_vendor:/opt/ros/jazzy/opt/gz_sensors_vendor:/opt/ros/jazzy/opt/gz_physics_vendor:/opt/ros/jazzy/opt/sdformat_vendor:/opt/ros/jazzy/opt/gz_gui_vendor:/opt/ros/jazzy/opt/gz_transport_vendor:/opt/ros/jazzy/opt/gz_rendering_vendor:/opt/ros/jazzy/opt/gz_plugin_vendor:/opt/ros/jazzy/opt/gz_fuel_tools_vendor:/opt/ros/jazzy/opt/gz_msgs_vendor:/opt/ros/jazzy/opt/gz_common_vendor:/opt/ros/jazzy/opt/gz_math_vendor:/opt/ros/jazzy/opt/gz_utils_vendor:/opt/ros/jazzy/opt/gz_tools_vendor:/opt/ros/jazzy/opt/gz_ogre_next_vendor:/opt/ros/jazzy/opt/gz_dartsim_vendor:/opt/ros/jazzy/opt/gz_cmake_vendor:/opt/ros/jazzy DEBUGINFOD_URLS=https://debuginfod.ubuntu.com LD_LIBRARY_PATH=/home/eeiww/ud90uhak/bumperbot_ws/src/install/bumperbot_firmware/lib:${LD_LIBRARY_PATH} PATH=/home/eeiww/ud90uhak/bumperbot_ws/src/install/bumperbot_localization/bin:${PATH} PYTHONPATH=/home/eeiww/ud90uhak/bumperbot_ws/src/install/bumperbot_localization/lib/python3.12/site-packages:/home/eeiww/ud90uhak/bumperbot_ws/src/install/bumperbot_firmware/lib/python3.12/site-packages:/home/eeiww/ud90uhak/bumperbot_ws/src/install/bumperbot_controller/lib/python3.12/site-packages:${PYTHONPATH} /usr/bin/cmake --build /home/eeiww/ud90uhak/bumperbot_ws/src/build/bumperbot_bringup -- -j8 -l8
[2.533s] DEBUG:colcon.colcon_core.event_handler.log_command:Invoked command in '/home/eeiww/ud90uhak/bumperbot_ws/src/build/bumperbot_cpp_examples' returned '0': AMENT_PREFIX_PATH=/home/eeiww/ud90uhak/bumperbot_ws/src/install/bumperbot_msgs:${AMENT_PREFIX_PATH} CMAKE_PREFIX_PATH=/home/eeiww/ud90uhak/bumperbot_ws/src/install/bumperbot_msgs:/opt/ros/jazzy/opt/gz_sim_vendor:/opt/ros/jazzy/opt/gz_sensors_vendor:/opt/ros/jazzy/opt/gz_physics_vendor:/opt/ros/jazzy/opt/sdformat_vendor:/opt/ros/jazzy/opt/gz_gui_vendor:/opt/ros/jazzy/opt/gz_transport_vendor:/opt/ros/jazzy/opt/gz_rendering_vendor:/opt/ros/jazzy/opt/gz_plugin_vendor:/opt/ros/jazzy/opt/gz_fuel_tools_vendor:/opt/ros/jazzy/opt/gz_msgs_vendor:/opt/ros/jazzy/opt/gz_common_vendor:/opt/ros/jazzy/opt/gz_math_vendor:/opt/ros/jazzy/opt/gz_utils_vendor:/opt/ros/jazzy/opt/gz_tools_vendor:/opt/ros/jazzy/opt/gz_ogre_next_vendor:/opt/ros/jazzy/opt/gz_dartsim_vendor:/opt/ros/jazzy/opt/gz_cmake_vendor:/opt/ros/jazzy DEBUGINFOD_URLS=https://debuginfod.ubuntu.com LD_LIBRARY_PATH=/home/eeiww/ud90uhak/bumperbot_ws/src/install/bumperbot_msgs/lib:${LD_LIBRARY_PATH} PYTHONPATH=/home/eeiww/ud90uhak/bumperbot_ws/src/install/bumperbot_msgs/lib/python3.12/site-packages:${PYTHONPATH} /usr/bin/cmake --build /home/eeiww/ud90uhak/bumperbot_ws/src/build/bumperbot_cpp_examples -- -j8 -l8
[2.535s] DEBUG:colcon.colcon_core.event_handler.log_command:Invoking command in '/home/eeiww/ud90uhak/bumperbot_ws/src/build/bumperbot_cpp_examples': AMENT_PREFIX_PATH=/home/eeiww/ud90uhak/bumperbot_ws/src/install/bumperbot_msgs:${AMENT_PREFIX_PATH} CMAKE_PREFIX_PATH=/home/eeiww/ud90uhak/bumperbot_ws/src/install/bumperbot_msgs:/opt/ros/jazzy/opt/gz_sim_vendor:/opt/ros/jazzy/opt/gz_sensors_vendor:/opt/ros/jazzy/opt/gz_physics_vendor:/opt/ros/jazzy/opt/sdformat_vendor:/opt/ros/jazzy/opt/gz_gui_vendor:/opt/ros/jazzy/opt/gz_transport_vendor:/opt/ros/jazzy/opt/gz_rendering_vendor:/opt/ros/jazzy/opt/gz_plugin_vendor:/opt/ros/jazzy/opt/gz_fuel_tools_vendor:/opt/ros/jazzy/opt/gz_msgs_vendor:/opt/ros/jazzy/opt/gz_common_vendor:/opt/ros/jazzy/opt/gz_math_vendor:/opt/ros/jazzy/opt/gz_utils_vendor:/opt/ros/jazzy/opt/gz_tools_vendor:/opt/ros/jazzy/opt/gz_ogre_next_vendor:/opt/ros/jazzy/opt/gz_dartsim_vendor:/opt/ros/jazzy/opt/gz_cmake_vendor:/opt/ros/jazzy DEBUGINFOD_URLS=https://debuginfod.ubuntu.com LD_LIBRARY_PATH=/home/eeiww/ud90uhak/bumperbot_ws/src/install/bumperbot_msgs/lib:${LD_LIBRARY_PATH} PYTHONPATH=/home/eeiww/ud90uhak/bumperbot_ws/src/install/bumperbot_msgs/lib/python3.12/site-packages:${PYTHONPATH} /usr/bin/cmake --install /home/eeiww/ud90uhak/bumperbot_ws/src/build/bumperbot_cpp_examples
[2.606s] DEBUG:colcon.colcon_core.event_handler.log_command:Invoked command in '/home/eeiww/ud90uhak/bumperbot_ws/src/build/bumperbot_bringup' returned '0': AMENT_PREFIX_PATH=/home/eeiww/ud90uhak/bumperbot_ws/src/install/bumperbot_mapping:/home/eeiww/ud90uhak/bumperbot_ws/src/install/bumperbot_localization:/home/eeiww/ud90uhak/bumperbot_ws/src/install/bumperbot_firmware:/home/eeiww/ud90uhak/bumperbot_ws/src/install/bumperbot_description:/home/eeiww/ud90uhak/bumperbot_ws/src/install/bumperbot_controller:${AMENT_PREFIX_PATH} CMAKE_PREFIX_PATH=/home/eeiww/ud90uhak/bumperbot_ws/src/install/bumperbot_mapping:/home/eeiww/ud90uhak/bumperbot_ws/src/install/bumperbot_localization:/home/eeiww/ud90uhak/bumperbot_ws/src/install/bumperbot_firmware:/home/eeiww/ud90uhak/bumperbot_ws/src/install/bumperbot_description:/home/eeiww/ud90uhak/bumperbot_ws/src/install/bumperbot_controller:/opt/ros/jazzy/opt/gz_sim_vendor:/opt/ros/jazzy/opt/gz_sensors_vendor:/opt/ros/jazzy/opt/gz_physics_vendor:/opt/ros/jazzy/opt/sdformat_vendor:/opt/ros/jazzy/opt/gz_gui_vendor:/opt/ros/jazzy/opt/gz_transport_vendor:/opt/ros/jazzy/opt/gz_rendering_vendor:/opt/ros/jazzy/opt/gz_plugin_vendor:/opt/ros/jazzy/opt/gz_fuel_tools_vendor:/opt/ros/jazzy/opt/gz_msgs_vendor:/opt/ros/jazzy/opt/gz_common_vendor:/opt/ros/jazzy/opt/gz_math_vendor:/opt/ros/jazzy/opt/gz_utils_vendor:/opt/ros/jazzy/opt/gz_tools_vendor:/opt/ros/jazzy/opt/gz_ogre_next_vendor:/opt/ros/jazzy/opt/gz_dartsim_vendor:/opt/ros/jazzy/opt/gz_cmake_vendor:/opt/ros/jazzy DEBUGINFOD_URLS=https://debuginfod.ubuntu.com LD_LIBRARY_PATH=/home/eeiww/ud90uhak/bumperbot_ws/src/install/bumperbot_firmware/lib:${LD_LIBRARY_PATH} PATH=/home/eeiww/ud90uhak/bumperbot_ws/src/install/bumperbot_localization/bin:${PATH} PYTHONPATH=/home/eeiww/ud90uhak/bumperbot_ws/src/install/bumperbot_localization/lib/python3.12/site-packages:/home/eeiww/ud90uhak/bumperbot_ws/src/install/bumperbot_firmware/lib/python3.12/site-packages:/home/eeiww/ud90uhak/bumperbot_ws/src/install/bumperbot_controller/lib/python3.12/site-packages:${PYTHONPATH} /usr/bin/cmake --build /home/eeiww/ud90uhak/bumperbot_ws/src/build/bumperbot_bringup -- -j8 -l8
[2.612s] DEBUG:colcon.colcon_core.event_handler.log_command:Invoking command in '/home/eeiww/ud90uhak/bumperbot_ws/src/build/bumperbot_bringup': AMENT_PREFIX_PATH=/home/eeiww/ud90uhak/bumperbot_ws/src/install/bumperbot_mapping:/home/eeiww/ud90uhak/bumperbot_ws/src/install/bumperbot_localization:/home/eeiww/ud90uhak/bumperbot_ws/src/install/bumperbot_firmware:/home/eeiww/ud90uhak/bumperbot_ws/src/install/bumperbot_description:/home/eeiww/ud90uhak/bumperbot_ws/src/install/bumperbot_controller:${AMENT_PREFIX_PATH} CMAKE_PREFIX_PATH=/home/eeiww/ud90uhak/bumperbot_ws/src/install/bumperbot_mapping:/home/eeiww/ud90uhak/bumperbot_ws/src/install/bumperbot_localization:/home/eeiww/ud90uhak/bumperbot_ws/src/install/bumperbot_firmware:/home/eeiww/ud90uhak/bumperbot_ws/src/install/bumperbot_description:/home/eeiww/ud90uhak/bumperbot_ws/src/install/bumperbot_controller:/opt/ros/jazzy/opt/gz_sim_vendor:/opt/ros/jazzy/opt/gz_sensors_vendor:/opt/ros/jazzy/opt/gz_physics_vendor:/opt/ros/jazzy/opt/sdformat_vendor:/opt/ros/jazzy/opt/gz_gui_vendor:/opt/ros/jazzy/opt/gz_transport_vendor:/opt/ros/jazzy/opt/gz_rendering_vendor:/opt/ros/jazzy/opt/gz_plugin_vendor:/opt/ros/jazzy/opt/gz_fuel_tools_vendor:/opt/ros/jazzy/opt/gz_msgs_vendor:/opt/ros/jazzy/opt/gz_common_vendor:/opt/ros/jazzy/opt/gz_math_vendor:/opt/ros/jazzy/opt/gz_utils_vendor:/opt/ros/jazzy/opt/gz_tools_vendor:/opt/ros/jazzy/opt/gz_ogre_next_vendor:/opt/ros/jazzy/opt/gz_dartsim_vendor:/opt/ros/jazzy/opt/gz_cmake_vendor:/opt/ros/jazzy DEBUGINFOD_URLS=https://debuginfod.ubuntu.com LD_LIBRARY_PATH=/home/eeiww/ud90uhak/bumperbot_ws/src/install/bumperbot_firmware/lib:${LD_LIBRARY_PATH} PATH=/home/eeiww/ud90uhak/bumperbot_ws/src/install/bumperbot_localization/bin:${PATH} PYTHONPATH=/home/eeiww/ud90uhak/bumperbot_ws/src/install/bumperbot_localization/lib/python3.12/site-packages:/home/eeiww/ud90uhak/bumperbot_ws/src/install/bumperbot_firmware/lib/python3.12/site-packages:/home/eeiww/ud90uhak/bumperbot_ws/src/install/bumperbot_controller/lib/python3.12/site-packages:${PYTHONPATH} /usr/bin/cmake --install /home/eeiww/ud90uhak/bumperbot_ws/src/build/bumperbot_bringup
[2.660s] Level 1:colcon.colcon_core.environment:create_environment_scripts_only(bumperbot_bringup)
[2.661s] Level 1:colcon.colcon_core.environment:checking '/home/eeiww/ud90uhak/bumperbot_ws/src/install/bumperbot_bringup' for CMake module files
[2.661s] DEBUG:colcon.colcon_core.event_handler.log_command:Invoked command in '/home/eeiww/ud90uhak/bumperbot_ws/src/build/bumperbot_bringup' returned '0': AMENT_PREFIX_PATH=/home/eeiww/ud90uhak/bumperbot_ws/src/install/bumperbot_mapping:/home/eeiww/ud90uhak/bumperbot_ws/src/install/bumperbot_localization:/home/eeiww/ud90uhak/bumperbot_ws/src/install/bumperbot_firmware:/home/eeiww/ud90uhak/bumperbot_ws/src/install/bumperbot_description:/home/eeiww/ud90uhak/bumperbot_ws/src/install/bumperbot_controller:${AMENT_PREFIX_PATH} CMAKE_PREFIX_PATH=/home/eeiww/ud90uhak/bumperbot_ws/src/install/bumperbot_mapping:/home/eeiww/ud90uhak/bumperbot_ws/src/install/bumperbot_localization:/home/eeiww/ud90uhak/bumperbot_ws/src/install/bumperbot_firmware:/home/eeiww/ud90uhak/bumperbot_ws/src/install/bumperbot_description:/home/eeiww/ud90uhak/bumperbot_ws/src/install/bumperbot_controller:/opt/ros/jazzy/opt/gz_sim_vendor:/opt/ros/jazzy/opt/gz_sensors_vendor:/opt/ros/jazzy/opt/gz_physics_vendor:/opt/ros/jazzy/opt/sdformat_vendor:/opt/ros/jazzy/opt/gz_gui_vendor:/opt/ros/jazzy/opt/gz_transport_vendor:/opt/ros/jazzy/opt/gz_rendering_vendor:/opt/ros/jazzy/opt/gz_plugin_vendor:/opt/ros/jazzy/opt/gz_fuel_tools_vendor:/opt/ros/jazzy/opt/gz_msgs_vendor:/opt/ros/jazzy/opt/gz_common_vendor:/opt/ros/jazzy/opt/gz_math_vendor:/opt/ros/jazzy/opt/gz_utils_vendor:/opt/ros/jazzy/opt/gz_tools_vendor:/opt/ros/jazzy/opt/gz_ogre_next_vendor:/opt/ros/jazzy/opt/gz_dartsim_vendor:/opt/ros/jazzy/opt/gz_cmake_vendor:/opt/ros/jazzy DEBUGINFOD_URLS=https://debuginfod.ubuntu.com LD_LIBRARY_PATH=/home/eeiww/ud90uhak/bumperbot_ws/src/install/bumperbot_firmware/lib:${LD_LIBRARY_PATH} PATH=/home/eeiww/ud90uhak/bumperbot_ws/src/install/bumperbot_localization/bin:${PATH} PYTHONPATH=/home/eeiww/ud90uhak/bumperbot_ws/src/install/bumperbot_localization/lib/python3.12/site-packages:/home/eeiww/ud90uhak/bumperbot_ws/src/install/bumperbot_firmware/lib/python3.12/site-packages:/home/eeiww/ud90uhak/bumperbot_ws/src/install/bumperbot_controller/lib/python3.12/site-packages:${PYTHONPATH} /usr/bin/cmake --install /home/eeiww/ud90uhak/bumperbot_ws/src/build/bumperbot_bringup
[2.665s] Level 1:colcon.colcon_core.environment:checking '/home/eeiww/ud90uhak/bumperbot_ws/src/install/bumperbot_bringup' for CMake config files
[2.668s] Level 1:colcon.colcon_core.shell:create_environment_hook('bumperbot_bringup', 'cmake_prefix_path')
[2.668s] INFO:colcon.colcon_core.shell:Creating environment hook '/home/eeiww/ud90uhak/bumperbot_ws/src/install/bumperbot_bringup/share/bumperbot_bringup/hook/cmake_prefix_path.ps1'
[2.672s] INFO:colcon.colcon_core.shell:Creating environment descriptor '/home/eeiww/ud90uhak/bumperbot_ws/src/install/bumperbot_bringup/share/bumperbot_bringup/hook/cmake_prefix_path.dsv'
[2.674s] INFO:colcon.colcon_core.shell:Creating environment hook '/home/eeiww/ud90uhak/bumperbot_ws/src/install/bumperbot_bringup/share/bumperbot_bringup/hook/cmake_prefix_path.sh'
[2.678s] Level 1:colcon.colcon_core.environment:checking '/home/eeiww/ud90uhak/bumperbot_ws/src/install/bumperbot_bringup/bin'
[2.678s] Level 1:colcon.colcon_core.environment:checking '/home/eeiww/ud90uhak/bumperbot_ws/src/install/bumperbot_bringup/lib/pkgconfig/bumperbot_bringup.pc'
[2.679s] Level 1:colcon.colcon_core.environment:checking '/home/eeiww/ud90uhak/bumperbot_ws/src/install/bumperbot_bringup/lib/python3.12/site-packages'
[2.679s] Level 1:colcon.colcon_core.environment:checking '/home/eeiww/ud90uhak/bumperbot_ws/src/install/bumperbot_bringup/bin'
[2.679s] INFO:colcon.colcon_core.shell:Creating package script '/home/eeiww/ud90uhak/bumperbot_ws/src/install/bumperbot_bringup/share/bumperbot_bringup/package.ps1'
[2.682s] INFO:colcon.colcon_core.shell:Creating package descriptor '/home/eeiww/ud90uhak/bumperbot_ws/src/install/bumperbot_bringup/share/bumperbot_bringup/package.dsv'
[2.685s] INFO:colcon.colcon_core.shell:Creating package script '/home/eeiww/ud90uhak/bumperbot_ws/src/install/bumperbot_bringup/share/bumperbot_bringup/package.sh'
[2.687s] INFO:colcon.colcon_core.shell:Creating package script '/home/eeiww/ud90uhak/bumperbot_ws/src/install/bumperbot_bringup/share/bumperbot_bringup/package.bash'
[2.690s] INFO:colcon.colcon_core.shell:Creating package script '/home/eeiww/ud90uhak/bumperbot_ws/src/install/bumperbot_bringup/share/bumperbot_bringup/package.zsh'
[2.692s] Level 1:colcon.colcon_core.environment:create_file_with_runtime_dependencies(/home/eeiww/ud90uhak/bumperbot_ws/src/install/bumperbot_bringup/share/colcon-core/packages/bumperbot_bringup)
[2.698s] Level 1:colcon.colcon_core.environment:create_environment_scripts_only(bumperbot_bringup)
[2.698s] Level 1:colcon.colcon_core.environment:checking '/home/eeiww/ud90uhak/bumperbot_ws/src/install/bumperbot_bringup' for CMake module files
[2.699s] Level 1:colcon.colcon_core.environment:checking '/home/eeiww/ud90uhak/bumperbot_ws/src/install/bumperbot_bringup' for CMake config files
[2.700s] Level 1:colcon.colcon_core.shell:create_environment_hook('bumperbot_bringup', 'cmake_prefix_path')
[2.701s] INFO:colcon.colcon_core.shell:Creating environment hook '/home/eeiww/ud90uhak/bumperbot_ws/src/install/bumperbot_bringup/share/bumperbot_bringup/hook/cmake_prefix_path.ps1'
[2.703s] INFO:colcon.colcon_core.shell:Creating environment descriptor '/home/eeiww/ud90uhak/bumperbot_ws/src/install/bumperbot_bringup/share/bumperbot_bringup/hook/cmake_prefix_path.dsv'
[2.705s] INFO:colcon.colcon_core.shell:Creating environment hook '/home/eeiww/ud90uhak/bumperbot_ws/src/install/bumperbot_bringup/share/bumperbot_bringup/hook/cmake_prefix_path.sh'
[2.707s] Level 1:colcon.colcon_core.environment:checking '/home/eeiww/ud90uhak/bumperbot_ws/src/install/bumperbot_bringup/bin'
[2.708s] Level 1:colcon.colcon_core.environment:checking '/home/eeiww/ud90uhak/bumperbot_ws/src/install/bumperbot_bringup/lib/pkgconfig/bumperbot_bringup.pc'
[2.708s] Level 1:colcon.colcon_core.environment:checking '/home/eeiww/ud90uhak/bumperbot_ws/src/install/bumperbot_bringup/lib/python3.12/site-packages'
[2.708s] Level 1:colcon.colcon_core.environment:checking '/home/eeiww/ud90uhak/bumperbot_ws/src/install/bumperbot_bringup/bin'
[2.708s] INFO:colcon.colcon_core.shell:Creating package script '/home/eeiww/ud90uhak/bumperbot_ws/src/install/bumperbot_bringup/share/bumperbot_bringup/package.ps1'
[2.710s] INFO:colcon.colcon_core.shell:Creating package descriptor '/home/eeiww/ud90uhak/bumperbot_ws/src/install/bumperbot_bringup/share/bumperbot_bringup/package.dsv'
[2.713s] INFO:colcon.colcon_core.shell:Creating package script '/home/eeiww/ud90uhak/bumperbot_ws/src/install/bumperbot_bringup/share/bumperbot_bringup/package.sh'
[2.715s] INFO:colcon.colcon_core.shell:Creating package script '/home/eeiww/ud90uhak/bumperbot_ws/src/install/bumperbot_bringup/share/bumperbot_bringup/package.bash'
[2.718s] INFO:colcon.colcon_core.shell:Creating package script '/home/eeiww/ud90uhak/bumperbot_ws/src/install/bumperbot_bringup/share/bumperbot_bringup/package.zsh'
[2.720s] Level 1:colcon.colcon_core.environment:create_file_with_runtime_dependencies(/home/eeiww/ud90uhak/bumperbot_ws/src/install/bumperbot_bringup/share/colcon-core/packages/bumperbot_bringup)
[2.723s] Level 1:colcon.colcon_core.environment:create_environment_scripts_only(bumperbot_cpp_examples)
[2.723s] Level 1:colcon.colcon_core.environment:checking '/home/eeiww/ud90uhak/bumperbot_ws/src/install/bumperbot_cpp_examples' for CMake module files
[2.730s] DEBUG:colcon.colcon_core.event_handler.log_command:Invoked command in '/home/eeiww/ud90uhak/bumperbot_ws/src/build/bumperbot_cpp_examples' returned '0': AMENT_PREFIX_PATH=/home/eeiww/ud90uhak/bumperbot_ws/src/install/bumperbot_msgs:${AMENT_PREFIX_PATH} CMAKE_PREFIX_PATH=/home/eeiww/ud90uhak/bumperbot_ws/src/install/bumperbot_msgs:/opt/ros/jazzy/opt/gz_sim_vendor:/opt/ros/jazzy/opt/gz_sensors_vendor:/opt/ros/jazzy/opt/gz_physics_vendor:/opt/ros/jazzy/opt/sdformat_vendor:/opt/ros/jazzy/opt/gz_gui_vendor:/opt/ros/jazzy/opt/gz_transport_vendor:/opt/ros/jazzy/opt/gz_rendering_vendor:/opt/ros/jazzy/opt/gz_plugin_vendor:/opt/ros/jazzy/opt/gz_fuel_tools_vendor:/opt/ros/jazzy/opt/gz_msgs_vendor:/opt/ros/jazzy/opt/gz_common_vendor:/opt/ros/jazzy/opt/gz_math_vendor:/opt/ros/jazzy/opt/gz_utils_vendor:/opt/ros/jazzy/opt/gz_tools_vendor:/opt/ros/jazzy/opt/gz_ogre_next_vendor:/opt/ros/jazzy/opt/gz_dartsim_vendor:/opt/ros/jazzy/opt/gz_cmake_vendor:/opt/ros/jazzy DEBUGINFOD_URLS=https://debuginfod.ubuntu.com LD_LIBRARY_PATH=/home/eeiww/ud90uhak/bumperbot_ws/src/install/bumperbot_msgs/lib:${LD_LIBRARY_PATH} PYTHONPATH=/home/eeiww/ud90uhak/bumperbot_ws/src/install/bumperbot_msgs/lib/python3.12/site-packages:${PYTHONPATH} /usr/bin/cmake --install /home/eeiww/ud90uhak/bumperbot_ws/src/build/bumperbot_cpp_examples
[2.730s] Level 1:colcon.colcon_core.environment:checking '/home/eeiww/ud90uhak/bumperbot_ws/src/install/bumperbot_cpp_examples' for CMake config files
[2.739s] Level 1:colcon.colcon_core.shell:create_environment_hook('bumperbot_cpp_examples', 'cmake_prefix_path')
[2.739s] INFO:colcon.colcon_core.shell:Creating environment hook '/home/eeiww/ud90uhak/bumperbot_ws/src/install/bumperbot_cpp_examples/share/bumperbot_cpp_examples/hook/cmake_prefix_path.ps1'
[2.742s] INFO:colcon.colcon_core.shell:Creating environment descriptor '/home/eeiww/ud90uhak/bumperbot_ws/src/install/bumperbot_cpp_examples/share/bumperbot_cpp_examples/hook/cmake_prefix_path.dsv'
[2.745s] INFO:colcon.colcon_core.shell:Creating environment hook '/home/eeiww/ud90uhak/bumperbot_ws/src/install/bumperbot_cpp_examples/share/bumperbot_cpp_examples/hook/cmake_prefix_path.sh'
[2.748s] Level 1:colcon.colcon_core.environment:checking '/home/eeiww/ud90uhak/bumperbot_ws/src/install/bumperbot_cpp_examples/lib'
[2.749s] Level 1:colcon.colcon_core.environment:checking '/home/eeiww/ud90uhak/bumperbot_ws/src/install/bumperbot_cpp_examples/bin'
[2.750s] Level 1:colcon.colcon_core.environment:checking '/home/eeiww/ud90uhak/bumperbot_ws/src/install/bumperbot_cpp_examples/lib/pkgconfig/bumperbot_cpp_examples.pc'
[2.750s] Level 1:colcon.colcon_core.environment:checking '/home/eeiww/ud90uhak/bumperbot_ws/src/install/bumperbot_cpp_examples/lib/python3.12/site-packages'
[2.751s] Level 1:colcon.colcon_core.environment:checking '/home/eeiww/ud90uhak/bumperbot_ws/src/install/bumperbot_cpp_examples/bin'
[2.751s] INFO:colcon.colcon_core.shell:Creating package script '/home/eeiww/ud90uhak/bumperbot_ws/src/install/bumperbot_cpp_examples/share/bumperbot_cpp_examples/package.ps1'
[2.754s] INFO:colcon.colcon_core.shell:Creating package descriptor '/home/eeiww/ud90uhak/bumperbot_ws/src/install/bumperbot_cpp_examples/share/bumperbot_cpp_examples/package.dsv'
[2.756s] INFO:colcon.colcon_core.shell:Creating package script '/home/eeiww/ud90uhak/bumperbot_ws/src/install/bumperbot_cpp_examples/share/bumperbot_cpp_examples/package.sh'
[2.758s] INFO:colcon.colcon_core.shell:Creating package script '/home/eeiww/ud90uhak/bumperbot_ws/src/install/bumperbot_cpp_examples/share/bumperbot_cpp_examples/package.bash'
[2.761s] INFO:colcon.colcon_core.shell:Creating package script '/home/eeiww/ud90uhak/bumperbot_ws/src/install/bumperbot_cpp_examples/share/bumperbot_cpp_examples/package.zsh'
[2.763s] Level 1:colcon.colcon_core.environment:create_file_with_runtime_dependencies(/home/eeiww/ud90uhak/bumperbot_ws/src/install/bumperbot_cpp_examples/share/colcon-core/packages/bumperbot_cpp_examples)
[2.767s] Level 1:colcon.colcon_core.environment:create_environment_scripts_only(bumperbot_cpp_examples)
[2.768s] Level 1:colcon.colcon_core.environment:checking '/home/eeiww/ud90uhak/bumperbot_ws/src/install/bumperbot_cpp_examples' for CMake module files
[2.769s] Level 1:colcon.colcon_core.environment:checking '/home/eeiww/ud90uhak/bumperbot_ws/src/install/bumperbot_cpp_examples' for CMake config files
[2.776s] Level 1:colcon.colcon_core.shell:create_environment_hook('bumperbot_cpp_examples', 'cmake_prefix_path')
[2.776s] INFO:colcon.colcon_core.shell:Creating environment hook '/home/eeiww/ud90uhak/bumperbot_ws/src/install/bumperbot_cpp_examples/share/bumperbot_cpp_examples/hook/cmake_prefix_path.ps1'
[2.779s] INFO:colcon.colcon_core.shell:Creating environment descriptor '/home/eeiww/ud90uhak/bumperbot_ws/src/install/bumperbot_cpp_examples/share/bumperbot_cpp_examples/hook/cmake_prefix_path.dsv'
[2.781s] INFO:colcon.colcon_core.shell:Creating environment hook '/home/eeiww/ud90uhak/bumperbot_ws/src/install/bumperbot_cpp_examples/share/bumperbot_cpp_examples/hook/cmake_prefix_path.sh'
[2.784s] Level 1:colcon.colcon_core.environment:checking '/home/eeiww/ud90uhak/bumperbot_ws/src/install/bumperbot_cpp_examples/lib'
[2.784s] Level 1:colcon.colcon_core.environment:checking '/home/eeiww/ud90uhak/bumperbot_ws/src/install/bumperbot_cpp_examples/bin'
[2.784s] Level 1:colcon.colcon_core.environment:checking '/home/eeiww/ud90uhak/bumperbot_ws/src/install/bumperbot_cpp_examples/lib/pkgconfig/bumperbot_cpp_examples.pc'
[2.784s] Level 1:colcon.colcon_core.environment:checking '/home/eeiww/ud90uhak/bumperbot_ws/src/install/bumperbot_cpp_examples/lib/python3.12/site-packages'
[2.785s] Level 1:colcon.colcon_core.environment:checking '/home/eeiww/ud90uhak/bumperbot_ws/src/install/bumperbot_cpp_examples/bin'
[2.785s] INFO:colcon.colcon_core.shell:Creating package script '/home/eeiww/ud90uhak/bumperbot_ws/src/install/bumperbot_cpp_examples/share/bumperbot_cpp_examples/package.ps1'
[2.787s] INFO:colcon.colcon_core.shell:Creating package descriptor '/home/eeiww/ud90uhak/bumperbot_ws/src/install/bumperbot_cpp_examples/share/bumperbot_cpp_examples/package.dsv'
[2.790s] INFO:colcon.colcon_core.shell:Creating package script '/home/eeiww/ud90uhak/bumperbot_ws/src/install/bumperbot_cpp_examples/share/bumperbot_cpp_examples/package.sh'
[2.792s] INFO:colcon.colcon_core.shell:Creating package script '/home/eeiww/ud90uhak/bumperbot_ws/src/install/bumperbot_cpp_examples/share/bumperbot_cpp_examples/package.bash'
[2.794s] INFO:colcon.colcon_core.shell:Creating package script '/home/eeiww/ud90uhak/bumperbot_ws/src/install/bumperbot_cpp_examples/share/bumperbot_cpp_examples/package.zsh'
[2.797s] Level 1:colcon.colcon_core.environment:create_file_with_runtime_dependencies(/home/eeiww/ud90uhak/bumperbot_ws/src/install/bumperbot_cpp_examples/share/colcon-core/packages/bumperbot_cpp_examples)
[3.387s] DEBUG:colcon.colcon_core.event_handler.log_command:Invoking command in '/home/eeiww/ud90uhak/bumperbot_ws/src/bumperbot_py_examples': AMENT_PREFIX_PATH=/home/eeiww/ud90uhak/bumperbot_ws/src/install/bumperbot_msgs:${AMENT_PREFIX_PATH} CMAKE_PREFIX_PATH=/home/eeiww/ud90uhak/bumperbot_ws/src/install/bumperbot_msgs:${CMAKE_PREFIX_PATH} DEBUGINFOD_URLS=https://debuginfod.ubuntu.com LD_LIBRARY_PATH=/home/eeiww/ud90uhak/bumperbot_ws/src/install/bumperbot_msgs/lib:${LD_LIBRARY_PATH} PYTHONPATH=/home/eeiww/ud90uhak/bumperbot_ws/src/build/bumperbot_py_examples/prefix_override:/usr/lib/python3/dist-packages/colcon_core/task/python/colcon_distutils_commands:/home/eeiww/ud90uhak/bumperbot_ws/src/install/bumperbot_py_examples/lib/python3.12/site-packages:/home/eeiww/ud90uhak/bumperbot_ws/src/install/bumperbot_msgs/lib/python3.12/site-packages:${PYTHONPATH} /usr/bin/python3 -W ignore:setup.py install is deprecated -W ignore:easy_install command is deprecated setup.py egg_info --egg-base ../build/bumperbot_py_examples build --build-base /home/eeiww/ud90uhak/bumperbot_ws/src/build/bumperbot_py_examples/build install --record /home/eeiww/ud90uhak/bumperbot_ws/src/build/bumperbot_py_examples/install.log --single-version-externally-managed install_data
[4.434s] Level 1:colcon.colcon_core.environment:checking '/home/eeiww/ud90uhak/bumperbot_ws/src/install/bumperbot_py_examples' for CMake module files
[4.434s] DEBUG:colcon.colcon_core.event_handler.log_command:Invoked command in '/home/eeiww/ud90uhak/bumperbot_ws/src/bumperbot_py_examples' returned '0': AMENT_PREFIX_PATH=/home/eeiww/ud90uhak/bumperbot_ws/src/install/bumperbot_msgs:${AMENT_PREFIX_PATH} CMAKE_PREFIX_PATH=/home/eeiww/ud90uhak/bumperbot_ws/src/install/bumperbot_msgs:${CMAKE_PREFIX_PATH} DEBUGINFOD_URLS=https://debuginfod.ubuntu.com LD_LIBRARY_PATH=/home/eeiww/ud90uhak/bumperbot_ws/src/install/bumperbot_msgs/lib:${LD_LIBRARY_PATH} PYTHONPATH=/home/eeiww/ud90uhak/bumperbot_ws/src/build/bumperbot_py_examples/prefix_override:/usr/lib/python3/dist-packages/colcon_core/task/python/colcon_distutils_commands:/home/eeiww/ud90uhak/bumperbot_ws/src/install/bumperbot_py_examples/lib/python3.12/site-packages:/home/eeiww/ud90uhak/bumperbot_ws/src/install/bumperbot_msgs/lib/python3.12/site-packages:${PYTHONPATH} /usr/bin/python3 -W ignore:setup.py install is deprecated -W ignore:easy_install command is deprecated setup.py egg_info --egg-base ../build/bumperbot_py_examples build --build-base /home/eeiww/ud90uhak/bumperbot_ws/src/build/bumperbot_py_examples/build install --record /home/eeiww/ud90uhak/bumperbot_ws/src/build/bumperbot_py_examples/install.log --single-version-externally-managed install_data
[4.441s] Level 1:colcon.colcon_core.environment:checking '/home/eeiww/ud90uhak/bumperbot_ws/src/install/bumperbot_py_examples' for CMake config files
[4.458s] Level 1:colcon.colcon_core.environment:checking '/home/eeiww/ud90uhak/bumperbot_ws/src/install/bumperbot_py_examples/lib'
[4.459s] Level 1:colcon.colcon_core.environment:checking '/home/eeiww/ud90uhak/bumperbot_ws/src/install/bumperbot_py_examples/bin'
[4.460s] Level 1:colcon.colcon_core.environment:checking '/home/eeiww/ud90uhak/bumperbot_ws/src/install/bumperbot_py_examples/lib/pkgconfig/bumperbot_py_examples.pc'
[4.460s] Level 1:colcon.colcon_core.environment:checking '/home/eeiww/ud90uhak/bumperbot_ws/src/install/bumperbot_py_examples/lib/python3.12/site-packages'
[4.460s] Level 1:colcon.colcon_core.shell:create_environment_hook('bumperbot_py_examples', 'pythonpath')
[4.460s] INFO:colcon.colcon_core.shell:Creating environment hook '/home/eeiww/ud90uhak/bumperbot_ws/src/install/bumperbot_py_examples/share/bumperbot_py_examples/hook/pythonpath.ps1'
[4.464s] INFO:colcon.colcon_core.shell:Creating environment descriptor '/home/eeiww/ud90uhak/bumperbot_ws/src/install/bumperbot_py_examples/share/bumperbot_py_examples/hook/pythonpath.dsv'
[4.467s] INFO:colcon.colcon_core.shell:Creating environment hook '/home/eeiww/ud90uhak/bumperbot_ws/src/install/bumperbot_py_examples/share/bumperbot_py_examples/hook/pythonpath.sh'
[4.470s] Level 1:colcon.colcon_core.environment:checking '/home/eeiww/ud90uhak/bumperbot_ws/src/install/bumperbot_py_examples/bin'
[4.470s] Level 1:colcon.colcon_core.environment:create_environment_scripts_only(bumperbot_py_examples)
[4.470s] INFO:colcon.colcon_core.shell:Creating package script '/home/eeiww/ud90uhak/bumperbot_ws/src/install/bumperbot_py_examples/share/bumperbot_py_examples/package.ps1'
[4.474s] INFO:colcon.colcon_core.shell:Creating package descriptor '/home/eeiww/ud90uhak/bumperbot_ws/src/install/bumperbot_py_examples/share/bumperbot_py_examples/package.dsv'
[4.477s] INFO:colcon.colcon_core.shell:Creating package script '/home/eeiww/ud90uhak/bumperbot_ws/src/install/bumperbot_py_examples/share/bumperbot_py_examples/package.sh'
[4.480s] INFO:colcon.colcon_core.shell:Creating package script '/home/eeiww/ud90uhak/bumperbot_ws/src/install/bumperbot_py_examples/share/bumperbot_py_examples/package.bash'
[4.483s] INFO:colcon.colcon_core.shell:Creating package script '/home/eeiww/ud90uhak/bumperbot_ws/src/install/bumperbot_py_examples/share/bumperbot_py_examples/package.zsh'
[4.486s] Level 1:colcon.colcon_core.environment:create_file_with_runtime_dependencies(/home/eeiww/ud90uhak/bumperbot_ws/src/install/bumperbot_py_examples/share/colcon-core/packages/bumperbot_py_examples)
[4.490s] DEBUG:colcon.colcon_parallel_executor.executor.parallel:closing loop
[4.490s] DEBUG:colcon.colcon_parallel_executor.executor.parallel:loop closed
[4.490s] DEBUG:colcon.colcon_parallel_executor.executor.parallel:run_until_complete finished with '0'
[4.490s] DEBUG:colcon.colcon_core.event_reactor:joining thread
[4.512s] INFO:colcon.colcon_core.plugin_system:Skipping extension 'colcon_notification.desktop_notification.terminal_notifier': Not used on non-Darwin systems
[4.512s] INFO:colcon.colcon_core.plugin_system:Skipping extension 'colcon_notification.desktop_notification.win32': Not used on non-Windows systems
[4.512s] INFO:colcon.colcon_notification.desktop_notification:Sending desktop notification using 'notify2'
[4.524s] DEBUG:colcon.colcon_core.event_reactor:joined thread
[4.524s] INFO:colcon.colcon_core.shell:Creating prefix script '/home/eeiww/ud90uhak/bumperbot_ws/src/install/local_setup.ps1'
[4.527s] INFO:colcon.colcon_core.shell:Creating prefix util module '/home/eeiww/ud90uhak/bumperbot_ws/src/install/_local_setup_util_ps1.py'
[4.531s] INFO:colcon.colcon_core.shell:Creating prefix chain script '/home/eeiww/ud90uhak/bumperbot_ws/src/install/setup.ps1'
[4.535s] INFO:colcon.colcon_core.shell:Creating prefix script '/home/eeiww/ud90uhak/bumperbot_ws/src/install/local_setup.sh'
[4.538s] INFO:colcon.colcon_core.shell:Creating prefix util module '/home/eeiww/ud90uhak/bumperbot_ws/src/install/_local_setup_util_sh.py'
[4.542s] INFO:colcon.colcon_core.shell:Creating prefix chain script '/home/eeiww/ud90uhak/bumperbot_ws/src/install/setup.sh'
[4.544s] INFO:colcon.colcon_core.shell:Creating prefix script '/home/eeiww/ud90uhak/bumperbot_ws/src/install/local_setup.bash'
[4.547s] INFO:colcon.colcon_core.shell:Creating prefix chain script '/home/eeiww/ud90uhak/bumperbot_ws/src/install/setup.bash'
[4.550s] INFO:colcon.colcon_core.shell:Creating prefix script '/home/eeiww/ud90uhak/bumperbot_ws/src/install/local_setup.zsh'
[4.552s] INFO:colcon.colcon_core.shell:Creating prefix chain script '/home/eeiww/ud90uhak/bumperbot_ws/src/install/setup.zsh'
