[0.116s] DEBUG:colcon:Command line arguments: ['/usr/bin/colcon', 'build']
[0.116s] DEBUG:colcon:Parsed command line arguments: Namespace(log_base=None, log_level=None, verb_name='build', build_base='build', install_base='install', merge_install=False, symlink_install=False, test_result_base=None, continue_on_error=False, executor='parallel', parallel_workers=8, event_handlers=None, ignore_user_meta=False, metas=['./colcon.meta'], base_paths=['.'], packages_ignore=None, packages_ignore_regex=None, paths=None, packages_up_to=None, packages_up_to_regex=None, packages_above=None, packages_above_and_dependencies=None, packages_above_depth=None, packages_select_by_dep=None, packages_skip_by_dep=None, packages_skip_up_to=None, packages_select_build_failed=False, packages_skip_build_finished=False, packages_select_test_failures=False, packages_skip_test_passed=False, packages_select=None, packages_skip=None, packages_select_regex=None, packages_skip_regex=None, packages_start=None, packages_end=None, allow_overriding=[], cmake_args=None, cmake_target=None, cmake_target_skip_unavailable=False, cmake_clean_cache=False, cmake_clean_first=False, cmake_force_configure=False, ament_cmake_args=None, catkin_cmake_args=None, catkin_skip_building_tests=False, mixin_files=None, mixin=None, verb_parser=<colcon_mixin.mixin.mixin_argument.MixinArgumentDecorator object at 0x7fd2099e7980>, verb_extension=<colcon_core.verb.build.BuildVerb object at 0x7fd209975d90>, main=<bound method BuildVerb.main of <colcon_core.verb.build.BuildVerb object at 0x7fd209975d90>>, mixin_verb=('build',))
[0.176s] Level 1:colcon.colcon_core.package_discovery:discover_packages(colcon_meta) check parameters
[0.177s] Level 1:colcon.colcon_core.package_discovery:discover_packages(recursive) check parameters
[0.177s] Level 1:colcon.colcon_core.package_discovery:discover_packages(ignore) check parameters
[0.177s] Level 1:colcon.colcon_core.package_discovery:discover_packages(path) check parameters
[0.177s] Level 1:colcon.colcon_core.package_discovery:discover_packages(colcon_meta) discover
[0.177s] Level 1:colcon.colcon_core.package_discovery:discover_packages(recursive) discover
[0.178s] INFO:colcon.colcon_core.package_discovery:Crawling recursively for packages in '/home/eeiww/ud90uhak/bumperbot_ws/src'
[0.179s] Level 1:colcon.colcon_core.package_identification:_identify(.) by extensions ['ignore', 'ignore_ament_install']
[0.179s] Level 1:colcon.colcon_core.package_identification:_identify(.) by extension 'ignore'
[0.180s] Level 1:colcon.colcon_core.package_identification:_identify(.) by extension 'ignore_ament_install'
[0.181s] Level 1:colcon.colcon_core.package_identification:_identify(.) by extensions ['colcon_pkg']
[0.181s] Level 1:colcon.colcon_core.package_identification:_identify(.) by extension 'colcon_pkg'
[0.182s] Level 1:colcon.colcon_core.package_identification:_identify(.) by extensions ['colcon_meta']
[0.182s] Level 1:colcon.colcon_core.package_identification:_identify(.) by extension 'colcon_meta'
[0.182s] Level 1:colcon.colcon_core.package_identification:_identify(.) by extensions ['ros']
[0.182s] Level 1:colcon.colcon_core.package_identification:_identify(.) by extension 'ros'
[0.205s] Level 1:colcon.colcon_core.package_identification:_identify(.) by extensions ['cmake', 'python']
[0.205s] Level 1:colcon.colcon_core.package_identification:_identify(.) by extension 'cmake'
[0.206s] Level 1:colcon.colcon_core.package_identification:_identify(.) by extension 'python'
[0.206s] Level 1:colcon.colcon_core.package_identification:_identify(.) by extensions ['python_setup_py']
[0.206s] Level 1:colcon.colcon_core.package_identification:_identify(.) by extension 'python_setup_py'
[0.208s] Level 1:colcon.colcon_core.package_identification:_identify(build) by extensions ['ignore', 'ignore_ament_install']
[0.209s] Level 1:colcon.colcon_core.package_identification:_identify(build) by extension 'ignore'
[0.209s] Level 1:colcon.colcon_core.package_identification:_identify(build) ignored
[0.211s] Level 1:colcon.colcon_core.package_identification:_identify(bumperbot_bringup) by extensions ['ignore', 'ignore_ament_install']
[0.212s] Level 1:colcon.colcon_core.package_identification:_identify(bumperbot_bringup) by extension 'ignore'
[0.212s] Level 1:colcon.colcon_core.package_identification:_identify(bumperbot_bringup) by extension 'ignore_ament_install'
[0.214s] Level 1:colcon.colcon_core.package_identification:_identify(bumperbot_bringup) by extensions ['colcon_pkg']
[0.214s] Level 1:colcon.colcon_core.package_identification:_identify(bumperbot_bringup) by extension 'colcon_pkg'
[0.215s] Level 1:colcon.colcon_core.package_identification:_identify(bumperbot_bringup) by extensions ['colcon_meta']
[0.215s] Level 1:colcon.colcon_core.package_identification:_identify(bumperbot_bringup) by extension 'colcon_meta'
[0.215s] Level 1:colcon.colcon_core.package_identification:_identify(bumperbot_bringup) by extensions ['ros']
[0.215s] Level 1:colcon.colcon_core.package_identification:_identify(bumperbot_bringup) by extension 'ros'
[0.221s] DEBUG:colcon.colcon_core.package_identification:Package 'bumperbot_bringup' with type 'ros.ament_cmake' and name 'bumperbot_bringup'
[0.224s] Level 1:colcon.colcon_core.package_identification:_identify(bumperbot_controller) by extensions ['ignore', 'ignore_ament_install']
[0.224s] Level 1:colcon.colcon_core.package_identification:_identify(bumperbot_controller) by extension 'ignore'
[0.225s] Level 1:colcon.colcon_core.package_identification:_identify(bumperbot_controller) by extension 'ignore_ament_install'
[0.226s] Level 1:colcon.colcon_core.package_identification:_identify(bumperbot_controller) by extensions ['colcon_pkg']
[0.226s] Level 1:colcon.colcon_core.package_identification:_identify(bumperbot_controller) by extension 'colcon_pkg'
[0.227s] Level 1:colcon.colcon_core.package_identification:_identify(bumperbot_controller) by extensions ['colcon_meta']
[0.227s] Level 1:colcon.colcon_core.package_identification:_identify(bumperbot_controller) by extension 'colcon_meta'
[0.227s] Level 1:colcon.colcon_core.package_identification:_identify(bumperbot_controller) by extensions ['ros']
[0.227s] Level 1:colcon.colcon_core.package_identification:_identify(bumperbot_controller) by extension 'ros'
[0.238s] DEBUG:colcon.colcon_core.package_identification:Package 'bumperbot_controller' with type 'ros.ament_cmake' and name 'bumperbot_controller'
[0.240s] Level 1:colcon.colcon_core.package_identification:_identify(bumperbot_cpp_examples) by extensions ['ignore', 'ignore_ament_install']
[0.240s] Level 1:colcon.colcon_core.package_identification:_identify(bumperbot_cpp_examples) by extension 'ignore'
[0.241s] Level 1:colcon.colcon_core.package_identification:_identify(bumperbot_cpp_examples) by extension 'ignore_ament_install'
[0.242s] Level 1:colcon.colcon_core.package_identification:_identify(bumperbot_cpp_examples) by extensions ['colcon_pkg']
[0.242s] Level 1:colcon.colcon_core.package_identification:_identify(bumperbot_cpp_examples) by extension 'colcon_pkg'
[0.243s] Level 1:colcon.colcon_core.package_identification:_identify(bumperbot_cpp_examples) by extensions ['colcon_meta']
[0.243s] Level 1:colcon.colcon_core.package_identification:_identify(bumperbot_cpp_examples) by extension 'colcon_meta'
[0.243s] Level 1:colcon.colcon_core.package_identification:_identify(bumperbot_cpp_examples) by extensions ['ros']
[0.243s] Level 1:colcon.colcon_core.package_identification:_identify(bumperbot_cpp_examples) by extension 'ros'
[0.248s] DEBUG:colcon.colcon_core.package_identification:Package 'bumperbot_cpp_examples' with type 'ros.ament_cmake' and name 'bumperbot_cpp_examples'
[0.250s] Level 1:colcon.colcon_core.package_identification:_identify(bumperbot_description) by extensions ['ignore', 'ignore_ament_install']
[0.250s] Level 1:colcon.colcon_core.package_identification:_identify(bumperbot_description) by extension 'ignore'
[0.251s] Level 1:colcon.colcon_core.package_identification:_identify(bumperbot_description) by extension 'ignore_ament_install'
[0.252s] Level 1:colcon.colcon_core.package_identification:_identify(bumperbot_description) by extensions ['colcon_pkg']
[0.252s] Level 1:colcon.colcon_core.package_identification:_identify(bumperbot_description) by extension 'colcon_pkg'
[0.253s] Level 1:colcon.colcon_core.package_identification:_identify(bumperbot_description) by extensions ['colcon_meta']
[0.253s] Level 1:colcon.colcon_core.package_identification:_identify(bumperbot_description) by extension 'colcon_meta'
[0.253s] Level 1:colcon.colcon_core.package_identification:_identify(bumperbot_description) by extensions ['ros']
[0.253s] Level 1:colcon.colcon_core.package_identification:_identify(bumperbot_description) by extension 'ros'
[0.259s] DEBUG:colcon.colcon_core.package_identification:Package 'bumperbot_description' with type 'ros.ament_cmake' and name 'bumperbot_description'
[0.261s] Level 1:colcon.colcon_core.package_identification:_identify(bumperbot_firmware) by extensions ['ignore', 'ignore_ament_install']
[0.261s] Level 1:colcon.colcon_core.package_identification:_identify(bumperbot_firmware) by extension 'ignore'
[0.262s] Level 1:colcon.colcon_core.package_identification:_identify(bumperbot_firmware) by extension 'ignore_ament_install'
[0.263s] Level 1:colcon.colcon_core.package_identification:_identify(bumperbot_firmware) by extensions ['colcon_pkg']
[0.263s] Level 1:colcon.colcon_core.package_identification:_identify(bumperbot_firmware) by extension 'colcon_pkg'
[0.264s] Level 1:colcon.colcon_core.package_identification:_identify(bumperbot_firmware) by extensions ['colcon_meta']
[0.264s] Level 1:colcon.colcon_core.package_identification:_identify(bumperbot_firmware) by extension 'colcon_meta'
[0.264s] Level 1:colcon.colcon_core.package_identification:_identify(bumperbot_firmware) by extensions ['ros']
[0.264s] Level 1:colcon.colcon_core.package_identification:_identify(bumperbot_firmware) by extension 'ros'
[0.268s] DEBUG:colcon.colcon_core.package_identification:Package 'bumperbot_firmware' with type 'ros.ament_cmake' and name 'bumperbot_firmware'
[0.271s] Level 1:colcon.colcon_core.package_identification:_identify(bumperbot_localization) by extensions ['ignore', 'ignore_ament_install']
[0.271s] Level 1:colcon.colcon_core.package_identification:_identify(bumperbot_localization) by extension 'ignore'
[0.272s] Level 1:colcon.colcon_core.package_identification:_identify(bumperbot_localization) by extension 'ignore_ament_install'
[0.273s] Level 1:colcon.colcon_core.package_identification:_identify(bumperbot_localization) by extensions ['colcon_pkg']
[0.273s] Level 1:colcon.colcon_core.package_identification:_identify(bumperbot_localization) by extension 'colcon_pkg'
[0.273s] Level 1:colcon.colcon_core.package_identification:_identify(bumperbot_localization) by extensions ['colcon_meta']
[0.273s] Level 1:colcon.colcon_core.package_identification:_identify(bumperbot_localization) by extension 'colcon_meta'
[0.273s] Level 1:colcon.colcon_core.package_identification:_identify(bumperbot_localization) by extensions ['ros']
[0.273s] Level 1:colcon.colcon_core.package_identification:_identify(bumperbot_localization) by extension 'ros'
[0.284s] DEBUG:colcon.colcon_core.package_identification:Package 'bumperbot_localization' with type 'ros.ament_cmake' and name 'bumperbot_localization'
[0.287s] Level 1:colcon.colcon_core.package_identification:_identify(bumperbot_msgs) by extensions ['ignore', 'ignore_ament_install']
[0.287s] Level 1:colcon.colcon_core.package_identification:_identify(bumperbot_msgs) by extension 'ignore'
[0.288s] Level 1:colcon.colcon_core.package_identification:_identify(bumperbot_msgs) by extension 'ignore_ament_install'
[0.289s] Level 1:colcon.colcon_core.package_identification:_identify(bumperbot_msgs) by extensions ['colcon_pkg']
[0.289s] Level 1:colcon.colcon_core.package_identification:_identify(bumperbot_msgs) by extension 'colcon_pkg'
[0.290s] Level 1:colcon.colcon_core.package_identification:_identify(bumperbot_msgs) by extensions ['colcon_meta']
[0.290s] Level 1:colcon.colcon_core.package_identification:_identify(bumperbot_msgs) by extension 'colcon_meta'
[0.290s] Level 1:colcon.colcon_core.package_identification:_identify(bumperbot_msgs) by extensions ['ros']
[0.290s] Level 1:colcon.colcon_core.package_identification:_identify(bumperbot_msgs) by extension 'ros'
[0.294s] DEBUG:colcon.colcon_core.package_identification:Package 'bumperbot_msgs' with type 'ros.ament_cmake' and name 'bumperbot_msgs'
[0.296s] Level 1:colcon.colcon_core.package_identification:_identify(bumperbot_py_examples) by extensions ['ignore', 'ignore_ament_install']
[0.296s] Level 1:colcon.colcon_core.package_identification:_identify(bumperbot_py_examples) by extension 'ignore'
[0.297s] Level 1:colcon.colcon_core.package_identification:_identify(bumperbot_py_examples) by extension 'ignore_ament_install'
[0.298s] Level 1:colcon.colcon_core.package_identification:_identify(bumperbot_py_examples) by extensions ['colcon_pkg']
[0.298s] Level 1:colcon.colcon_core.package_identification:_identify(bumperbot_py_examples) by extension 'colcon_pkg'
[0.299s] Level 1:colcon.colcon_core.package_identification:_identify(bumperbot_py_examples) by extensions ['colcon_meta']
[0.299s] Level 1:colcon.colcon_core.package_identification:_identify(bumperbot_py_examples) by extension 'colcon_meta'
[0.299s] Level 1:colcon.colcon_core.package_identification:_identify(bumperbot_py_examples) by extensions ['ros']
[0.299s] Level 1:colcon.colcon_core.package_identification:_identify(bumperbot_py_examples) by extension 'ros'
[0.303s] DEBUG:colcon.colcon_core.package_identification:Package 'bumperbot_py_examples' with type 'ros.ament_python' and name 'bumperbot_py_examples'
[0.305s] Level 1:colcon.colcon_core.package_identification:_identify(bumperbot_utils) by extensions ['ignore', 'ignore_ament_install']
[0.306s] Level 1:colcon.colcon_core.package_identification:_identify(bumperbot_utils) by extension 'ignore'
[0.306s] Level 1:colcon.colcon_core.package_identification:_identify(bumperbot_utils) by extension 'ignore_ament_install'
[0.307s] Level 1:colcon.colcon_core.package_identification:_identify(bumperbot_utils) by extensions ['colcon_pkg']
[0.308s] Level 1:colcon.colcon_core.package_identification:_identify(bumperbot_utils) by extension 'colcon_pkg'
[0.308s] Level 1:colcon.colcon_core.package_identification:_identify(bumperbot_utils) by extensions ['colcon_meta']
[0.308s] Level 1:colcon.colcon_core.package_identification:_identify(bumperbot_utils) by extension 'colcon_meta'
[0.308s] Level 1:colcon.colcon_core.package_identification:_identify(bumperbot_utils) by extensions ['ros']
[0.308s] Level 1:colcon.colcon_core.package_identification:_identify(bumperbot_utils) by extension 'ros'
[0.329s] DEBUG:colcon.colcon_core.package_identification:Package 'bumperbot_utils' with type 'ros.ament_cmake' and name 'bumperbot_utils'
[0.332s] Level 1:colcon.colcon_core.package_identification:_identify(install) by extensions ['ignore', 'ignore_ament_install']
[0.332s] Level 1:colcon.colcon_core.package_identification:_identify(install) by extension 'ignore'
[0.332s] Level 1:colcon.colcon_core.package_identification:_identify(install) ignored
[0.335s] Level 1:colcon.colcon_core.package_identification:_identify(log) by extensions ['ignore', 'ignore_ament_install']
[0.335s] Level 1:colcon.colcon_core.package_identification:_identify(log) by extension 'ignore'
[0.335s] Level 1:colcon.colcon_core.package_identification:_identify(log) ignored
[0.335s] Level 1:colcon.colcon_core.package_discovery:discover_packages(recursive) using defaults
[0.335s] Level 1:colcon.colcon_core.package_discovery:discover_packages(ignore) discover
[0.335s] Level 1:colcon.colcon_core.package_discovery:discover_packages(ignore) using defaults
[0.335s] Level 1:colcon.colcon_core.package_discovery:discover_packages(path) discover
[0.335s] Level 1:colcon.colcon_core.package_discovery:discover_packages(path) using defaults
[0.353s] Level 1:colcon.colcon_core.package_discovery:discover_packages(prefix_path) check parameters
[0.353s] Level 1:colcon.colcon_core.package_discovery:discover_packages(prefix_path) discover
[0.356s] DEBUG:colcon.colcon_installed_package_information.package_discovery:Found 337 installed packages in /opt/ros/jazzy
[0.356s] Level 1:colcon.colcon_core.package_discovery:discover_packages(prefix_path) using defaults
[0.397s] Level 5:colcon.colcon_core.verb:set package 'bumperbot_bringup' build argument 'cmake_args' from command line to 'None'
[0.397s] Level 5:colcon.colcon_core.verb:set package 'bumperbot_bringup' build argument 'cmake_target' from command line to 'None'
[0.397s] Level 5:colcon.colcon_core.verb:set package 'bumperbot_bringup' build argument 'cmake_target_skip_unavailable' from command line to 'False'
[0.397s] Level 5:colcon.colcon_core.verb:set package 'bumperbot_bringup' build argument 'cmake_clean_cache' from command line to 'False'
[0.397s] Level 5:colcon.colcon_core.verb:set package 'bumperbot_bringup' build argument 'cmake_clean_first' from command line to 'False'
[0.397s] Level 5:colcon.colcon_core.verb:set package 'bumperbot_bringup' build argument 'cmake_force_configure' from command line to 'False'
[0.397s] Level 5:colcon.colcon_core.verb:set package 'bumperbot_bringup' build argument 'ament_cmake_args' from command line to 'None'
[0.397s] Level 5:colcon.colcon_core.verb:set package 'bumperbot_bringup' build argument 'catkin_cmake_args' from command line to 'None'
[0.397s] Level 5:colcon.colcon_core.verb:set package 'bumperbot_bringup' build argument 'catkin_skip_building_tests' from command line to 'False'
[0.397s] DEBUG:colcon.colcon_core.verb:Building package 'bumperbot_bringup' with the following arguments: {'ament_cmake_args': None, 'build_base': '/home/eeiww/ud90uhak/bumperbot_ws/src/build/bumperbot_bringup', 'catkin_cmake_args': None, 'catkin_skip_building_tests': False, 'cmake_args': None, 'cmake_clean_cache': False, 'cmake_clean_first': False, 'cmake_force_configure': False, 'cmake_target': None, 'cmake_target_skip_unavailable': False, 'install_base': '/home/eeiww/ud90uhak/bumperbot_ws/src/install/bumperbot_bringup', 'merge_install': False, 'path': '/home/eeiww/ud90uhak/bumperbot_ws/src/bumperbot_bringup', 'symlink_install': False, 'test_result_base': None}
[0.397s] Level 5:colcon.colcon_core.verb:set package 'bumperbot_controller' build argument 'cmake_args' from command line to 'None'
[0.397s] Level 5:colcon.colcon_core.verb:set package 'bumperbot_controller' build argument 'cmake_target' from command line to 'None'
[0.397s] Level 5:colcon.colcon_core.verb:set package 'bumperbot_controller' build argument 'cmake_target_skip_unavailable' from command line to 'False'
[0.397s] Level 5:colcon.colcon_core.verb:set package 'bumperbot_controller' build argument 'cmake_clean_cache' from command line to 'False'
[0.397s] Level 5:colcon.colcon_core.verb:set package 'bumperbot_controller' build argument 'cmake_clean_first' from command line to 'False'
[0.397s] Level 5:colcon.colcon_core.verb:set package 'bumperbot_controller' build argument 'cmake_force_configure' from command line to 'False'
[0.397s] Level 5:colcon.colcon_core.verb:set package 'bumperbot_controller' build argument 'ament_cmake_args' from command line to 'None'
[0.397s] Level 5:colcon.colcon_core.verb:set package 'bumperbot_controller' build argument 'catkin_cmake_args' from command line to 'None'
[0.397s] Level 5:colcon.colcon_core.verb:set package 'bumperbot_controller' build argument 'catkin_skip_building_tests' from command line to 'False'
[0.397s] DEBUG:colcon.colcon_core.verb:Building package 'bumperbot_controller' with the following arguments: {'ament_cmake_args': None, 'build_base': '/home/eeiww/ud90uhak/bumperbot_ws/src/build/bumperbot_controller', 'catkin_cmake_args': None, 'catkin_skip_building_tests': False, 'cmake_args': None, 'cmake_clean_cache': False, 'cmake_clean_first': False, 'cmake_force_configure': False, 'cmake_target': None, 'cmake_target_skip_unavailable': False, 'install_base': '/home/eeiww/ud90uhak/bumperbot_ws/src/install/bumperbot_controller', 'merge_install': False, 'path': '/home/eeiww/ud90uhak/bumperbot_ws/src/bumperbot_controller', 'symlink_install': False, 'test_result_base': None}
[0.397s] Level 5:colcon.colcon_core.verb:set package 'bumperbot_description' build argument 'cmake_args' from command line to 'None'
[0.397s] Level 5:colcon.colcon_core.verb:set package 'bumperbot_description' build argument 'cmake_target' from command line to 'None'
[0.397s] Level 5:colcon.colcon_core.verb:set package 'bumperbot_description' build argument 'cmake_target_skip_unavailable' from command line to 'False'
[0.398s] Level 5:colcon.colcon_core.verb:set package 'bumperbot_description' build argument 'cmake_clean_cache' from command line to 'False'
[0.398s] Level 5:colcon.colcon_core.verb:set package 'bumperbot_description' build argument 'cmake_clean_first' from command line to 'False'
[0.398s] Level 5:colcon.colcon_core.verb:set package 'bumperbot_description' build argument 'cmake_force_configure' from command line to 'False'
[0.398s] Level 5:colcon.colcon_core.verb:set package 'bumperbot_description' build argument 'ament_cmake_args' from command line to 'None'
[0.398s] Level 5:colcon.colcon_core.verb:set package 'bumperbot_description' build argument 'catkin_cmake_args' from command line to 'None'
[0.398s] Level 5:colcon.colcon_core.verb:set package 'bumperbot_description' build argument 'catkin_skip_building_tests' from command line to 'False'
[0.398s] DEBUG:colcon.colcon_core.verb:Building package 'bumperbot_description' with the following arguments: {'ament_cmake_args': None, 'build_base': '/home/eeiww/ud90uhak/bumperbot_ws/src/build/bumperbot_description', 'catkin_cmake_args': None, 'catkin_skip_building_tests': False, 'cmake_args': None, 'cmake_clean_cache': False, 'cmake_clean_first': False, 'cmake_force_configure': False, 'cmake_target': None, 'cmake_target_skip_unavailable': False, 'install_base': '/home/eeiww/ud90uhak/bumperbot_ws/src/install/bumperbot_description', 'merge_install': False, 'path': '/home/eeiww/ud90uhak/bumperbot_ws/src/bumperbot_description', 'symlink_install': False, 'test_result_base': None}
[0.398s] Level 5:colcon.colcon_core.verb:set package 'bumperbot_firmware' build argument 'cmake_args' from command line to 'None'
[0.398s] Level 5:colcon.colcon_core.verb:set package 'bumperbot_firmware' build argument 'cmake_target' from command line to 'None'
[0.398s] Level 5:colcon.colcon_core.verb:set package 'bumperbot_firmware' build argument 'cmake_target_skip_unavailable' from command line to 'False'
[0.398s] Level 5:colcon.colcon_core.verb:set package 'bumperbot_firmware' build argument 'cmake_clean_cache' from command line to 'False'
[0.398s] Level 5:colcon.colcon_core.verb:set package 'bumperbot_firmware' build argument 'cmake_clean_first' from command line to 'False'
[0.398s] Level 5:colcon.colcon_core.verb:set package 'bumperbot_firmware' build argument 'cmake_force_configure' from command line to 'False'
[0.398s] Level 5:colcon.colcon_core.verb:set package 'bumperbot_firmware' build argument 'ament_cmake_args' from command line to 'None'
[0.398s] Level 5:colcon.colcon_core.verb:set package 'bumperbot_firmware' build argument 'catkin_cmake_args' from command line to 'None'
[0.398s] Level 5:colcon.colcon_core.verb:set package 'bumperbot_firmware' build argument 'catkin_skip_building_tests' from command line to 'False'
[0.398s] DEBUG:colcon.colcon_core.verb:Building package 'bumperbot_firmware' with the following arguments: {'ament_cmake_args': None, 'build_base': '/home/eeiww/ud90uhak/bumperbot_ws/src/build/bumperbot_firmware', 'catkin_cmake_args': None, 'catkin_skip_building_tests': False, 'cmake_args': None, 'cmake_clean_cache': False, 'cmake_clean_first': False, 'cmake_force_configure': False, 'cmake_target': None, 'cmake_target_skip_unavailable': False, 'install_base': '/home/eeiww/ud90uhak/bumperbot_ws/src/install/bumperbot_firmware', 'merge_install': False, 'path': '/home/eeiww/ud90uhak/bumperbot_ws/src/bumperbot_firmware', 'symlink_install': False, 'test_result_base': None}
[0.398s] Level 5:colcon.colcon_core.verb:set package 'bumperbot_localization' build argument 'cmake_args' from command line to 'None'
[0.398s] Level 5:colcon.colcon_core.verb:set package 'bumperbot_localization' build argument 'cmake_target' from command line to 'None'
[0.398s] Level 5:colcon.colcon_core.verb:set package 'bumperbot_localization' build argument 'cmake_target_skip_unavailable' from command line to 'False'
[0.398s] Level 5:colcon.colcon_core.verb:set package 'bumperbot_localization' build argument 'cmake_clean_cache' from command line to 'False'
[0.398s] Level 5:colcon.colcon_core.verb:set package 'bumperbot_localization' build argument 'cmake_clean_first' from command line to 'False'
[0.398s] Level 5:colcon.colcon_core.verb:set package 'bumperbot_localization' build argument 'cmake_force_configure' from command line to 'False'
[0.398s] Level 5:colcon.colcon_core.verb:set package 'bumperbot_localization' build argument 'ament_cmake_args' from command line to 'None'
[0.398s] Level 5:colcon.colcon_core.verb:set package 'bumperbot_localization' build argument 'catkin_cmake_args' from command line to 'None'
[0.398s] Level 5:colcon.colcon_core.verb:set package 'bumperbot_localization' build argument 'catkin_skip_building_tests' from command line to 'False'
[0.398s] DEBUG:colcon.colcon_core.verb:Building package 'bumperbot_localization' with the following arguments: {'ament_cmake_args': None, 'build_base': '/home/eeiww/ud90uhak/bumperbot_ws/src/build/bumperbot_localization', 'catkin_cmake_args': None, 'catkin_skip_building_tests': False, 'cmake_args': None, 'cmake_clean_cache': False, 'cmake_clean_first': False, 'cmake_force_configure': False, 'cmake_target': None, 'cmake_target_skip_unavailable': False, 'install_base': '/home/eeiww/ud90uhak/bumperbot_ws/src/install/bumperbot_localization', 'merge_install': False, 'path': '/home/eeiww/ud90uhak/bumperbot_ws/src/bumperbot_localization', 'symlink_install': False, 'test_result_base': None}
[0.399s] Level 5:colcon.colcon_core.verb:set package 'bumperbot_msgs' build argument 'cmake_args' from command line to 'None'
[0.399s] Level 5:colcon.colcon_core.verb:set package 'bumperbot_msgs' build argument 'cmake_target' from command line to 'None'
[0.399s] Level 5:colcon.colcon_core.verb:set package 'bumperbot_msgs' build argument 'cmake_target_skip_unavailable' from command line to 'False'
[0.399s] Level 5:colcon.colcon_core.verb:set package 'bumperbot_msgs' build argument 'cmake_clean_cache' from command line to 'False'
[0.399s] Level 5:colcon.colcon_core.verb:set package 'bumperbot_msgs' build argument 'cmake_clean_first' from command line to 'False'
[0.399s] Level 5:colcon.colcon_core.verb:set package 'bumperbot_msgs' build argument 'cmake_force_configure' from command line to 'False'
[0.399s] Level 5:colcon.colcon_core.verb:set package 'bumperbot_msgs' build argument 'ament_cmake_args' from command line to 'None'
[0.399s] Level 5:colcon.colcon_core.verb:set package 'bumperbot_msgs' build argument 'catkin_cmake_args' from command line to 'None'
[0.399s] Level 5:colcon.colcon_core.verb:set package 'bumperbot_msgs' build argument 'catkin_skip_building_tests' from command line to 'False'
[0.399s] DEBUG:colcon.colcon_core.verb:Building package 'bumperbot_msgs' with the following arguments: {'ament_cmake_args': None, 'build_base': '/home/eeiww/ud90uhak/bumperbot_ws/src/build/bumperbot_msgs', 'catkin_cmake_args': None, 'catkin_skip_building_tests': False, 'cmake_args': None, 'cmake_clean_cache': False, 'cmake_clean_first': False, 'cmake_force_configure': False, 'cmake_target': None, 'cmake_target_skip_unavailable': False, 'install_base': '/home/eeiww/ud90uhak/bumperbot_ws/src/install/bumperbot_msgs', 'merge_install': False, 'path': '/home/eeiww/ud90uhak/bumperbot_ws/src/bumperbot_msgs', 'symlink_install': False, 'test_result_base': None}
[0.399s] Level 5:colcon.colcon_core.verb:set package 'bumperbot_utils' build argument 'cmake_args' from command line to 'None'
[0.399s] Level 5:colcon.colcon_core.verb:set package 'bumperbot_utils' build argument 'cmake_target' from command line to 'None'
[0.399s] Level 5:colcon.colcon_core.verb:set package 'bumperbot_utils' build argument 'cmake_target_skip_unavailable' from command line to 'False'
[0.399s] Level 5:colcon.colcon_core.verb:set package 'bumperbot_utils' build argument 'cmake_clean_cache' from command line to 'False'
[0.399s] Level 5:colcon.colcon_core.verb:set package 'bumperbot_utils' build argument 'cmake_clean_first' from command line to 'False'
[0.399s] Level 5:colcon.colcon_core.verb:set package 'bumperbot_utils' build argument 'cmake_force_configure' from command line to 'False'
[0.399s] Level 5:colcon.colcon_core.verb:set package 'bumperbot_utils' build argument 'ament_cmake_args' from command line to 'None'
[0.399s] Level 5:colcon.colcon_core.verb:set package 'bumperbot_utils' build argument 'catkin_cmake_args' from command line to 'None'
[0.399s] Level 5:colcon.colcon_core.verb:set package 'bumperbot_utils' build argument 'catkin_skip_building_tests' from command line to 'False'
[0.399s] DEBUG:colcon.colcon_core.verb:Building package 'bumperbot_utils' with the following arguments: {'ament_cmake_args': None, 'build_base': '/home/eeiww/ud90uhak/bumperbot_ws/src/build/bumperbot_utils', 'catkin_cmake_args': None, 'catkin_skip_building_tests': False, 'cmake_args': None, 'cmake_clean_cache': False, 'cmake_clean_first': False, 'cmake_force_configure': False, 'cmake_target': None, 'cmake_target_skip_unavailable': False, 'install_base': '/home/eeiww/ud90uhak/bumperbot_ws/src/install/bumperbot_utils', 'merge_install': False, 'path': '/home/eeiww/ud90uhak/bumperbot_ws/src/bumperbot_utils', 'symlink_install': False, 'test_result_base': None}
[0.399s] Level 5:colcon.colcon_core.verb:set package 'bumperbot_cpp_examples' build argument 'cmake_args' from command line to 'None'
[0.399s] Level 5:colcon.colcon_core.verb:set package 'bumperbot_cpp_examples' build argument 'cmake_target' from command line to 'None'
[0.399s] Level 5:colcon.colcon_core.verb:set package 'bumperbot_cpp_examples' build argument 'cmake_target_skip_unavailable' from command line to 'False'
[0.399s] Level 5:colcon.colcon_core.verb:set package 'bumperbot_cpp_examples' build argument 'cmake_clean_cache' from command line to 'False'
[0.399s] Level 5:colcon.colcon_core.verb:set package 'bumperbot_cpp_examples' build argument 'cmake_clean_first' from command line to 'False'
[0.399s] Level 5:colcon.colcon_core.verb:set package 'bumperbot_cpp_examples' build argument 'cmake_force_configure' from command line to 'False'
[0.399s] Level 5:colcon.colcon_core.verb:set package 'bumperbot_cpp_examples' build argument 'ament_cmake_args' from command line to 'None'
[0.399s] Level 5:colcon.colcon_core.verb:set package 'bumperbot_cpp_examples' build argument 'catkin_cmake_args' from command line to 'None'
[0.399s] Level 5:colcon.colcon_core.verb:set package 'bumperbot_cpp_examples' build argument 'catkin_skip_building_tests' from command line to 'False'
[0.399s] DEBUG:colcon.colcon_core.verb:Building package 'bumperbot_cpp_examples' with the following arguments: {'ament_cmake_args': None, 'build_base': '/home/eeiww/ud90uhak/bumperbot_ws/src/build/bumperbot_cpp_examples', 'catkin_cmake_args': None, 'catkin_skip_building_tests': False, 'cmake_args': None, 'cmake_clean_cache': False, 'cmake_clean_first': False, 'cmake_force_configure': False, 'cmake_target': None, 'cmake_target_skip_unavailable': False, 'install_base': '/home/eeiww/ud90uhak/bumperbot_ws/src/install/bumperbot_cpp_examples', 'merge_install': False, 'path': '/home/eeiww/ud90uhak/bumperbot_ws/src/bumperbot_cpp_examples', 'symlink_install': False, 'test_result_base': None}
[0.400s] Level 5:colcon.colcon_core.verb:set package 'bumperbot_py_examples' build argument 'cmake_args' from command line to 'None'
[0.400s] Level 5:colcon.colcon_core.verb:set package 'bumperbot_py_examples' build argument 'cmake_target' from command line to 'None'
[0.400s] Level 5:colcon.colcon_core.verb:set package 'bumperbot_py_examples' build argument 'cmake_target_skip_unavailable' from command line to 'False'
[0.400s] Level 5:colcon.colcon_core.verb:set package 'bumperbot_py_examples' build argument 'cmake_clean_cache' from command line to 'False'
[0.400s] Level 5:colcon.colcon_core.verb:set package 'bumperbot_py_examples' build argument 'cmake_clean_first' from command line to 'False'
[0.400s] Level 5:colcon.colcon_core.verb:set package 'bumperbot_py_examples' build argument 'cmake_force_configure' from command line to 'False'
[0.400s] Level 5:colcon.colcon_core.verb:set package 'bumperbot_py_examples' build argument 'ament_cmake_args' from command line to 'None'
[0.400s] Level 5:colcon.colcon_core.verb:set package 'bumperbot_py_examples' build argument 'catkin_cmake_args' from command line to 'None'
[0.400s] Level 5:colcon.colcon_core.verb:set package 'bumperbot_py_examples' build argument 'catkin_skip_building_tests' from command line to 'False'
[0.400s] DEBUG:colcon.colcon_core.verb:Building package 'bumperbot_py_examples' with the following arguments: {'ament_cmake_args': None, 'build_base': '/home/eeiww/ud90uhak/bumperbot_ws/src/build/bumperbot_py_examples', 'catkin_cmake_args': None, 'catkin_skip_building_tests': False, 'cmake_args': None, 'cmake_clean_cache': False, 'cmake_clean_first': False, 'cmake_force_configure': False, 'cmake_target': None, 'cmake_target_skip_unavailable': False, 'install_base': '/home/eeiww/ud90uhak/bumperbot_ws/src/install/bumperbot_py_examples', 'merge_install': False, 'path': '/home/eeiww/ud90uhak/bumperbot_ws/src/bumperbot_py_examples', 'symlink_install': False, 'test_result_base': None}
[0.400s] INFO:colcon.colcon_core.executor:Executing jobs using 'parallel' executor
[0.400s] DEBUG:colcon.colcon_parallel_executor.executor.parallel:run_until_complete
[0.401s] INFO:colcon.colcon_ros.task.ament_cmake.build:Building ROS package in '/home/eeiww/ud90uhak/bumperbot_ws/src/bumperbot_msgs' with build type 'ament_cmake'
[0.401s] INFO:colcon.colcon_cmake.task.cmake.build:Building CMake package in '/home/eeiww/ud90uhak/bumperbot_ws/src/bumperbot_msgs'
[0.402s] INFO:colcon.colcon_core.plugin_system:Skipping extension 'colcon_core.shell.bat': Not used on non-Windows systems
[0.402s] INFO:colcon.colcon_core.shell:Skip shell extension 'powershell' for command environment: Not usable outside of PowerShell
[0.403s] DEBUG:colcon.colcon_core.shell:Skip shell extension 'dsv' for command environment
[0.411s] INFO:colcon.colcon_ros.task.ament_cmake.build:Building ROS package in '/home/eeiww/ud90uhak/bumperbot_ws/src/bumperbot_bringup' with build type 'ament_cmake'
[0.411s] INFO:colcon.colcon_cmake.task.cmake.build:Building CMake package in '/home/eeiww/ud90uhak/bumperbot_ws/src/bumperbot_bringup'
[0.412s] INFO:colcon.colcon_core.shell:Skip shell extension 'powershell' for command environment: Not usable outside of PowerShell
[0.412s] DEBUG:colcon.colcon_core.shell:Skip shell extension 'dsv' for command environment
[0.420s] INFO:colcon.colcon_ros.task.ament_cmake.build:Building ROS package in '/home/eeiww/ud90uhak/bumperbot_ws/src/bumperbot_controller' with build type 'ament_cmake'
[0.420s] INFO:colcon.colcon_cmake.task.cmake.build:Building CMake package in '/home/eeiww/ud90uhak/bumperbot_ws/src/bumperbot_controller'
[0.420s] INFO:colcon.colcon_core.shell:Skip shell extension 'powershell' for command environment: Not usable outside of PowerShell
[0.420s] DEBUG:colcon.colcon_core.shell:Skip shell extension 'dsv' for command environment
[0.427s] INFO:colcon.colcon_ros.task.ament_cmake.build:Building ROS package in '/home/eeiww/ud90uhak/bumperbot_ws/src/bumperbot_description' with build type 'ament_cmake'
[0.428s] INFO:colcon.colcon_cmake.task.cmake.build:Building CMake package in '/home/eeiww/ud90uhak/bumperbot_ws/src/bumperbot_description'
[0.428s] INFO:colcon.colcon_core.shell:Skip shell extension 'powershell' for command environment: Not usable outside of PowerShell
[0.428s] DEBUG:colcon.colcon_core.shell:Skip shell extension 'dsv' for command environment
[0.435s] INFO:colcon.colcon_ros.task.ament_cmake.build:Building ROS package in '/home/eeiww/ud90uhak/bumperbot_ws/src/bumperbot_firmware' with build type 'ament_cmake'
[0.435s] INFO:colcon.colcon_cmake.task.cmake.build:Building CMake package in '/home/eeiww/ud90uhak/bumperbot_ws/src/bumperbot_firmware'
[0.435s] INFO:colcon.colcon_core.shell:Skip shell extension 'powershell' for command environment: Not usable outside of PowerShell
[0.435s] DEBUG:colcon.colcon_core.shell:Skip shell extension 'dsv' for command environment
[0.442s] INFO:colcon.colcon_ros.task.ament_cmake.build:Building ROS package in '/home/eeiww/ud90uhak/bumperbot_ws/src/bumperbot_localization' with build type 'ament_cmake'
[0.442s] INFO:colcon.colcon_cmake.task.cmake.build:Building CMake package in '/home/eeiww/ud90uhak/bumperbot_ws/src/bumperbot_localization'
[0.442s] INFO:colcon.colcon_core.shell:Skip shell extension 'powershell' for command environment: Not usable outside of PowerShell
[0.443s] DEBUG:colcon.colcon_core.shell:Skip shell extension 'dsv' for command environment
[0.449s] INFO:colcon.colcon_ros.task.ament_cmake.build:Building ROS package in '/home/eeiww/ud90uhak/bumperbot_ws/src/bumperbot_utils' with build type 'ament_cmake'
[0.450s] INFO:colcon.colcon_cmake.task.cmake.build:Building CMake package in '/home/eeiww/ud90uhak/bumperbot_ws/src/bumperbot_utils'
[0.450s] INFO:colcon.colcon_core.shell:Skip shell extension 'powershell' for command environment: Not usable outside of PowerShell
[0.450s] DEBUG:colcon.colcon_core.shell:Skip shell extension 'dsv' for command environment
[0.483s] DEBUG:colcon.colcon_core.event_handler.log_command:Invoking command in '/home/eeiww/ud90uhak/bumperbot_ws/src/build/bumperbot_msgs': CMAKE_PREFIX_PATH=${CMAKE_PREFIX_PATH}:/opt/ros/jazzy DEBUGINFOD_URLS=https://debuginfod.ubuntu.com /usr/bin/cmake --build /home/eeiww/ud90uhak/bumperbot_ws/src/build/bumperbot_msgs -- -j8 -l8
[0.505s] DEBUG:colcon.colcon_core.event_handler.log_command:Invoking command in '/home/eeiww/ud90uhak/bumperbot_ws/src/build/bumperbot_bringup': CMAKE_PREFIX_PATH=${CMAKE_PREFIX_PATH}:/opt/ros/jazzy DEBUGINFOD_URLS=https://debuginfod.ubuntu.com /usr/bin/cmake --build /home/eeiww/ud90uhak/bumperbot_ws/src/build/bumperbot_bringup -- -j8 -l8
[0.519s] DEBUG:colcon.colcon_core.event_handler.log_command:Invoking command in '/home/eeiww/ud90uhak/bumperbot_ws/src/build/bumperbot_controller': CMAKE_PREFIX_PATH=${CMAKE_PREFIX_PATH}:/opt/ros/jazzy DEBUGINFOD_URLS=https://debuginfod.ubuntu.com /usr/bin/cmake --build /home/eeiww/ud90uhak/bumperbot_ws/src/build/bumperbot_controller -- -j8 -l8
[0.533s] DEBUG:colcon.colcon_core.event_handler.log_command:Invoking command in '/home/eeiww/ud90uhak/bumperbot_ws/src/build/bumperbot_description': CMAKE_PREFIX_PATH=${CMAKE_PREFIX_PATH}:/opt/ros/jazzy DEBUGINFOD_URLS=https://debuginfod.ubuntu.com /usr/bin/cmake --build /home/eeiww/ud90uhak/bumperbot_ws/src/build/bumperbot_description -- -j8 -l8
[0.552s] DEBUG:colcon.colcon_core.event_handler.log_command:Invoking command in '/home/eeiww/ud90uhak/bumperbot_ws/src/build/bumperbot_firmware': CMAKE_PREFIX_PATH=${CMAKE_PREFIX_PATH}:/opt/ros/jazzy DEBUGINFOD_URLS=https://debuginfod.ubuntu.com /usr/bin/cmake --build /home/eeiww/ud90uhak/bumperbot_ws/src/build/bumperbot_firmware -- -j8 -l8
[0.577s] DEBUG:colcon.colcon_core.event_handler.log_command:Invoking command in '/home/eeiww/ud90uhak/bumperbot_ws/src/build/bumperbot_localization': CMAKE_PREFIX_PATH=${CMAKE_PREFIX_PATH}:/opt/ros/jazzy DEBUGINFOD_URLS=https://debuginfod.ubuntu.com /usr/bin/cmake --build /home/eeiww/ud90uhak/bumperbot_ws/src/build/bumperbot_localization -- -j8 -l8
[0.579s] DEBUG:colcon.colcon_core.event_handler.log_command:Invoked command in '/home/eeiww/ud90uhak/bumperbot_ws/src/build/bumperbot_bringup' returned '0': CMAKE_PREFIX_PATH=${CMAKE_PREFIX_PATH}:/opt/ros/jazzy DEBUGINFOD_URLS=https://debuginfod.ubuntu.com /usr/bin/cmake --build /home/eeiww/ud90uhak/bumperbot_ws/src/build/bumperbot_bringup -- -j8 -l8
[0.597s] DEBUG:colcon.colcon_core.event_handler.log_command:Invoking command in '/home/eeiww/ud90uhak/bumperbot_ws/src/build/bumperbot_bringup': CMAKE_PREFIX_PATH=${CMAKE_PREFIX_PATH}:/opt/ros/jazzy DEBUGINFOD_URLS=https://debuginfod.ubuntu.com /usr/bin/cmake --install /home/eeiww/ud90uhak/bumperbot_ws/src/build/bumperbot_bringup
[0.632s] DEBUG:colcon.colcon_core.event_handler.log_command:Invoking command in '/home/eeiww/ud90uhak/bumperbot_ws/src/build/bumperbot_utils': CMAKE_PREFIX_PATH=${CMAKE_PREFIX_PATH}:/opt/ros/jazzy DEBUGINFOD_URLS=https://debuginfod.ubuntu.com /usr/bin/cmake --build /home/eeiww/ud90uhak/bumperbot_ws/src/build/bumperbot_utils -- -j8 -l8
[0.633s] DEBUG:colcon.colcon_core.event_handler.log_command:Invoked command in '/home/eeiww/ud90uhak/bumperbot_ws/src/build/bumperbot_description' returned '0': CMAKE_PREFIX_PATH=${CMAKE_PREFIX_PATH}:/opt/ros/jazzy DEBUGINFOD_URLS=https://debuginfod.ubuntu.com /usr/bin/cmake --build /home/eeiww/ud90uhak/bumperbot_ws/src/build/bumperbot_description -- -j8 -l8
[0.657s] DEBUG:colcon.colcon_core.event_handler.log_command:Invoking command in '/home/eeiww/ud90uhak/bumperbot_ws/src/build/bumperbot_description': CMAKE_PREFIX_PATH=${CMAKE_PREFIX_PATH}:/opt/ros/jazzy DEBUGINFOD_URLS=https://debuginfod.ubuntu.com /usr/bin/cmake --install /home/eeiww/ud90uhak/bumperbot_ws/src/build/bumperbot_description
[0.663s] Level 1:colcon.colcon_core.environment:create_environment_scripts_only(bumperbot_bringup)
[0.663s] DEBUG:colcon.colcon_core.event_handler.log_command:Invoked command in '/home/eeiww/ud90uhak/bumperbot_ws/src/build/bumperbot_bringup' returned '0': CMAKE_PREFIX_PATH=${CMAKE_PREFIX_PATH}:/opt/ros/jazzy DEBUGINFOD_URLS=https://debuginfod.ubuntu.com /usr/bin/cmake --install /home/eeiww/ud90uhak/bumperbot_ws/src/build/bumperbot_bringup
[0.665s] Level 1:colcon.colcon_core.environment:checking '/home/eeiww/ud90uhak/bumperbot_ws/src/install/bumperbot_bringup' for CMake module files
[0.673s] Level 1:colcon.colcon_core.environment:checking '/home/eeiww/ud90uhak/bumperbot_ws/src/install/bumperbot_bringup' for CMake config files
[0.676s] Level 1:colcon.colcon_core.shell:create_environment_hook('bumperbot_bringup', 'cmake_prefix_path')
[0.676s] INFO:colcon.colcon_core.shell:Creating environment hook '/home/eeiww/ud90uhak/bumperbot_ws/src/install/bumperbot_bringup/share/bumperbot_bringup/hook/cmake_prefix_path.ps1'
[0.679s] INFO:colcon.colcon_core.shell:Creating environment descriptor '/home/eeiww/ud90uhak/bumperbot_ws/src/install/bumperbot_bringup/share/bumperbot_bringup/hook/cmake_prefix_path.dsv'
[0.681s] INFO:colcon.colcon_core.shell:Creating environment hook '/home/eeiww/ud90uhak/bumperbot_ws/src/install/bumperbot_bringup/share/bumperbot_bringup/hook/cmake_prefix_path.sh'
[0.686s] Level 1:colcon.colcon_core.environment:checking '/home/eeiww/ud90uhak/bumperbot_ws/src/install/bumperbot_bringup/bin'
[0.686s] Level 1:colcon.colcon_core.environment:checking '/home/eeiww/ud90uhak/bumperbot_ws/src/install/bumperbot_bringup/lib/pkgconfig/bumperbot_bringup.pc'
[0.687s] Level 1:colcon.colcon_core.environment:checking '/home/eeiww/ud90uhak/bumperbot_ws/src/install/bumperbot_bringup/lib/python3.12/site-packages'
[0.687s] Level 1:colcon.colcon_core.environment:checking '/home/eeiww/ud90uhak/bumperbot_ws/src/install/bumperbot_bringup/bin'
[0.687s] INFO:colcon.colcon_core.shell:Creating package script '/home/eeiww/ud90uhak/bumperbot_ws/src/install/bumperbot_bringup/share/bumperbot_bringup/package.ps1'
[0.691s] INFO:colcon.colcon_core.shell:Creating package descriptor '/home/eeiww/ud90uhak/bumperbot_ws/src/install/bumperbot_bringup/share/bumperbot_bringup/package.dsv'
[0.695s] INFO:colcon.colcon_core.shell:Creating package script '/home/eeiww/ud90uhak/bumperbot_ws/src/install/bumperbot_bringup/share/bumperbot_bringup/package.sh'
[0.698s] INFO:colcon.colcon_core.shell:Creating package script '/home/eeiww/ud90uhak/bumperbot_ws/src/install/bumperbot_bringup/share/bumperbot_bringup/package.bash'
[0.701s] INFO:colcon.colcon_core.shell:Creating package script '/home/eeiww/ud90uhak/bumperbot_ws/src/install/bumperbot_bringup/share/bumperbot_bringup/package.zsh'
[0.705s] Level 1:colcon.colcon_core.environment:create_file_with_runtime_dependencies(/home/eeiww/ud90uhak/bumperbot_ws/src/install/bumperbot_bringup/share/colcon-core/packages/bumperbot_bringup)
[0.710s] Level 1:colcon.colcon_core.environment:create_environment_scripts_only(bumperbot_bringup)
[0.710s] Level 1:colcon.colcon_core.environment:checking '/home/eeiww/ud90uhak/bumperbot_ws/src/install/bumperbot_bringup' for CMake module files
[0.711s] Level 1:colcon.colcon_core.environment:checking '/home/eeiww/ud90uhak/bumperbot_ws/src/install/bumperbot_bringup' for CMake config files
[0.713s] Level 1:colcon.colcon_core.shell:create_environment_hook('bumperbot_bringup', 'cmake_prefix_path')
[0.713s] INFO:colcon.colcon_core.shell:Creating environment hook '/home/eeiww/ud90uhak/bumperbot_ws/src/install/bumperbot_bringup/share/bumperbot_bringup/hook/cmake_prefix_path.ps1'
[0.715s] INFO:colcon.colcon_core.shell:Creating environment descriptor '/home/eeiww/ud90uhak/bumperbot_ws/src/install/bumperbot_bringup/share/bumperbot_bringup/hook/cmake_prefix_path.dsv'
[0.718s] INFO:colcon.colcon_core.shell:Creating environment hook '/home/eeiww/ud90uhak/bumperbot_ws/src/install/bumperbot_bringup/share/bumperbot_bringup/hook/cmake_prefix_path.sh'
[0.720s] Level 1:colcon.colcon_core.environment:checking '/home/eeiww/ud90uhak/bumperbot_ws/src/install/bumperbot_bringup/bin'
[0.720s] Level 1:colcon.colcon_core.environment:checking '/home/eeiww/ud90uhak/bumperbot_ws/src/install/bumperbot_bringup/lib/pkgconfig/bumperbot_bringup.pc'
[0.721s] Level 1:colcon.colcon_core.environment:checking '/home/eeiww/ud90uhak/bumperbot_ws/src/install/bumperbot_bringup/lib/python3.12/site-packages'
[0.721s] Level 1:colcon.colcon_core.environment:checking '/home/eeiww/ud90uhak/bumperbot_ws/src/install/bumperbot_bringup/bin'
[0.721s] INFO:colcon.colcon_core.shell:Creating package script '/home/eeiww/ud90uhak/bumperbot_ws/src/install/bumperbot_bringup/share/bumperbot_bringup/package.ps1'
[0.726s] INFO:colcon.colcon_core.shell:Creating package descriptor '/home/eeiww/ud90uhak/bumperbot_ws/src/install/bumperbot_bringup/share/bumperbot_bringup/package.dsv'
[0.729s] INFO:colcon.colcon_core.shell:Creating package script '/home/eeiww/ud90uhak/bumperbot_ws/src/install/bumperbot_bringup/share/bumperbot_bringup/package.sh'
[0.739s] INFO:colcon.colcon_core.shell:Creating package script '/home/eeiww/ud90uhak/bumperbot_ws/src/install/bumperbot_bringup/share/bumperbot_bringup/package.bash'
[0.743s] INFO:colcon.colcon_core.shell:Creating package script '/home/eeiww/ud90uhak/bumperbot_ws/src/install/bumperbot_bringup/share/bumperbot_bringup/package.zsh'
[0.751s] Level 1:colcon.colcon_core.environment:create_file_with_runtime_dependencies(/home/eeiww/ud90uhak/bumperbot_ws/src/install/bumperbot_bringup/share/colcon-core/packages/bumperbot_bringup)
[1.209s] DEBUG:colcon.colcon_core.event_handler.log_command:Invoked command in '/home/eeiww/ud90uhak/bumperbot_ws/src/build/bumperbot_firmware' returned '0': CMAKE_PREFIX_PATH=${CMAKE_PREFIX_PATH}:/opt/ros/jazzy DEBUGINFOD_URLS=https://debuginfod.ubuntu.com /usr/bin/cmake --build /home/eeiww/ud90uhak/bumperbot_ws/src/build/bumperbot_firmware -- -j8 -l8
[1.216s] DEBUG:colcon.colcon_core.event_handler.log_command:Invoking command in '/home/eeiww/ud90uhak/bumperbot_ws/src/build/bumperbot_firmware': CMAKE_PREFIX_PATH=${CMAKE_PREFIX_PATH}:/opt/ros/jazzy DEBUGINFOD_URLS=https://debuginfod.ubuntu.com /usr/bin/cmake --install /home/eeiww/ud90uhak/bumperbot_ws/src/build/bumperbot_firmware
[1.317s] DEBUG:colcon.colcon_core.event_handler.log_command:Invoked command in '/home/eeiww/ud90uhak/bumperbot_ws/src/build/bumperbot_controller' returned '0': CMAKE_PREFIX_PATH=${CMAKE_PREFIX_PATH}:/opt/ros/jazzy DEBUGINFOD_URLS=https://debuginfod.ubuntu.com /usr/bin/cmake --build /home/eeiww/ud90uhak/bumperbot_ws/src/build/bumperbot_controller -- -j8 -l8
[1.337s] DEBUG:colcon.colcon_core.event_handler.log_command:Invoking command in '/home/eeiww/ud90uhak/bumperbot_ws/src/build/bumperbot_controller': CMAKE_PREFIX_PATH=${CMAKE_PREFIX_PATH}:/opt/ros/jazzy DEBUGINFOD_URLS=https://debuginfod.ubuntu.com /usr/bin/cmake --install /home/eeiww/ud90uhak/bumperbot_ws/src/build/bumperbot_controller
[1.350s] DEBUG:colcon.colcon_core.event_handler.log_command:Invoked command in '/home/eeiww/ud90uhak/bumperbot_ws/src/build/bumperbot_msgs' returned '0': CMAKE_PREFIX_PATH=${CMAKE_PREFIX_PATH}:/opt/ros/jazzy DEBUGINFOD_URLS=https://debuginfod.ubuntu.com /usr/bin/cmake --build /home/eeiww/ud90uhak/bumperbot_ws/src/build/bumperbot_msgs -- -j8 -l8
[1.358s] DEBUG:colcon.colcon_core.event_handler.log_command:Invoking command in '/home/eeiww/ud90uhak/bumperbot_ws/src/build/bumperbot_msgs': CMAKE_PREFIX_PATH=${CMAKE_PREFIX_PATH}:/opt/ros/jazzy DEBUGINFOD_URLS=https://debuginfod.ubuntu.com /usr/bin/cmake --install /home/eeiww/ud90uhak/bumperbot_ws/src/build/bumperbot_msgs
[1.364s] DEBUG:colcon.colcon_core.event_handler.log_command:Invoked command in '/home/eeiww/ud90uhak/bumperbot_ws/src/build/bumperbot_localization' returned '0': CMAKE_PREFIX_PATH=${CMAKE_PREFIX_PATH}:/opt/ros/jazzy DEBUGINFOD_URLS=https://debuginfod.ubuntu.com /usr/bin/cmake --build /home/eeiww/ud90uhak/bumperbot_ws/src/build/bumperbot_localization -- -j8 -l8
[1.389s] DEBUG:colcon.colcon_core.event_handler.log_command:Invoking command in '/home/eeiww/ud90uhak/bumperbot_ws/src/build/bumperbot_localization': CMAKE_PREFIX_PATH=${CMAKE_PREFIX_PATH}:/opt/ros/jazzy DEBUGINFOD_URLS=https://debuginfod.ubuntu.com /usr/bin/cmake --install /home/eeiww/ud90uhak/bumperbot_ws/src/build/bumperbot_localization
[1.399s] DEBUG:colcon.colcon_core.event_handler.log_command:Invoked command in '/home/eeiww/ud90uhak/bumperbot_ws/src/build/bumperbot_utils' returned '0': CMAKE_PREFIX_PATH=${CMAKE_PREFIX_PATH}:/opt/ros/jazzy DEBUGINFOD_URLS=https://debuginfod.ubuntu.com /usr/bin/cmake --build /home/eeiww/ud90uhak/bumperbot_ws/src/build/bumperbot_utils -- -j8 -l8
[1.406s] DEBUG:colcon.colcon_core.event_handler.log_command:Invoking command in '/home/eeiww/ud90uhak/bumperbot_ws/src/build/bumperbot_utils': CMAKE_PREFIX_PATH=${CMAKE_PREFIX_PATH}:/opt/ros/jazzy DEBUGINFOD_URLS=https://debuginfod.ubuntu.com /usr/bin/cmake --install /home/eeiww/ud90uhak/bumperbot_ws/src/build/bumperbot_utils
[1.426s] Level 1:colcon.colcon_core.environment:create_environment_scripts_only(bumperbot_firmware)
[1.426s] Level 1:colcon.colcon_core.environment:checking '/home/eeiww/ud90uhak/bumperbot_ws/src/install/bumperbot_firmware' for CMake module files
[1.427s] DEBUG:colcon.colcon_core.event_handler.log_command:Invoked command in '/home/eeiww/ud90uhak/bumperbot_ws/src/build/bumperbot_firmware' returned '0': CMAKE_PREFIX_PATH=${CMAKE_PREFIX_PATH}:/opt/ros/jazzy DEBUGINFOD_URLS=https://debuginfod.ubuntu.com /usr/bin/cmake --install /home/eeiww/ud90uhak/bumperbot_ws/src/build/bumperbot_firmware
[1.433s] Level 1:colcon.colcon_core.environment:checking '/home/eeiww/ud90uhak/bumperbot_ws/src/install/bumperbot_firmware' for CMake config files
[1.436s] Level 1:colcon.colcon_core.shell:create_environment_hook('bumperbot_firmware', 'cmake_prefix_path')
[1.436s] INFO:colcon.colcon_core.shell:Creating environment hook '/home/eeiww/ud90uhak/bumperbot_ws/src/install/bumperbot_firmware/share/bumperbot_firmware/hook/cmake_prefix_path.ps1'
[1.439s] INFO:colcon.colcon_core.shell:Creating environment descriptor '/home/eeiww/ud90uhak/bumperbot_ws/src/install/bumperbot_firmware/share/bumperbot_firmware/hook/cmake_prefix_path.dsv'
[1.441s] INFO:colcon.colcon_core.shell:Creating environment hook '/home/eeiww/ud90uhak/bumperbot_ws/src/install/bumperbot_firmware/share/bumperbot_firmware/hook/cmake_prefix_path.sh'
[1.444s] Level 1:colcon.colcon_core.environment:checking '/home/eeiww/ud90uhak/bumperbot_ws/src/install/bumperbot_firmware/lib'
[1.446s] Level 1:colcon.colcon_core.shell:create_environment_hook('bumperbot_firmware', 'ld_library_path_lib')
[1.446s] INFO:colcon.colcon_core.shell:Creating environment hook '/home/eeiww/ud90uhak/bumperbot_ws/src/install/bumperbot_firmware/share/bumperbot_firmware/hook/ld_library_path_lib.ps1'
[1.449s] INFO:colcon.colcon_core.shell:Creating environment descriptor '/home/eeiww/ud90uhak/bumperbot_ws/src/install/bumperbot_firmware/share/bumperbot_firmware/hook/ld_library_path_lib.dsv'
[1.452s] INFO:colcon.colcon_core.shell:Creating environment hook '/home/eeiww/ud90uhak/bumperbot_ws/src/install/bumperbot_firmware/share/bumperbot_firmware/hook/ld_library_path_lib.sh'
[1.454s] Level 1:colcon.colcon_core.environment:checking '/home/eeiww/ud90uhak/bumperbot_ws/src/install/bumperbot_firmware/bin'
[1.455s] Level 1:colcon.colcon_core.environment:checking '/home/eeiww/ud90uhak/bumperbot_ws/src/install/bumperbot_firmware/lib/pkgconfig/bumperbot_firmware.pc'
[1.455s] Level 1:colcon.colcon_core.environment:checking '/home/eeiww/ud90uhak/bumperbot_ws/src/install/bumperbot_firmware/lib/python3.12/site-packages'
[1.455s] Level 1:colcon.colcon_core.shell:create_environment_hook('bumperbot_firmware', 'pythonpath')
[1.456s] INFO:colcon.colcon_core.shell:Creating environment hook '/home/eeiww/ud90uhak/bumperbot_ws/src/install/bumperbot_firmware/share/bumperbot_firmware/hook/pythonpath.ps1'
[1.458s] INFO:colcon.colcon_core.shell:Creating environment descriptor '/home/eeiww/ud90uhak/bumperbot_ws/src/install/bumperbot_firmware/share/bumperbot_firmware/hook/pythonpath.dsv'
[1.460s] INFO:colcon.colcon_core.shell:Creating environment hook '/home/eeiww/ud90uhak/bumperbot_ws/src/install/bumperbot_firmware/share/bumperbot_firmware/hook/pythonpath.sh'
[1.463s] Level 1:colcon.colcon_core.environment:checking '/home/eeiww/ud90uhak/bumperbot_ws/src/install/bumperbot_firmware/bin'
[1.464s] INFO:colcon.colcon_core.shell:Creating package script '/home/eeiww/ud90uhak/bumperbot_ws/src/install/bumperbot_firmware/share/bumperbot_firmware/package.ps1'
[1.466s] INFO:colcon.colcon_core.shell:Creating package descriptor '/home/eeiww/ud90uhak/bumperbot_ws/src/install/bumperbot_firmware/share/bumperbot_firmware/package.dsv'
[1.469s] INFO:colcon.colcon_core.shell:Creating package script '/home/eeiww/ud90uhak/bumperbot_ws/src/install/bumperbot_firmware/share/bumperbot_firmware/package.sh'
[1.471s] INFO:colcon.colcon_core.shell:Creating package script '/home/eeiww/ud90uhak/bumperbot_ws/src/install/bumperbot_firmware/share/bumperbot_firmware/package.bash'
[1.474s] INFO:colcon.colcon_core.shell:Creating package script '/home/eeiww/ud90uhak/bumperbot_ws/src/install/bumperbot_firmware/share/bumperbot_firmware/package.zsh'
[1.476s] Level 1:colcon.colcon_core.environment:create_file_with_runtime_dependencies(/home/eeiww/ud90uhak/bumperbot_ws/src/install/bumperbot_firmware/share/colcon-core/packages/bumperbot_firmware)
[1.481s] Level 1:colcon.colcon_core.environment:create_environment_scripts_only(bumperbot_firmware)
[1.481s] Level 1:colcon.colcon_core.environment:checking '/home/eeiww/ud90uhak/bumperbot_ws/src/install/bumperbot_firmware' for CMake module files
[1.483s] Level 1:colcon.colcon_core.environment:checking '/home/eeiww/ud90uhak/bumperbot_ws/src/install/bumperbot_firmware' for CMake config files
[1.485s] Level 1:colcon.colcon_core.shell:create_environment_hook('bumperbot_firmware', 'cmake_prefix_path')
[1.485s] INFO:colcon.colcon_core.shell:Creating environment hook '/home/eeiww/ud90uhak/bumperbot_ws/src/install/bumperbot_firmware/share/bumperbot_firmware/hook/cmake_prefix_path.ps1'
[1.488s] INFO:colcon.colcon_core.shell:Creating environment descriptor '/home/eeiww/ud90uhak/bumperbot_ws/src/install/bumperbot_firmware/share/bumperbot_firmware/hook/cmake_prefix_path.dsv'
[1.490s] INFO:colcon.colcon_core.shell:Creating environment hook '/home/eeiww/ud90uhak/bumperbot_ws/src/install/bumperbot_firmware/share/bumperbot_firmware/hook/cmake_prefix_path.sh'
[1.493s] Level 1:colcon.colcon_core.environment:checking '/home/eeiww/ud90uhak/bumperbot_ws/src/install/bumperbot_firmware/lib'
[1.494s] Level 1:colcon.colcon_core.shell:create_environment_hook('bumperbot_firmware', 'ld_library_path_lib')
[1.494s] INFO:colcon.colcon_core.shell:Creating environment hook '/home/eeiww/ud90uhak/bumperbot_ws/src/install/bumperbot_firmware/share/bumperbot_firmware/hook/ld_library_path_lib.ps1'
[1.496s] INFO:colcon.colcon_core.shell:Creating environment descriptor '/home/eeiww/ud90uhak/bumperbot_ws/src/install/bumperbot_firmware/share/bumperbot_firmware/hook/ld_library_path_lib.dsv'
[1.499s] INFO:colcon.colcon_core.shell:Creating environment hook '/home/eeiww/ud90uhak/bumperbot_ws/src/install/bumperbot_firmware/share/bumperbot_firmware/hook/ld_library_path_lib.sh'
[1.501s] Level 1:colcon.colcon_core.environment:checking '/home/eeiww/ud90uhak/bumperbot_ws/src/install/bumperbot_firmware/bin'
[1.501s] Level 1:colcon.colcon_core.environment:checking '/home/eeiww/ud90uhak/bumperbot_ws/src/install/bumperbot_firmware/lib/pkgconfig/bumperbot_firmware.pc'
[1.501s] Level 1:colcon.colcon_core.environment:checking '/home/eeiww/ud90uhak/bumperbot_ws/src/install/bumperbot_firmware/lib/python3.12/site-packages'
[1.501s] Level 1:colcon.colcon_core.shell:create_environment_hook('bumperbot_firmware', 'pythonpath')
[1.502s] INFO:colcon.colcon_core.shell:Creating environment hook '/home/eeiww/ud90uhak/bumperbot_ws/src/install/bumperbot_firmware/share/bumperbot_firmware/hook/pythonpath.ps1'
[1.504s] INFO:colcon.colcon_core.shell:Creating environment descriptor '/home/eeiww/ud90uhak/bumperbot_ws/src/install/bumperbot_firmware/share/bumperbot_firmware/hook/pythonpath.dsv'
[1.506s] INFO:colcon.colcon_core.shell:Creating environment hook '/home/eeiww/ud90uhak/bumperbot_ws/src/install/bumperbot_firmware/share/bumperbot_firmware/hook/pythonpath.sh'
[1.509s] Level 1:colcon.colcon_core.environment:checking '/home/eeiww/ud90uhak/bumperbot_ws/src/install/bumperbot_firmware/bin'
[1.509s] INFO:colcon.colcon_core.shell:Creating package script '/home/eeiww/ud90uhak/bumperbot_ws/src/install/bumperbot_firmware/share/bumperbot_firmware/package.ps1'
[1.512s] INFO:colcon.colcon_core.shell:Creating package descriptor '/home/eeiww/ud90uhak/bumperbot_ws/src/install/bumperbot_firmware/share/bumperbot_firmware/package.dsv'
[1.515s] INFO:colcon.colcon_core.shell:Creating package script '/home/eeiww/ud90uhak/bumperbot_ws/src/install/bumperbot_firmware/share/bumperbot_firmware/package.sh'
[1.517s] INFO:colcon.colcon_core.shell:Creating package script '/home/eeiww/ud90uhak/bumperbot_ws/src/install/bumperbot_firmware/share/bumperbot_firmware/package.bash'
[1.519s] INFO:colcon.colcon_core.shell:Creating package script '/home/eeiww/ud90uhak/bumperbot_ws/src/install/bumperbot_firmware/share/bumperbot_firmware/package.zsh'
[1.522s] Level 1:colcon.colcon_core.environment:create_file_with_runtime_dependencies(/home/eeiww/ud90uhak/bumperbot_ws/src/install/bumperbot_firmware/share/colcon-core/packages/bumperbot_firmware)
[1.545s] Level 1:colcon.colcon_core.environment:create_environment_scripts_only(bumperbot_controller)
[1.545s] Level 1:colcon.colcon_core.environment:checking '/home/eeiww/ud90uhak/bumperbot_ws/src/install/bumperbot_controller' for CMake module files
[1.546s] DEBUG:colcon.colcon_core.event_handler.log_command:Invoked command in '/home/eeiww/ud90uhak/bumperbot_ws/src/build/bumperbot_controller' returned '0': CMAKE_PREFIX_PATH=${CMAKE_PREFIX_PATH}:/opt/ros/jazzy DEBUGINFOD_URLS=https://debuginfod.ubuntu.com /usr/bin/cmake --install /home/eeiww/ud90uhak/bumperbot_ws/src/build/bumperbot_controller
[1.552s] Level 1:colcon.colcon_core.environment:checking '/home/eeiww/ud90uhak/bumperbot_ws/src/install/bumperbot_controller' for CMake config files
[1.561s] Level 1:colcon.colcon_core.shell:create_environment_hook('bumperbot_controller', 'cmake_prefix_path')
[1.561s] INFO:colcon.colcon_core.shell:Creating environment hook '/home/eeiww/ud90uhak/bumperbot_ws/src/install/bumperbot_controller/share/bumperbot_controller/hook/cmake_prefix_path.ps1'
[1.564s] INFO:colcon.colcon_core.shell:Creating environment descriptor '/home/eeiww/ud90uhak/bumperbot_ws/src/install/bumperbot_controller/share/bumperbot_controller/hook/cmake_prefix_path.dsv'
[1.567s] INFO:colcon.colcon_core.shell:Creating environment hook '/home/eeiww/ud90uhak/bumperbot_ws/src/install/bumperbot_controller/share/bumperbot_controller/hook/cmake_prefix_path.sh'
[1.570s] Level 1:colcon.colcon_core.environment:checking '/home/eeiww/ud90uhak/bumperbot_ws/src/install/bumperbot_controller/lib'
[1.571s] Level 1:colcon.colcon_core.environment:checking '/home/eeiww/ud90uhak/bumperbot_ws/src/install/bumperbot_controller/bin'
[1.571s] Level 1:colcon.colcon_core.environment:checking '/home/eeiww/ud90uhak/bumperbot_ws/src/install/bumperbot_controller/lib/pkgconfig/bumperbot_controller.pc'
[1.572s] Level 1:colcon.colcon_core.environment:checking '/home/eeiww/ud90uhak/bumperbot_ws/src/install/bumperbot_controller/lib/python3.12/site-packages'
[1.572s] Level 1:colcon.colcon_core.shell:create_environment_hook('bumperbot_controller', 'pythonpath')
[1.572s] INFO:colcon.colcon_core.shell:Creating environment hook '/home/eeiww/ud90uhak/bumperbot_ws/src/install/bumperbot_controller/share/bumperbot_controller/hook/pythonpath.ps1'
[1.575s] INFO:colcon.colcon_core.shell:Creating environment descriptor '/home/eeiww/ud90uhak/bumperbot_ws/src/install/bumperbot_controller/share/bumperbot_controller/hook/pythonpath.dsv'
[1.577s] INFO:colcon.colcon_core.shell:Creating environment hook '/home/eeiww/ud90uhak/bumperbot_ws/src/install/bumperbot_controller/share/bumperbot_controller/hook/pythonpath.sh'
[1.580s] Level 1:colcon.colcon_core.environment:checking '/home/eeiww/ud90uhak/bumperbot_ws/src/install/bumperbot_controller/bin'
[1.580s] INFO:colcon.colcon_core.shell:Creating package script '/home/eeiww/ud90uhak/bumperbot_ws/src/install/bumperbot_controller/share/bumperbot_controller/package.ps1'
[1.583s] INFO:colcon.colcon_core.shell:Creating package descriptor '/home/eeiww/ud90uhak/bumperbot_ws/src/install/bumperbot_controller/share/bumperbot_controller/package.dsv'
[1.586s] INFO:colcon.colcon_core.shell:Creating package script '/home/eeiww/ud90uhak/bumperbot_ws/src/install/bumperbot_controller/share/bumperbot_controller/package.sh'
[1.588s] INFO:colcon.colcon_core.shell:Creating package script '/home/eeiww/ud90uhak/bumperbot_ws/src/install/bumperbot_controller/share/bumperbot_controller/package.bash'
[1.590s] INFO:colcon.colcon_core.shell:Creating package script '/home/eeiww/ud90uhak/bumperbot_ws/src/install/bumperbot_controller/share/bumperbot_controller/package.zsh'
[1.593s] Level 1:colcon.colcon_core.environment:create_file_with_runtime_dependencies(/home/eeiww/ud90uhak/bumperbot_ws/src/install/bumperbot_controller/share/colcon-core/packages/bumperbot_controller)
[1.597s] Level 1:colcon.colcon_core.environment:create_environment_scripts_only(bumperbot_controller)
[1.597s] Level 1:colcon.colcon_core.environment:checking '/home/eeiww/ud90uhak/bumperbot_ws/src/install/bumperbot_controller' for CMake module files
[1.599s] Level 1:colcon.colcon_core.environment:checking '/home/eeiww/ud90uhak/bumperbot_ws/src/install/bumperbot_controller' for CMake config files
[1.605s] Level 1:colcon.colcon_core.shell:create_environment_hook('bumperbot_controller', 'cmake_prefix_path')
[1.606s] INFO:colcon.colcon_core.shell:Creating environment hook '/home/eeiww/ud90uhak/bumperbot_ws/src/install/bumperbot_controller/share/bumperbot_controller/hook/cmake_prefix_path.ps1'
[1.608s] INFO:colcon.colcon_core.shell:Creating environment descriptor '/home/eeiww/ud90uhak/bumperbot_ws/src/install/bumperbot_controller/share/bumperbot_controller/hook/cmake_prefix_path.dsv'
[1.611s] INFO:colcon.colcon_core.shell:Creating environment hook '/home/eeiww/ud90uhak/bumperbot_ws/src/install/bumperbot_controller/share/bumperbot_controller/hook/cmake_prefix_path.sh'
[1.614s] Level 1:colcon.colcon_core.environment:checking '/home/eeiww/ud90uhak/bumperbot_ws/src/install/bumperbot_controller/lib'
[1.614s] Level 1:colcon.colcon_core.environment:checking '/home/eeiww/ud90uhak/bumperbot_ws/src/install/bumperbot_controller/bin'
[1.614s] Level 1:colcon.colcon_core.environment:checking '/home/eeiww/ud90uhak/bumperbot_ws/src/install/bumperbot_controller/lib/pkgconfig/bumperbot_controller.pc'
[1.615s] Level 1:colcon.colcon_core.environment:checking '/home/eeiww/ud90uhak/bumperbot_ws/src/install/bumperbot_controller/lib/python3.12/site-packages'
[1.615s] Level 1:colcon.colcon_core.shell:create_environment_hook('bumperbot_controller', 'pythonpath')
[1.615s] INFO:colcon.colcon_core.shell:Creating environment hook '/home/eeiww/ud90uhak/bumperbot_ws/src/install/bumperbot_controller/share/bumperbot_controller/hook/pythonpath.ps1'
[1.617s] INFO:colcon.colcon_core.shell:Creating environment descriptor '/home/eeiww/ud90uhak/bumperbot_ws/src/install/bumperbot_controller/share/bumperbot_controller/hook/pythonpath.dsv'
[1.619s] INFO:colcon.colcon_core.shell:Creating environment hook '/home/eeiww/ud90uhak/bumperbot_ws/src/install/bumperbot_controller/share/bumperbot_controller/hook/pythonpath.sh'
[1.622s] Level 1:colcon.colcon_core.environment:checking '/home/eeiww/ud90uhak/bumperbot_ws/src/install/bumperbot_controller/bin'
[1.622s] INFO:colcon.colcon_core.shell:Creating package script '/home/eeiww/ud90uhak/bumperbot_ws/src/install/bumperbot_controller/share/bumperbot_controller/package.ps1'
[1.625s] INFO:colcon.colcon_core.shell:Creating package descriptor '/home/eeiww/ud90uhak/bumperbot_ws/src/install/bumperbot_controller/share/bumperbot_controller/package.dsv'
[1.627s] INFO:colcon.colcon_core.shell:Creating package script '/home/eeiww/ud90uhak/bumperbot_ws/src/install/bumperbot_controller/share/bumperbot_controller/package.sh'
[1.630s] INFO:colcon.colcon_core.shell:Creating package script '/home/eeiww/ud90uhak/bumperbot_ws/src/install/bumperbot_controller/share/bumperbot_controller/package.bash'
[1.632s] INFO:colcon.colcon_core.shell:Creating package script '/home/eeiww/ud90uhak/bumperbot_ws/src/install/bumperbot_controller/share/bumperbot_controller/package.zsh'
[1.635s] Level 1:colcon.colcon_core.environment:create_file_with_runtime_dependencies(/home/eeiww/ud90uhak/bumperbot_ws/src/install/bumperbot_controller/share/colcon-core/packages/bumperbot_controller)
[1.638s] Level 1:colcon.colcon_core.environment:create_environment_scripts_only(bumperbot_localization)
[1.638s] Level 1:colcon.colcon_core.environment:checking '/home/eeiww/ud90uhak/bumperbot_ws/src/install/bumperbot_localization' for CMake module files
[1.644s] Level 1:colcon.colcon_core.environment:checking '/home/eeiww/ud90uhak/bumperbot_ws/src/install/bumperbot_localization' for CMake config files
[1.644s] DEBUG:colcon.colcon_core.event_handler.log_command:Invoked command in '/home/eeiww/ud90uhak/bumperbot_ws/src/build/bumperbot_localization' returned '0': CMAKE_PREFIX_PATH=${CMAKE_PREFIX_PATH}:/opt/ros/jazzy DEBUGINFOD_URLS=https://debuginfod.ubuntu.com /usr/bin/cmake --install /home/eeiww/ud90uhak/bumperbot_ws/src/build/bumperbot_localization
[1.653s] Level 1:colcon.colcon_core.shell:create_environment_hook('bumperbot_localization', 'cmake_prefix_path')
[1.653s] INFO:colcon.colcon_core.shell:Creating environment hook '/home/eeiww/ud90uhak/bumperbot_ws/src/install/bumperbot_localization/share/bumperbot_localization/hook/cmake_prefix_path.ps1'
[1.656s] INFO:colcon.colcon_core.shell:Creating environment descriptor '/home/eeiww/ud90uhak/bumperbot_ws/src/install/bumperbot_localization/share/bumperbot_localization/hook/cmake_prefix_path.dsv'
[1.659s] INFO:colcon.colcon_core.shell:Creating environment hook '/home/eeiww/ud90uhak/bumperbot_ws/src/install/bumperbot_localization/share/bumperbot_localization/hook/cmake_prefix_path.sh'
[1.662s] Level 1:colcon.colcon_core.environment:checking '/home/eeiww/ud90uhak/bumperbot_ws/src/install/bumperbot_localization/lib'
[1.663s] Level 1:colcon.colcon_core.environment:checking '/home/eeiww/ud90uhak/bumperbot_ws/src/install/bumperbot_localization/bin'
[1.664s] Level 1:colcon.colcon_core.environment:checking '/home/eeiww/ud90uhak/bumperbot_ws/src/install/bumperbot_localization/lib/pkgconfig/bumperbot_localization.pc'
[1.664s] Level 1:colcon.colcon_core.environment:checking '/home/eeiww/ud90uhak/bumperbot_ws/src/install/bumperbot_localization/lib/python3.12/site-packages'
[1.664s] Level 1:colcon.colcon_core.shell:create_environment_hook('bumperbot_localization', 'pythonpath')
[1.665s] INFO:colcon.colcon_core.shell:Creating environment hook '/home/eeiww/ud90uhak/bumperbot_ws/src/install/bumperbot_localization/share/bumperbot_localization/hook/pythonpath.ps1'
[1.667s] INFO:colcon.colcon_core.shell:Creating environment descriptor '/home/eeiww/ud90uhak/bumperbot_ws/src/install/bumperbot_localization/share/bumperbot_localization/hook/pythonpath.dsv'
[1.670s] INFO:colcon.colcon_core.shell:Creating environment hook '/home/eeiww/ud90uhak/bumperbot_ws/src/install/bumperbot_localization/share/bumperbot_localization/hook/pythonpath.sh'
[1.672s] Level 1:colcon.colcon_core.environment:checking '/home/eeiww/ud90uhak/bumperbot_ws/src/install/bumperbot_localization/bin'
[1.672s] INFO:colcon.colcon_core.shell:Creating package script '/home/eeiww/ud90uhak/bumperbot_ws/src/install/bumperbot_localization/share/bumperbot_localization/package.ps1'
[1.676s] INFO:colcon.colcon_core.shell:Creating package descriptor '/home/eeiww/ud90uhak/bumperbot_ws/src/install/bumperbot_localization/share/bumperbot_localization/package.dsv'
[1.678s] INFO:colcon.colcon_core.shell:Creating package script '/home/eeiww/ud90uhak/bumperbot_ws/src/install/bumperbot_localization/share/bumperbot_localization/package.sh'
[1.680s] INFO:colcon.colcon_core.shell:Creating package script '/home/eeiww/ud90uhak/bumperbot_ws/src/install/bumperbot_localization/share/bumperbot_localization/package.bash'
[1.682s] INFO:colcon.colcon_core.shell:Creating package script '/home/eeiww/ud90uhak/bumperbot_ws/src/install/bumperbot_localization/share/bumperbot_localization/package.zsh'
[1.684s] Level 1:colcon.colcon_core.environment:create_file_with_runtime_dependencies(/home/eeiww/ud90uhak/bumperbot_ws/src/install/bumperbot_localization/share/colcon-core/packages/bumperbot_localization)
[1.689s] Level 1:colcon.colcon_core.environment:create_environment_scripts_only(bumperbot_localization)
[1.689s] Level 1:colcon.colcon_core.environment:checking '/home/eeiww/ud90uhak/bumperbot_ws/src/install/bumperbot_localization' for CMake module files
[1.691s] Level 1:colcon.colcon_core.environment:checking '/home/eeiww/ud90uhak/bumperbot_ws/src/install/bumperbot_localization' for CMake config files
[1.697s] Level 1:colcon.colcon_core.shell:create_environment_hook('bumperbot_localization', 'cmake_prefix_path')
[1.697s] INFO:colcon.colcon_core.shell:Creating environment hook '/home/eeiww/ud90uhak/bumperbot_ws/src/install/bumperbot_localization/share/bumperbot_localization/hook/cmake_prefix_path.ps1'
[1.700s] INFO:colcon.colcon_core.shell:Creating environment descriptor '/home/eeiww/ud90uhak/bumperbot_ws/src/install/bumperbot_localization/share/bumperbot_localization/hook/cmake_prefix_path.dsv'
[1.702s] INFO:colcon.colcon_core.shell:Creating environment hook '/home/eeiww/ud90uhak/bumperbot_ws/src/install/bumperbot_localization/share/bumperbot_localization/hook/cmake_prefix_path.sh'
[1.705s] Level 1:colcon.colcon_core.environment:checking '/home/eeiww/ud90uhak/bumperbot_ws/src/install/bumperbot_localization/lib'
[1.705s] Level 1:colcon.colcon_core.environment:checking '/home/eeiww/ud90uhak/bumperbot_ws/src/install/bumperbot_localization/bin'
[1.705s] Level 1:colcon.colcon_core.environment:checking '/home/eeiww/ud90uhak/bumperbot_ws/src/install/bumperbot_localization/lib/pkgconfig/bumperbot_localization.pc'
[1.706s] Level 1:colcon.colcon_core.environment:checking '/home/eeiww/ud90uhak/bumperbot_ws/src/install/bumperbot_localization/lib/python3.12/site-packages'
[1.706s] Level 1:colcon.colcon_core.shell:create_environment_hook('bumperbot_localization', 'pythonpath')
[1.706s] INFO:colcon.colcon_core.shell:Creating environment hook '/home/eeiww/ud90uhak/bumperbot_ws/src/install/bumperbot_localization/share/bumperbot_localization/hook/pythonpath.ps1'
[1.708s] INFO:colcon.colcon_core.shell:Creating environment descriptor '/home/eeiww/ud90uhak/bumperbot_ws/src/install/bumperbot_localization/share/bumperbot_localization/hook/pythonpath.dsv'
[1.711s] INFO:colcon.colcon_core.shell:Creating environment hook '/home/eeiww/ud90uhak/bumperbot_ws/src/install/bumperbot_localization/share/bumperbot_localization/hook/pythonpath.sh'
[1.714s] Level 1:colcon.colcon_core.environment:checking '/home/eeiww/ud90uhak/bumperbot_ws/src/install/bumperbot_localization/bin'
[1.714s] INFO:colcon.colcon_core.shell:Creating package script '/home/eeiww/ud90uhak/bumperbot_ws/src/install/bumperbot_localization/share/bumperbot_localization/package.ps1'
[1.716s] INFO:colcon.colcon_core.shell:Creating package descriptor '/home/eeiww/ud90uhak/bumperbot_ws/src/install/bumperbot_localization/share/bumperbot_localization/package.dsv'
[1.719s] INFO:colcon.colcon_core.shell:Creating package script '/home/eeiww/ud90uhak/bumperbot_ws/src/install/bumperbot_localization/share/bumperbot_localization/package.sh'
[1.721s] INFO:colcon.colcon_core.shell:Creating package script '/home/eeiww/ud90uhak/bumperbot_ws/src/install/bumperbot_localization/share/bumperbot_localization/package.bash'
[1.723s] INFO:colcon.colcon_core.shell:Creating package script '/home/eeiww/ud90uhak/bumperbot_ws/src/install/bumperbot_localization/share/bumperbot_localization/package.zsh'
[1.726s] Level 1:colcon.colcon_core.environment:create_file_with_runtime_dependencies(/home/eeiww/ud90uhak/bumperbot_ws/src/install/bumperbot_localization/share/colcon-core/packages/bumperbot_localization)
[1.728s] Level 1:colcon.colcon_core.environment:create_environment_scripts_only(bumperbot_utils)
[1.728s] Level 1:colcon.colcon_core.environment:checking '/home/eeiww/ud90uhak/bumperbot_ws/src/install/bumperbot_utils' for CMake module files
[1.734s] Level 1:colcon.colcon_core.environment:checking '/home/eeiww/ud90uhak/bumperbot_ws/src/install/bumperbot_utils' for CMake config files
[1.735s] DEBUG:colcon.colcon_core.event_handler.log_command:Invoked command in '/home/eeiww/ud90uhak/bumperbot_ws/src/build/bumperbot_utils' returned '0': CMAKE_PREFIX_PATH=${CMAKE_PREFIX_PATH}:/opt/ros/jazzy DEBUGINFOD_URLS=https://debuginfod.ubuntu.com /usr/bin/cmake --install /home/eeiww/ud90uhak/bumperbot_ws/src/build/bumperbot_utils
[1.739s] Level 1:colcon.colcon_core.shell:create_environment_hook('bumperbot_utils', 'cmake_prefix_path')
[1.739s] INFO:colcon.colcon_core.shell:Creating environment hook '/home/eeiww/ud90uhak/bumperbot_ws/src/install/bumperbot_utils/share/bumperbot_utils/hook/cmake_prefix_path.ps1'
[1.742s] INFO:colcon.colcon_core.shell:Creating environment descriptor '/home/eeiww/ud90uhak/bumperbot_ws/src/install/bumperbot_utils/share/bumperbot_utils/hook/cmake_prefix_path.dsv'
[1.745s] INFO:colcon.colcon_core.shell:Creating environment hook '/home/eeiww/ud90uhak/bumperbot_ws/src/install/bumperbot_utils/share/bumperbot_utils/hook/cmake_prefix_path.sh'
[1.749s] Level 1:colcon.colcon_core.environment:checking '/home/eeiww/ud90uhak/bumperbot_ws/src/install/bumperbot_utils/lib'
[1.749s] Level 1:colcon.colcon_core.environment:checking '/home/eeiww/ud90uhak/bumperbot_ws/src/install/bumperbot_utils/bin'
[1.750s] Level 1:colcon.colcon_core.environment:checking '/home/eeiww/ud90uhak/bumperbot_ws/src/install/bumperbot_utils/lib/pkgconfig/bumperbot_utils.pc'
[1.750s] Level 1:colcon.colcon_core.environment:checking '/home/eeiww/ud90uhak/bumperbot_ws/src/install/bumperbot_utils/lib/python3.12/site-packages'
[1.751s] Level 1:colcon.colcon_core.shell:create_environment_hook('bumperbot_utils', 'pythonpath')
[1.751s] INFO:colcon.colcon_core.shell:Creating environment hook '/home/eeiww/ud90uhak/bumperbot_ws/src/install/bumperbot_utils/share/bumperbot_utils/hook/pythonpath.ps1'
[1.753s] INFO:colcon.colcon_core.shell:Creating environment descriptor '/home/eeiww/ud90uhak/bumperbot_ws/src/install/bumperbot_utils/share/bumperbot_utils/hook/pythonpath.dsv'
[1.755s] INFO:colcon.colcon_core.shell:Creating environment hook '/home/eeiww/ud90uhak/bumperbot_ws/src/install/bumperbot_utils/share/bumperbot_utils/hook/pythonpath.sh'
[1.758s] Level 1:colcon.colcon_core.environment:checking '/home/eeiww/ud90uhak/bumperbot_ws/src/install/bumperbot_utils/bin'
[1.758s] INFO:colcon.colcon_core.shell:Creating package script '/home/eeiww/ud90uhak/bumperbot_ws/src/install/bumperbot_utils/share/bumperbot_utils/package.ps1'
[1.761s] INFO:colcon.colcon_core.shell:Creating package descriptor '/home/eeiww/ud90uhak/bumperbot_ws/src/install/bumperbot_utils/share/bumperbot_utils/package.dsv'
[1.764s] INFO:colcon.colcon_core.shell:Creating package script '/home/eeiww/ud90uhak/bumperbot_ws/src/install/bumperbot_utils/share/bumperbot_utils/package.sh'
[1.766s] INFO:colcon.colcon_core.shell:Creating package script '/home/eeiww/ud90uhak/bumperbot_ws/src/install/bumperbot_utils/share/bumperbot_utils/package.bash'
[1.769s] INFO:colcon.colcon_core.shell:Creating package script '/home/eeiww/ud90uhak/bumperbot_ws/src/install/bumperbot_utils/share/bumperbot_utils/package.zsh'
[1.771s] Level 1:colcon.colcon_core.environment:create_file_with_runtime_dependencies(/home/eeiww/ud90uhak/bumperbot_ws/src/install/bumperbot_utils/share/colcon-core/packages/bumperbot_utils)
[1.775s] Level 1:colcon.colcon_core.environment:create_environment_scripts_only(bumperbot_utils)
[1.775s] Level 1:colcon.colcon_core.environment:checking '/home/eeiww/ud90uhak/bumperbot_ws/src/install/bumperbot_utils' for CMake module files
[1.777s] Level 1:colcon.colcon_core.environment:checking '/home/eeiww/ud90uhak/bumperbot_ws/src/install/bumperbot_utils' for CMake config files
[1.780s] Level 1:colcon.colcon_core.shell:create_environment_hook('bumperbot_utils', 'cmake_prefix_path')
[1.780s] INFO:colcon.colcon_core.shell:Creating environment hook '/home/eeiww/ud90uhak/bumperbot_ws/src/install/bumperbot_utils/share/bumperbot_utils/hook/cmake_prefix_path.ps1'
[1.782s] INFO:colcon.colcon_core.shell:Creating environment descriptor '/home/eeiww/ud90uhak/bumperbot_ws/src/install/bumperbot_utils/share/bumperbot_utils/hook/cmake_prefix_path.dsv'
[1.785s] INFO:colcon.colcon_core.shell:Creating environment hook '/home/eeiww/ud90uhak/bumperbot_ws/src/install/bumperbot_utils/share/bumperbot_utils/hook/cmake_prefix_path.sh'
[1.787s] Level 1:colcon.colcon_core.environment:checking '/home/eeiww/ud90uhak/bumperbot_ws/src/install/bumperbot_utils/lib'
[1.788s] Level 1:colcon.colcon_core.environment:checking '/home/eeiww/ud90uhak/bumperbot_ws/src/install/bumperbot_utils/bin'
[1.788s] Level 1:colcon.colcon_core.environment:checking '/home/eeiww/ud90uhak/bumperbot_ws/src/install/bumperbot_utils/lib/pkgconfig/bumperbot_utils.pc'
[1.788s] Level 1:colcon.colcon_core.environment:checking '/home/eeiww/ud90uhak/bumperbot_ws/src/install/bumperbot_utils/lib/python3.12/site-packages'
[1.788s] Level 1:colcon.colcon_core.shell:create_environment_hook('bumperbot_utils', 'pythonpath')
[1.788s] INFO:colcon.colcon_core.shell:Creating environment hook '/home/eeiww/ud90uhak/bumperbot_ws/src/install/bumperbot_utils/share/bumperbot_utils/hook/pythonpath.ps1'
[1.791s] INFO:colcon.colcon_core.shell:Creating environment descriptor '/home/eeiww/ud90uhak/bumperbot_ws/src/install/bumperbot_utils/share/bumperbot_utils/hook/pythonpath.dsv'
[1.794s] INFO:colcon.colcon_core.shell:Creating environment hook '/home/eeiww/ud90uhak/bumperbot_ws/src/install/bumperbot_utils/share/bumperbot_utils/hook/pythonpath.sh'
[1.796s] Level 1:colcon.colcon_core.environment:checking '/home/eeiww/ud90uhak/bumperbot_ws/src/install/bumperbot_utils/bin'
[1.796s] INFO:colcon.colcon_core.shell:Creating package script '/home/eeiww/ud90uhak/bumperbot_ws/src/install/bumperbot_utils/share/bumperbot_utils/package.ps1'
[1.799s] INFO:colcon.colcon_core.shell:Creating package descriptor '/home/eeiww/ud90uhak/bumperbot_ws/src/install/bumperbot_utils/share/bumperbot_utils/package.dsv'
[1.801s] INFO:colcon.colcon_core.shell:Creating package script '/home/eeiww/ud90uhak/bumperbot_ws/src/install/bumperbot_utils/share/bumperbot_utils/package.sh'
[1.804s] INFO:colcon.colcon_core.shell:Creating package script '/home/eeiww/ud90uhak/bumperbot_ws/src/install/bumperbot_utils/share/bumperbot_utils/package.bash'
[1.806s] INFO:colcon.colcon_core.shell:Creating package script '/home/eeiww/ud90uhak/bumperbot_ws/src/install/bumperbot_utils/share/bumperbot_utils/package.zsh'
[1.809s] Level 1:colcon.colcon_core.environment:create_file_with_runtime_dependencies(/home/eeiww/ud90uhak/bumperbot_ws/src/install/bumperbot_utils/share/colcon-core/packages/bumperbot_utils)
[1.812s] Level 1:colcon.colcon_core.environment:create_environment_scripts_only(bumperbot_msgs)
[1.812s] Level 1:colcon.colcon_core.environment:checking '/home/eeiww/ud90uhak/bumperbot_ws/src/install/bumperbot_msgs' for CMake module files
[1.818s] DEBUG:colcon.colcon_core.event_handler.log_command:Invoked command in '/home/eeiww/ud90uhak/bumperbot_ws/src/build/bumperbot_msgs' returned '0': CMAKE_PREFIX_PATH=${CMAKE_PREFIX_PATH}:/opt/ros/jazzy DEBUGINFOD_URLS=https://debuginfod.ubuntu.com /usr/bin/cmake --install /home/eeiww/ud90uhak/bumperbot_ws/src/build/bumperbot_msgs
[1.819s] Level 1:colcon.colcon_core.environment:checking '/home/eeiww/ud90uhak/bumperbot_ws/src/install/bumperbot_msgs' for CMake config files
[1.822s] Level 1:colcon.colcon_core.shell:create_environment_hook('bumperbot_msgs', 'cmake_prefix_path')
[1.822s] INFO:colcon.colcon_core.shell:Creating environment hook '/home/eeiww/ud90uhak/bumperbot_ws/src/install/bumperbot_msgs/share/bumperbot_msgs/hook/cmake_prefix_path.ps1'
[1.825s] INFO:colcon.colcon_core.shell:Creating environment descriptor '/home/eeiww/ud90uhak/bumperbot_ws/src/install/bumperbot_msgs/share/bumperbot_msgs/hook/cmake_prefix_path.dsv'
[1.828s] INFO:colcon.colcon_core.shell:Creating environment hook '/home/eeiww/ud90uhak/bumperbot_ws/src/install/bumperbot_msgs/share/bumperbot_msgs/hook/cmake_prefix_path.sh'
[1.832s] Level 1:colcon.colcon_core.environment:checking '/home/eeiww/ud90uhak/bumperbot_ws/src/install/bumperbot_msgs/lib'
[1.833s] Level 1:colcon.colcon_core.shell:create_environment_hook('bumperbot_msgs', 'ld_library_path_lib')
[1.833s] INFO:colcon.colcon_core.shell:Creating environment hook '/home/eeiww/ud90uhak/bumperbot_ws/src/install/bumperbot_msgs/share/bumperbot_msgs/hook/ld_library_path_lib.ps1'
[1.835s] INFO:colcon.colcon_core.shell:Creating environment descriptor '/home/eeiww/ud90uhak/bumperbot_ws/src/install/bumperbot_msgs/share/bumperbot_msgs/hook/ld_library_path_lib.dsv'
[1.838s] INFO:colcon.colcon_core.shell:Creating environment hook '/home/eeiww/ud90uhak/bumperbot_ws/src/install/bumperbot_msgs/share/bumperbot_msgs/hook/ld_library_path_lib.sh'
[1.841s] Level 1:colcon.colcon_core.environment:checking '/home/eeiww/ud90uhak/bumperbot_ws/src/install/bumperbot_msgs/bin'
[1.841s] Level 1:colcon.colcon_core.environment:checking '/home/eeiww/ud90uhak/bumperbot_ws/src/install/bumperbot_msgs/lib/pkgconfig/bumperbot_msgs.pc'
[1.842s] Level 1:colcon.colcon_core.environment:checking '/home/eeiww/ud90uhak/bumperbot_ws/src/install/bumperbot_msgs/lib/python3.12/site-packages'
[1.842s] Level 1:colcon.colcon_core.shell:create_environment_hook('bumperbot_msgs', 'pythonpath')
[1.842s] INFO:colcon.colcon_core.shell:Creating environment hook '/home/eeiww/ud90uhak/bumperbot_ws/src/install/bumperbot_msgs/share/bumperbot_msgs/hook/pythonpath.ps1'
[1.845s] INFO:colcon.colcon_core.shell:Creating environment descriptor '/home/eeiww/ud90uhak/bumperbot_ws/src/install/bumperbot_msgs/share/bumperbot_msgs/hook/pythonpath.dsv'
[1.848s] INFO:colcon.colcon_core.shell:Creating environment hook '/home/eeiww/ud90uhak/bumperbot_ws/src/install/bumperbot_msgs/share/bumperbot_msgs/hook/pythonpath.sh'
[1.850s] Level 1:colcon.colcon_core.environment:checking '/home/eeiww/ud90uhak/bumperbot_ws/src/install/bumperbot_msgs/bin'
[1.851s] INFO:colcon.colcon_core.shell:Creating package script '/home/eeiww/ud90uhak/bumperbot_ws/src/install/bumperbot_msgs/share/bumperbot_msgs/package.ps1'
[1.854s] INFO:colcon.colcon_core.shell:Creating package descriptor '/home/eeiww/ud90uhak/bumperbot_ws/src/install/bumperbot_msgs/share/bumperbot_msgs/package.dsv'
[1.856s] INFO:colcon.colcon_core.shell:Creating package script '/home/eeiww/ud90uhak/bumperbot_ws/src/install/bumperbot_msgs/share/bumperbot_msgs/package.sh'
[1.859s] INFO:colcon.colcon_core.shell:Creating package script '/home/eeiww/ud90uhak/bumperbot_ws/src/install/bumperbot_msgs/share/bumperbot_msgs/package.bash'
[1.861s] INFO:colcon.colcon_core.shell:Creating package script '/home/eeiww/ud90uhak/bumperbot_ws/src/install/bumperbot_msgs/share/bumperbot_msgs/package.zsh'
[1.863s] Level 1:colcon.colcon_core.environment:create_file_with_runtime_dependencies(/home/eeiww/ud90uhak/bumperbot_ws/src/install/bumperbot_msgs/share/colcon-core/packages/bumperbot_msgs)
[1.868s] Level 1:colcon.colcon_core.environment:create_environment_scripts_only(bumperbot_msgs)
[1.868s] Level 1:colcon.colcon_core.environment:checking '/home/eeiww/ud90uhak/bumperbot_ws/src/install/bumperbot_msgs' for CMake module files
[1.869s] Level 1:colcon.colcon_core.environment:checking '/home/eeiww/ud90uhak/bumperbot_ws/src/install/bumperbot_msgs' for CMake config files
[1.871s] Level 1:colcon.colcon_core.shell:create_environment_hook('bumperbot_msgs', 'cmake_prefix_path')
[1.872s] INFO:colcon.colcon_core.shell:Creating environment hook '/home/eeiww/ud90uhak/bumperbot_ws/src/install/bumperbot_msgs/share/bumperbot_msgs/hook/cmake_prefix_path.ps1'
[1.874s] INFO:colcon.colcon_core.shell:Creating environment descriptor '/home/eeiww/ud90uhak/bumperbot_ws/src/install/bumperbot_msgs/share/bumperbot_msgs/hook/cmake_prefix_path.dsv'
[1.877s] INFO:colcon.colcon_core.shell:Creating environment hook '/home/eeiww/ud90uhak/bumperbot_ws/src/install/bumperbot_msgs/share/bumperbot_msgs/hook/cmake_prefix_path.sh'
[1.879s] Level 1:colcon.colcon_core.environment:checking '/home/eeiww/ud90uhak/bumperbot_ws/src/install/bumperbot_msgs/lib'
[1.880s] Level 1:colcon.colcon_core.shell:create_environment_hook('bumperbot_msgs', 'ld_library_path_lib')
[1.880s] INFO:colcon.colcon_core.shell:Creating environment hook '/home/eeiww/ud90uhak/bumperbot_ws/src/install/bumperbot_msgs/share/bumperbot_msgs/hook/ld_library_path_lib.ps1'
[1.882s] INFO:colcon.colcon_core.shell:Creating environment descriptor '/home/eeiww/ud90uhak/bumperbot_ws/src/install/bumperbot_msgs/share/bumperbot_msgs/hook/ld_library_path_lib.dsv'
[1.885s] INFO:colcon.colcon_core.shell:Creating environment hook '/home/eeiww/ud90uhak/bumperbot_ws/src/install/bumperbot_msgs/share/bumperbot_msgs/hook/ld_library_path_lib.sh'
[1.887s] Level 1:colcon.colcon_core.environment:checking '/home/eeiww/ud90uhak/bumperbot_ws/src/install/bumperbot_msgs/bin'
[1.887s] Level 1:colcon.colcon_core.environment:checking '/home/eeiww/ud90uhak/bumperbot_ws/src/install/bumperbot_msgs/lib/pkgconfig/bumperbot_msgs.pc'
[1.887s] Level 1:colcon.colcon_core.environment:checking '/home/eeiww/ud90uhak/bumperbot_ws/src/install/bumperbot_msgs/lib/python3.12/site-packages'
[1.888s] Level 1:colcon.colcon_core.shell:create_environment_hook('bumperbot_msgs', 'pythonpath')
[1.888s] INFO:colcon.colcon_core.shell:Creating environment hook '/home/eeiww/ud90uhak/bumperbot_ws/src/install/bumperbot_msgs/share/bumperbot_msgs/hook/pythonpath.ps1'
[1.890s] INFO:colcon.colcon_core.shell:Creating environment descriptor '/home/eeiww/ud90uhak/bumperbot_ws/src/install/bumperbot_msgs/share/bumperbot_msgs/hook/pythonpath.dsv'
[1.892s] INFO:colcon.colcon_core.shell:Creating environment hook '/home/eeiww/ud90uhak/bumperbot_ws/src/install/bumperbot_msgs/share/bumperbot_msgs/hook/pythonpath.sh'
[1.895s] Level 1:colcon.colcon_core.environment:checking '/home/eeiww/ud90uhak/bumperbot_ws/src/install/bumperbot_msgs/bin'
[1.895s] INFO:colcon.colcon_core.shell:Creating package script '/home/eeiww/ud90uhak/bumperbot_ws/src/install/bumperbot_msgs/share/bumperbot_msgs/package.ps1'
[1.898s] INFO:colcon.colcon_core.shell:Creating package descriptor '/home/eeiww/ud90uhak/bumperbot_ws/src/install/bumperbot_msgs/share/bumperbot_msgs/package.dsv'
[1.900s] INFO:colcon.colcon_core.shell:Creating package script '/home/eeiww/ud90uhak/bumperbot_ws/src/install/bumperbot_msgs/share/bumperbot_msgs/package.sh'
[1.903s] INFO:colcon.colcon_core.shell:Creating package script '/home/eeiww/ud90uhak/bumperbot_ws/src/install/bumperbot_msgs/share/bumperbot_msgs/package.bash'
[1.905s] INFO:colcon.colcon_core.shell:Creating package script '/home/eeiww/ud90uhak/bumperbot_ws/src/install/bumperbot_msgs/share/bumperbot_msgs/package.zsh'
[1.907s] Level 1:colcon.colcon_core.environment:create_file_with_runtime_dependencies(/home/eeiww/ud90uhak/bumperbot_ws/src/install/bumperbot_msgs/share/colcon-core/packages/bumperbot_msgs)
[1.910s] INFO:colcon.colcon_ros.task.ament_cmake.build:Building ROS package in '/home/eeiww/ud90uhak/bumperbot_ws/src/bumperbot_cpp_examples' with build type 'ament_cmake'
[1.910s] INFO:colcon.colcon_cmake.task.cmake.build:Building CMake package in '/home/eeiww/ud90uhak/bumperbot_ws/src/bumperbot_cpp_examples'
[1.910s] INFO:colcon.colcon_core.shell:Skip shell extension 'powershell' for command environment: Not usable outside of PowerShell
[1.910s] DEBUG:colcon.colcon_core.shell:Skip shell extension 'dsv' for command environment
[1.933s] INFO:colcon.colcon_ros.task.ament_python.build:Building ROS package in '/home/eeiww/ud90uhak/bumperbot_ws/src/bumperbot_py_examples' with build type 'ament_python'
[1.933s] Level 1:colcon.colcon_core.shell:create_environment_hook('bumperbot_py_examples', 'ament_prefix_path')
[1.933s] INFO:colcon.colcon_core.shell:Creating environment hook '/home/eeiww/ud90uhak/bumperbot_ws/src/install/bumperbot_py_examples/share/bumperbot_py_examples/hook/ament_prefix_path.ps1'
[1.938s] INFO:colcon.colcon_core.shell:Creating environment descriptor '/home/eeiww/ud90uhak/bumperbot_ws/src/install/bumperbot_py_examples/share/bumperbot_py_examples/hook/ament_prefix_path.dsv'
[1.941s] INFO:colcon.colcon_core.shell:Creating environment hook '/home/eeiww/ud90uhak/bumperbot_ws/src/install/bumperbot_py_examples/share/bumperbot_py_examples/hook/ament_prefix_path.sh'
[1.944s] INFO:colcon.colcon_core.shell:Skip shell extension 'powershell' for command environment: Not usable outside of PowerShell
[1.944s] DEBUG:colcon.colcon_core.shell:Skip shell extension 'dsv' for command environment
[1.980s] DEBUG:colcon.colcon_core.event_handler.log_command:Invoking command in '/home/eeiww/ud90uhak/bumperbot_ws/src/build/bumperbot_cpp_examples': AMENT_PREFIX_PATH=/home/eeiww/ud90uhak/bumperbot_ws/src/install/bumperbot_msgs:${AMENT_PREFIX_PATH} CMAKE_PREFIX_PATH=/home/eeiww/ud90uhak/bumperbot_ws/src/install/bumperbot_msgs:/opt/ros/jazzy/opt/gz_sim_vendor:/opt/ros/jazzy/opt/gz_sensors_vendor:/opt/ros/jazzy/opt/gz_physics_vendor:/opt/ros/jazzy/opt/sdformat_vendor:/opt/ros/jazzy/opt/gz_gui_vendor:/opt/ros/jazzy/opt/gz_transport_vendor:/opt/ros/jazzy/opt/gz_rendering_vendor:/opt/ros/jazzy/opt/gz_plugin_vendor:/opt/ros/jazzy/opt/gz_fuel_tools_vendor:/opt/ros/jazzy/opt/gz_msgs_vendor:/opt/ros/jazzy/opt/gz_common_vendor:/opt/ros/jazzy/opt/gz_math_vendor:/opt/ros/jazzy/opt/gz_utils_vendor:/opt/ros/jazzy/opt/gz_tools_vendor:/opt/ros/jazzy/opt/gz_ogre_next_vendor:/opt/ros/jazzy/opt/gz_dartsim_vendor:/opt/ros/jazzy/opt/gz_cmake_vendor:/opt/ros/jazzy DEBUGINFOD_URLS=https://debuginfod.ubuntu.com LD_LIBRARY_PATH=/home/eeiww/ud90uhak/bumperbot_ws/src/install/bumperbot_msgs/lib:${LD_LIBRARY_PATH} PYTHONPATH=/home/eeiww/ud90uhak/bumperbot_ws/src/install/bumperbot_msgs/lib/python3.12/site-packages:${PYTHONPATH} /usr/bin/cmake --build /home/eeiww/ud90uhak/bumperbot_ws/src/build/bumperbot_cpp_examples -- -j8 -l8
[2.251s] INFO:colcon.colcon_core.task.python.build:Building Python package in '/home/eeiww/ud90uhak/bumperbot_ws/src/bumperbot_py_examples'
[2.251s] INFO:colcon.colcon_core.shell:Skip shell extension 'powershell' for command environment: Not usable outside of PowerShell
[2.251s] DEBUG:colcon.colcon_core.shell:Skip shell extension 'dsv' for command environment
[2.268s] DEBUG:colcon.colcon_core.event_handler.log_command:Invoked command in '/home/eeiww/ud90uhak/bumperbot_ws/src/build/bumperbot_cpp_examples' returned '0': AMENT_PREFIX_PATH=/home/eeiww/ud90uhak/bumperbot_ws/src/install/bumperbot_msgs:${AMENT_PREFIX_PATH} CMAKE_PREFIX_PATH=/home/eeiww/ud90uhak/bumperbot_ws/src/install/bumperbot_msgs:/opt/ros/jazzy/opt/gz_sim_vendor:/opt/ros/jazzy/opt/gz_sensors_vendor:/opt/ros/jazzy/opt/gz_physics_vendor:/opt/ros/jazzy/opt/sdformat_vendor:/opt/ros/jazzy/opt/gz_gui_vendor:/opt/ros/jazzy/opt/gz_transport_vendor:/opt/ros/jazzy/opt/gz_rendering_vendor:/opt/ros/jazzy/opt/gz_plugin_vendor:/opt/ros/jazzy/opt/gz_fuel_tools_vendor:/opt/ros/jazzy/opt/gz_msgs_vendor:/opt/ros/jazzy/opt/gz_common_vendor:/opt/ros/jazzy/opt/gz_math_vendor:/opt/ros/jazzy/opt/gz_utils_vendor:/opt/ros/jazzy/opt/gz_tools_vendor:/opt/ros/jazzy/opt/gz_ogre_next_vendor:/opt/ros/jazzy/opt/gz_dartsim_vendor:/opt/ros/jazzy/opt/gz_cmake_vendor:/opt/ros/jazzy DEBUGINFOD_URLS=https://debuginfod.ubuntu.com LD_LIBRARY_PATH=/home/eeiww/ud90uhak/bumperbot_ws/src/install/bumperbot_msgs/lib:${LD_LIBRARY_PATH} PYTHONPATH=/home/eeiww/ud90uhak/bumperbot_ws/src/install/bumperbot_msgs/lib/python3.12/site-packages:${PYTHONPATH} /usr/bin/cmake --build /home/eeiww/ud90uhak/bumperbot_ws/src/build/bumperbot_cpp_examples -- -j8 -l8
[2.276s] DEBUG:colcon.colcon_core.event_handler.log_command:Invoking command in '/home/eeiww/ud90uhak/bumperbot_ws/src/build/bumperbot_cpp_examples': AMENT_PREFIX_PATH=/home/eeiww/ud90uhak/bumperbot_ws/src/install/bumperbot_msgs:${AMENT_PREFIX_PATH} CMAKE_PREFIX_PATH=/home/eeiww/ud90uhak/bumperbot_ws/src/install/bumperbot_msgs:/opt/ros/jazzy/opt/gz_sim_vendor:/opt/ros/jazzy/opt/gz_sensors_vendor:/opt/ros/jazzy/opt/gz_physics_vendor:/opt/ros/jazzy/opt/sdformat_vendor:/opt/ros/jazzy/opt/gz_gui_vendor:/opt/ros/jazzy/opt/gz_transport_vendor:/opt/ros/jazzy/opt/gz_rendering_vendor:/opt/ros/jazzy/opt/gz_plugin_vendor:/opt/ros/jazzy/opt/gz_fuel_tools_vendor:/opt/ros/jazzy/opt/gz_msgs_vendor:/opt/ros/jazzy/opt/gz_common_vendor:/opt/ros/jazzy/opt/gz_math_vendor:/opt/ros/jazzy/opt/gz_utils_vendor:/opt/ros/jazzy/opt/gz_tools_vendor:/opt/ros/jazzy/opt/gz_ogre_next_vendor:/opt/ros/jazzy/opt/gz_dartsim_vendor:/opt/ros/jazzy/opt/gz_cmake_vendor:/opt/ros/jazzy DEBUGINFOD_URLS=https://debuginfod.ubuntu.com LD_LIBRARY_PATH=/home/eeiww/ud90uhak/bumperbot_ws/src/install/bumperbot_msgs/lib:${LD_LIBRARY_PATH} PYTHONPATH=/home/eeiww/ud90uhak/bumperbot_ws/src/install/bumperbot_msgs/lib/python3.12/site-packages:${PYTHONPATH} /usr/bin/cmake --install /home/eeiww/ud90uhak/bumperbot_ws/src/build/bumperbot_cpp_examples
[2.280s] Level 1:colcon.colcon_core.environment:create_environment_scripts_only(bumperbot_description)
[2.280s] Level 1:colcon.colcon_core.environment:checking '/home/eeiww/ud90uhak/bumperbot_ws/src/install/bumperbot_description' for CMake module files
[2.281s] DEBUG:colcon.colcon_core.event_handler.log_command:Invoked command in '/home/eeiww/ud90uhak/bumperbot_ws/src/build/bumperbot_description' returned '0': CMAKE_PREFIX_PATH=${CMAKE_PREFIX_PATH}:/opt/ros/jazzy DEBUGINFOD_URLS=https://debuginfod.ubuntu.com /usr/bin/cmake --install /home/eeiww/ud90uhak/bumperbot_ws/src/build/bumperbot_description
[2.285s] Level 1:colcon.colcon_core.environment:checking '/home/eeiww/ud90uhak/bumperbot_ws/src/install/bumperbot_description' for CMake config files
[2.291s] Level 1:colcon.colcon_core.shell:create_environment_hook('bumperbot_description', 'cmake_prefix_path')
[2.291s] INFO:colcon.colcon_core.shell:Creating environment hook '/home/eeiww/ud90uhak/bumperbot_ws/src/install/bumperbot_description/share/bumperbot_description/hook/cmake_prefix_path.ps1'
[2.294s] INFO:colcon.colcon_core.shell:Creating environment descriptor '/home/eeiww/ud90uhak/bumperbot_ws/src/install/bumperbot_description/share/bumperbot_description/hook/cmake_prefix_path.dsv'
[2.297s] INFO:colcon.colcon_core.shell:Creating environment hook '/home/eeiww/ud90uhak/bumperbot_ws/src/install/bumperbot_description/share/bumperbot_description/hook/cmake_prefix_path.sh'
[2.301s] Level 1:colcon.colcon_core.environment:checking '/home/eeiww/ud90uhak/bumperbot_ws/src/install/bumperbot_description/bin'
[2.301s] Level 1:colcon.colcon_core.environment:checking '/home/eeiww/ud90uhak/bumperbot_ws/src/install/bumperbot_description/lib/pkgconfig/bumperbot_description.pc'
[2.301s] Level 1:colcon.colcon_core.environment:checking '/home/eeiww/ud90uhak/bumperbot_ws/src/install/bumperbot_description/lib/python3.12/site-packages'
[2.301s] Level 1:colcon.colcon_core.environment:checking '/home/eeiww/ud90uhak/bumperbot_ws/src/install/bumperbot_description/bin'
[2.302s] INFO:colcon.colcon_core.shell:Creating package script '/home/eeiww/ud90uhak/bumperbot_ws/src/install/bumperbot_description/share/bumperbot_description/package.ps1'
[2.304s] INFO:colcon.colcon_core.shell:Creating package descriptor '/home/eeiww/ud90uhak/bumperbot_ws/src/install/bumperbot_description/share/bumperbot_description/package.dsv'
[2.307s] INFO:colcon.colcon_core.shell:Creating package script '/home/eeiww/ud90uhak/bumperbot_ws/src/install/bumperbot_description/share/bumperbot_description/package.sh'
[2.309s] INFO:colcon.colcon_core.shell:Creating package script '/home/eeiww/ud90uhak/bumperbot_ws/src/install/bumperbot_description/share/bumperbot_description/package.bash'
[2.311s] INFO:colcon.colcon_core.shell:Creating package script '/home/eeiww/ud90uhak/bumperbot_ws/src/install/bumperbot_description/share/bumperbot_description/package.zsh'
[2.314s] Level 1:colcon.colcon_core.environment:create_file_with_runtime_dependencies(/home/eeiww/ud90uhak/bumperbot_ws/src/install/bumperbot_description/share/colcon-core/packages/bumperbot_description)
[2.318s] Level 1:colcon.colcon_core.environment:create_environment_scripts_only(bumperbot_description)
[2.318s] Level 1:colcon.colcon_core.environment:checking '/home/eeiww/ud90uhak/bumperbot_ws/src/install/bumperbot_description' for CMake module files
[2.320s] Level 1:colcon.colcon_core.environment:checking '/home/eeiww/ud90uhak/bumperbot_ws/src/install/bumperbot_description' for CMake config files
[2.322s] Level 1:colcon.colcon_core.shell:create_environment_hook('bumperbot_description', 'cmake_prefix_path')
[2.323s] INFO:colcon.colcon_core.shell:Creating environment hook '/home/eeiww/ud90uhak/bumperbot_ws/src/install/bumperbot_description/share/bumperbot_description/hook/cmake_prefix_path.ps1'
[2.325s] INFO:colcon.colcon_core.shell:Creating environment descriptor '/home/eeiww/ud90uhak/bumperbot_ws/src/install/bumperbot_description/share/bumperbot_description/hook/cmake_prefix_path.dsv'
[2.327s] INFO:colcon.colcon_core.shell:Creating environment hook '/home/eeiww/ud90uhak/bumperbot_ws/src/install/bumperbot_description/share/bumperbot_description/hook/cmake_prefix_path.sh'
[2.330s] Level 1:colcon.colcon_core.environment:checking '/home/eeiww/ud90uhak/bumperbot_ws/src/install/bumperbot_description/bin'
[2.330s] Level 1:colcon.colcon_core.environment:checking '/home/eeiww/ud90uhak/bumperbot_ws/src/install/bumperbot_description/lib/pkgconfig/bumperbot_description.pc'
[2.331s] Level 1:colcon.colcon_core.environment:checking '/home/eeiww/ud90uhak/bumperbot_ws/src/install/bumperbot_description/lib/python3.12/site-packages'
[2.331s] Level 1:colcon.colcon_core.environment:checking '/home/eeiww/ud90uhak/bumperbot_ws/src/install/bumperbot_description/bin'
[2.331s] INFO:colcon.colcon_core.shell:Creating package script '/home/eeiww/ud90uhak/bumperbot_ws/src/install/bumperbot_description/share/bumperbot_description/package.ps1'
[2.334s] INFO:colcon.colcon_core.shell:Creating package descriptor '/home/eeiww/ud90uhak/bumperbot_ws/src/install/bumperbot_description/share/bumperbot_description/package.dsv'
[2.336s] INFO:colcon.colcon_core.shell:Creating package script '/home/eeiww/ud90uhak/bumperbot_ws/src/install/bumperbot_description/share/bumperbot_description/package.sh'
[2.338s] INFO:colcon.colcon_core.shell:Creating package script '/home/eeiww/ud90uhak/bumperbot_ws/src/install/bumperbot_description/share/bumperbot_description/package.bash'
[2.341s] INFO:colcon.colcon_core.shell:Creating package script '/home/eeiww/ud90uhak/bumperbot_ws/src/install/bumperbot_description/share/bumperbot_description/package.zsh'
[2.343s] Level 1:colcon.colcon_core.environment:create_file_with_runtime_dependencies(/home/eeiww/ud90uhak/bumperbot_ws/src/install/bumperbot_description/share/colcon-core/packages/bumperbot_description)
[2.414s] Level 1:colcon.colcon_core.environment:create_environment_scripts_only(bumperbot_cpp_examples)
[2.415s] Level 1:colcon.colcon_core.environment:checking '/home/eeiww/ud90uhak/bumperbot_ws/src/install/bumperbot_cpp_examples' for CMake module files
[2.415s] DEBUG:colcon.colcon_core.event_handler.log_command:Invoked command in '/home/eeiww/ud90uhak/bumperbot_ws/src/build/bumperbot_cpp_examples' returned '0': AMENT_PREFIX_PATH=/home/eeiww/ud90uhak/bumperbot_ws/src/install/bumperbot_msgs:${AMENT_PREFIX_PATH} CMAKE_PREFIX_PATH=/home/eeiww/ud90uhak/bumperbot_ws/src/install/bumperbot_msgs:/opt/ros/jazzy/opt/gz_sim_vendor:/opt/ros/jazzy/opt/gz_sensors_vendor:/opt/ros/jazzy/opt/gz_physics_vendor:/opt/ros/jazzy/opt/sdformat_vendor:/opt/ros/jazzy/opt/gz_gui_vendor:/opt/ros/jazzy/opt/gz_transport_vendor:/opt/ros/jazzy/opt/gz_rendering_vendor:/opt/ros/jazzy/opt/gz_plugin_vendor:/opt/ros/jazzy/opt/gz_fuel_tools_vendor:/opt/ros/jazzy/opt/gz_msgs_vendor:/opt/ros/jazzy/opt/gz_common_vendor:/opt/ros/jazzy/opt/gz_math_vendor:/opt/ros/jazzy/opt/gz_utils_vendor:/opt/ros/jazzy/opt/gz_tools_vendor:/opt/ros/jazzy/opt/gz_ogre_next_vendor:/opt/ros/jazzy/opt/gz_dartsim_vendor:/opt/ros/jazzy/opt/gz_cmake_vendor:/opt/ros/jazzy DEBUGINFOD_URLS=https://debuginfod.ubuntu.com LD_LIBRARY_PATH=/home/eeiww/ud90uhak/bumperbot_ws/src/install/bumperbot_msgs/lib:${LD_LIBRARY_PATH} PYTHONPATH=/home/eeiww/ud90uhak/bumperbot_ws/src/install/bumperbot_msgs/lib/python3.12/site-packages:${PYTHONPATH} /usr/bin/cmake --install /home/eeiww/ud90uhak/bumperbot_ws/src/build/bumperbot_cpp_examples
[2.421s] Level 1:colcon.colcon_core.environment:checking '/home/eeiww/ud90uhak/bumperbot_ws/src/install/bumperbot_cpp_examples' for CMake config files
[2.430s] Level 1:colcon.colcon_core.shell:create_environment_hook('bumperbot_cpp_examples', 'cmake_prefix_path')
[2.430s] INFO:colcon.colcon_core.shell:Creating environment hook '/home/eeiww/ud90uhak/bumperbot_ws/src/install/bumperbot_cpp_examples/share/bumperbot_cpp_examples/hook/cmake_prefix_path.ps1'
[2.434s] INFO:colcon.colcon_core.shell:Creating environment descriptor '/home/eeiww/ud90uhak/bumperbot_ws/src/install/bumperbot_cpp_examples/share/bumperbot_cpp_examples/hook/cmake_prefix_path.dsv'
[2.436s] INFO:colcon.colcon_core.shell:Creating environment hook '/home/eeiww/ud90uhak/bumperbot_ws/src/install/bumperbot_cpp_examples/share/bumperbot_cpp_examples/hook/cmake_prefix_path.sh'
[2.440s] Level 1:colcon.colcon_core.environment:checking '/home/eeiww/ud90uhak/bumperbot_ws/src/install/bumperbot_cpp_examples/lib'
[2.441s] Level 1:colcon.colcon_core.environment:checking '/home/eeiww/ud90uhak/bumperbot_ws/src/install/bumperbot_cpp_examples/bin'
[2.441s] Level 1:colcon.colcon_core.environment:checking '/home/eeiww/ud90uhak/bumperbot_ws/src/install/bumperbot_cpp_examples/lib/pkgconfig/bumperbot_cpp_examples.pc'
[2.442s] Level 1:colcon.colcon_core.environment:checking '/home/eeiww/ud90uhak/bumperbot_ws/src/install/bumperbot_cpp_examples/lib/python3.12/site-packages'
[2.443s] Level 1:colcon.colcon_core.environment:checking '/home/eeiww/ud90uhak/bumperbot_ws/src/install/bumperbot_cpp_examples/bin'
[2.443s] INFO:colcon.colcon_core.shell:Creating package script '/home/eeiww/ud90uhak/bumperbot_ws/src/install/bumperbot_cpp_examples/share/bumperbot_cpp_examples/package.ps1'
[2.446s] INFO:colcon.colcon_core.shell:Creating package descriptor '/home/eeiww/ud90uhak/bumperbot_ws/src/install/bumperbot_cpp_examples/share/bumperbot_cpp_examples/package.dsv'
[2.448s] INFO:colcon.colcon_core.shell:Creating package script '/home/eeiww/ud90uhak/bumperbot_ws/src/install/bumperbot_cpp_examples/share/bumperbot_cpp_examples/package.sh'
[2.451s] INFO:colcon.colcon_core.shell:Creating package script '/home/eeiww/ud90uhak/bumperbot_ws/src/install/bumperbot_cpp_examples/share/bumperbot_cpp_examples/package.bash'
[2.453s] INFO:colcon.colcon_core.shell:Creating package script '/home/eeiww/ud90uhak/bumperbot_ws/src/install/bumperbot_cpp_examples/share/bumperbot_cpp_examples/package.zsh'
[2.456s] Level 1:colcon.colcon_core.environment:create_file_with_runtime_dependencies(/home/eeiww/ud90uhak/bumperbot_ws/src/install/bumperbot_cpp_examples/share/colcon-core/packages/bumperbot_cpp_examples)
[2.460s] Level 1:colcon.colcon_core.environment:create_environment_scripts_only(bumperbot_cpp_examples)
[2.460s] Level 1:colcon.colcon_core.environment:checking '/home/eeiww/ud90uhak/bumperbot_ws/src/install/bumperbot_cpp_examples' for CMake module files
[2.462s] Level 1:colcon.colcon_core.environment:checking '/home/eeiww/ud90uhak/bumperbot_ws/src/install/bumperbot_cpp_examples' for CMake config files
[2.468s] Level 1:colcon.colcon_core.shell:create_environment_hook('bumperbot_cpp_examples', 'cmake_prefix_path')
[2.468s] INFO:colcon.colcon_core.shell:Creating environment hook '/home/eeiww/ud90uhak/bumperbot_ws/src/install/bumperbot_cpp_examples/share/bumperbot_cpp_examples/hook/cmake_prefix_path.ps1'
[2.471s] INFO:colcon.colcon_core.shell:Creating environment descriptor '/home/eeiww/ud90uhak/bumperbot_ws/src/install/bumperbot_cpp_examples/share/bumperbot_cpp_examples/hook/cmake_prefix_path.dsv'
[2.473s] INFO:colcon.colcon_core.shell:Creating environment hook '/home/eeiww/ud90uhak/bumperbot_ws/src/install/bumperbot_cpp_examples/share/bumperbot_cpp_examples/hook/cmake_prefix_path.sh'
[2.476s] Level 1:colcon.colcon_core.environment:checking '/home/eeiww/ud90uhak/bumperbot_ws/src/install/bumperbot_cpp_examples/lib'
[2.477s] Level 1:colcon.colcon_core.environment:checking '/home/eeiww/ud90uhak/bumperbot_ws/src/install/bumperbot_cpp_examples/bin'
[2.477s] Level 1:colcon.colcon_core.environment:checking '/home/eeiww/ud90uhak/bumperbot_ws/src/install/bumperbot_cpp_examples/lib/pkgconfig/bumperbot_cpp_examples.pc'
[2.477s] Level 1:colcon.colcon_core.environment:checking '/home/eeiww/ud90uhak/bumperbot_ws/src/install/bumperbot_cpp_examples/lib/python3.12/site-packages'
[2.477s] Level 1:colcon.colcon_core.environment:checking '/home/eeiww/ud90uhak/bumperbot_ws/src/install/bumperbot_cpp_examples/bin'
[2.477s] INFO:colcon.colcon_core.shell:Creating package script '/home/eeiww/ud90uhak/bumperbot_ws/src/install/bumperbot_cpp_examples/share/bumperbot_cpp_examples/package.ps1'
[2.480s] INFO:colcon.colcon_core.shell:Creating package descriptor '/home/eeiww/ud90uhak/bumperbot_ws/src/install/bumperbot_cpp_examples/share/bumperbot_cpp_examples/package.dsv'
[2.482s] INFO:colcon.colcon_core.shell:Creating package script '/home/eeiww/ud90uhak/bumperbot_ws/src/install/bumperbot_cpp_examples/share/bumperbot_cpp_examples/package.sh'
[2.485s] INFO:colcon.colcon_core.shell:Creating package script '/home/eeiww/ud90uhak/bumperbot_ws/src/install/bumperbot_cpp_examples/share/bumperbot_cpp_examples/package.bash'
[2.487s] INFO:colcon.colcon_core.shell:Creating package script '/home/eeiww/ud90uhak/bumperbot_ws/src/install/bumperbot_cpp_examples/share/bumperbot_cpp_examples/package.zsh'
[2.490s] Level 1:colcon.colcon_core.environment:create_file_with_runtime_dependencies(/home/eeiww/ud90uhak/bumperbot_ws/src/install/bumperbot_cpp_examples/share/colcon-core/packages/bumperbot_cpp_examples)
[3.212s] DEBUG:colcon.colcon_core.event_handler.log_command:Invoking command in '/home/eeiww/ud90uhak/bumperbot_ws/src/bumperbot_py_examples': AMENT_PREFIX_PATH=/home/eeiww/ud90uhak/bumperbot_ws/src/install/bumperbot_msgs:${AMENT_PREFIX_PATH} CMAKE_PREFIX_PATH=/home/eeiww/ud90uhak/bumperbot_ws/src/install/bumperbot_msgs:${CMAKE_PREFIX_PATH} DEBUGINFOD_URLS=https://debuginfod.ubuntu.com LD_LIBRARY_PATH=/home/eeiww/ud90uhak/bumperbot_ws/src/install/bumperbot_msgs/lib:${LD_LIBRARY_PATH} PYTHONPATH=/home/eeiww/ud90uhak/bumperbot_ws/src/build/bumperbot_py_examples/prefix_override:/usr/lib/python3/dist-packages/colcon_core/task/python/colcon_distutils_commands:/home/eeiww/ud90uhak/bumperbot_ws/src/install/bumperbot_py_examples/lib/python3.12/site-packages:/home/eeiww/ud90uhak/bumperbot_ws/src/install/bumperbot_msgs/lib/python3.12/site-packages:${PYTHONPATH} /usr/bin/python3 -W ignore:setup.py install is deprecated -W ignore:easy_install command is deprecated setup.py egg_info --egg-base ../build/bumperbot_py_examples build --build-base /home/eeiww/ud90uhak/bumperbot_ws/src/build/bumperbot_py_examples/build install --record /home/eeiww/ud90uhak/bumperbot_ws/src/build/bumperbot_py_examples/install.log --single-version-externally-managed install_data
[4.178s] Level 1:colcon.colcon_core.environment:checking '/home/eeiww/ud90uhak/bumperbot_ws/src/install/bumperbot_py_examples' for CMake module files
[4.178s] DEBUG:colcon.colcon_core.event_handler.log_command:Invoked command in '/home/eeiww/ud90uhak/bumperbot_ws/src/bumperbot_py_examples' returned '0': AMENT_PREFIX_PATH=/home/eeiww/ud90uhak/bumperbot_ws/src/install/bumperbot_msgs:${AMENT_PREFIX_PATH} CMAKE_PREFIX_PATH=/home/eeiww/ud90uhak/bumperbot_ws/src/install/bumperbot_msgs:${CMAKE_PREFIX_PATH} DEBUGINFOD_URLS=https://debuginfod.ubuntu.com LD_LIBRARY_PATH=/home/eeiww/ud90uhak/bumperbot_ws/src/install/bumperbot_msgs/lib:${LD_LIBRARY_PATH} PYTHONPATH=/home/eeiww/ud90uhak/bumperbot_ws/src/build/bumperbot_py_examples/prefix_override:/usr/lib/python3/dist-packages/colcon_core/task/python/colcon_distutils_commands:/home/eeiww/ud90uhak/bumperbot_ws/src/install/bumperbot_py_examples/lib/python3.12/site-packages:/home/eeiww/ud90uhak/bumperbot_ws/src/install/bumperbot_msgs/lib/python3.12/site-packages:${PYTHONPATH} /usr/bin/python3 -W ignore:setup.py install is deprecated -W ignore:easy_install command is deprecated setup.py egg_info --egg-base ../build/bumperbot_py_examples build --build-base /home/eeiww/ud90uhak/bumperbot_ws/src/build/bumperbot_py_examples/build install --record /home/eeiww/ud90uhak/bumperbot_ws/src/build/bumperbot_py_examples/install.log --single-version-externally-managed install_data
[4.185s] Level 1:colcon.colcon_core.environment:checking '/home/eeiww/ud90uhak/bumperbot_ws/src/install/bumperbot_py_examples' for CMake config files
[4.203s] Level 1:colcon.colcon_core.environment:checking '/home/eeiww/ud90uhak/bumperbot_ws/src/install/bumperbot_py_examples/lib'
[4.204s] Level 1:colcon.colcon_core.environment:checking '/home/eeiww/ud90uhak/bumperbot_ws/src/install/bumperbot_py_examples/bin'
[4.204s] Level 1:colcon.colcon_core.environment:checking '/home/eeiww/ud90uhak/bumperbot_ws/src/install/bumperbot_py_examples/lib/pkgconfig/bumperbot_py_examples.pc'
[4.205s] Level 1:colcon.colcon_core.environment:checking '/home/eeiww/ud90uhak/bumperbot_ws/src/install/bumperbot_py_examples/lib/python3.12/site-packages'
[4.205s] Level 1:colcon.colcon_core.shell:create_environment_hook('bumperbot_py_examples', 'pythonpath')
[4.205s] INFO:colcon.colcon_core.shell:Creating environment hook '/home/eeiww/ud90uhak/bumperbot_ws/src/install/bumperbot_py_examples/share/bumperbot_py_examples/hook/pythonpath.ps1'
[4.208s] INFO:colcon.colcon_core.shell:Creating environment descriptor '/home/eeiww/ud90uhak/bumperbot_ws/src/install/bumperbot_py_examples/share/bumperbot_py_examples/hook/pythonpath.dsv'
[4.210s] INFO:colcon.colcon_core.shell:Creating environment hook '/home/eeiww/ud90uhak/bumperbot_ws/src/install/bumperbot_py_examples/share/bumperbot_py_examples/hook/pythonpath.sh'
[4.213s] Level 1:colcon.colcon_core.environment:checking '/home/eeiww/ud90uhak/bumperbot_ws/src/install/bumperbot_py_examples/bin'
[4.213s] Level 1:colcon.colcon_core.environment:create_environment_scripts_only(bumperbot_py_examples)
[4.213s] INFO:colcon.colcon_core.shell:Creating package script '/home/eeiww/ud90uhak/bumperbot_ws/src/install/bumperbot_py_examples/share/bumperbot_py_examples/package.ps1'
[4.217s] INFO:colcon.colcon_core.shell:Creating package descriptor '/home/eeiww/ud90uhak/bumperbot_ws/src/install/bumperbot_py_examples/share/bumperbot_py_examples/package.dsv'
[4.219s] INFO:colcon.colcon_core.shell:Creating package script '/home/eeiww/ud90uhak/bumperbot_ws/src/install/bumperbot_py_examples/share/bumperbot_py_examples/package.sh'
[4.222s] INFO:colcon.colcon_core.shell:Creating package script '/home/eeiww/ud90uhak/bumperbot_ws/src/install/bumperbot_py_examples/share/bumperbot_py_examples/package.bash'
[4.224s] INFO:colcon.colcon_core.shell:Creating package script '/home/eeiww/ud90uhak/bumperbot_ws/src/install/bumperbot_py_examples/share/bumperbot_py_examples/package.zsh'
[4.227s] Level 1:colcon.colcon_core.environment:create_file_with_runtime_dependencies(/home/eeiww/ud90uhak/bumperbot_ws/src/install/bumperbot_py_examples/share/colcon-core/packages/bumperbot_py_examples)
[4.230s] DEBUG:colcon.colcon_parallel_executor.executor.parallel:closing loop
[4.230s] DEBUG:colcon.colcon_parallel_executor.executor.parallel:loop closed
[4.230s] DEBUG:colcon.colcon_parallel_executor.executor.parallel:run_until_complete finished with '0'
[4.230s] DEBUG:colcon.colcon_core.event_reactor:joining thread
[4.245s] INFO:colcon.colcon_core.plugin_system:Skipping extension 'colcon_notification.desktop_notification.terminal_notifier': Not used on non-Darwin systems
[4.245s] INFO:colcon.colcon_core.plugin_system:Skipping extension 'colcon_notification.desktop_notification.win32': Not used on non-Windows systems
[4.245s] INFO:colcon.colcon_notification.desktop_notification:Sending desktop notification using 'notify2'
[4.291s] DEBUG:colcon.colcon_core.event_reactor:joined thread
[4.292s] INFO:colcon.colcon_core.shell:Creating prefix script '/home/eeiww/ud90uhak/bumperbot_ws/src/install/local_setup.ps1'
[4.296s] INFO:colcon.colcon_core.shell:Creating prefix util module '/home/eeiww/ud90uhak/bumperbot_ws/src/install/_local_setup_util_ps1.py'
[4.300s] INFO:colcon.colcon_core.shell:Creating prefix chain script '/home/eeiww/ud90uhak/bumperbot_ws/src/install/setup.ps1'
[4.304s] INFO:colcon.colcon_core.shell:Creating prefix script '/home/eeiww/ud90uhak/bumperbot_ws/src/install/local_setup.sh'
[4.308s] INFO:colcon.colcon_core.shell:Creating prefix util module '/home/eeiww/ud90uhak/bumperbot_ws/src/install/_local_setup_util_sh.py'
[4.311s] INFO:colcon.colcon_core.shell:Creating prefix chain script '/home/eeiww/ud90uhak/bumperbot_ws/src/install/setup.sh'
[4.315s] INFO:colcon.colcon_core.shell:Creating prefix script '/home/eeiww/ud90uhak/bumperbot_ws/src/install/local_setup.bash'
[4.319s] INFO:colcon.colcon_core.shell:Creating prefix chain script '/home/eeiww/ud90uhak/bumperbot_ws/src/install/setup.bash'
[4.322s] INFO:colcon.colcon_core.shell:Creating prefix script '/home/eeiww/ud90uhak/bumperbot_ws/src/install/local_setup.zsh'
[4.325s] INFO:colcon.colcon_core.shell:Creating prefix chain script '/home/eeiww/ud90uhak/bumperbot_ws/src/install/setup.zsh'
