[0.073s] Invoking command in '/home/eeiww/ud90uhak/bumperbot_ws/src/build/bumperbot_description': CMAKE_PREFIX_PATH=${CMAKE_PREFIX_PATH}:/opt/ros/jazzy DEBUGINFOD_URLS=https://debuginfod.ubuntu.com /usr/bin/cmake --build /home/eeiww/ud90uhak/bumperbot_ws/src/build/bumperbot_description -- -j8 -l8
[0.131s] Invoked command in '/home/eeiww/ud90uhak/bumperbot_ws/src/build/bumperbot_description' returned '0': CMAKE_PREFIX_PATH=${CMAKE_PREFIX_PATH}:/opt/ros/jazzy DEBUGINFOD_URLS=https://debuginfod.ubuntu.com /usr/bin/cmake --build /home/eeiww/ud90uhak/bumperbot_ws/src/build/bumperbot_description -- -j8 -l8
[0.146s] Invoking command in '/home/eeiww/ud90uhak/bumperbot_ws/src/build/bumperbot_description': CMAKE_PREFIX_PATH=${CMAKE_PREFIX_PATH}:/opt/ros/jazzy DEBUGINFOD_URLS=https://debuginfod.ubuntu.com /usr/bin/cmake --install /home/eeiww/ud90uhak/bumperbot_ws/src/build/bumperbot_description
[1.133s] -- Install configuration: ""
[1.134s] -- Up-to-date: /home/eeiww/ud90uhak/bumperbot_ws/src/install/bumperbot_description/share/bumperbot_description/launch
[1.134s] -- Up-to-date: /home/eeiww/ud90uhak/bumperbot_ws/src/install/bumperbot_description/share/bumperbot_description/launch/display.launch.py
[1.134s] -- Up-to-date: /home/eeiww/ud90uhak/bumperbot_ws/src/install/bumperbot_description/share/bumperbot_description/launch/gazebo.launch.py
[1.134s] -- Up-to-date: /home/eeiww/ud90uhak/bumperbot_ws/src/install/bumperbot_description/share/bumperbot_description/meshes
[1.134s] -- Up-to-date: /home/eeiww/ud90uhak/bumperbot_ws/src/install/bumperbot_description/share/bumperbot_description/meshes/base_link.STL
[1.134s] -- Up-to-date: /home/eeiww/ud90uhak/bumperbot_ws/src/install/bumperbot_description/share/bumperbot_description/meshes/wheel_left_link.STL
[1.134s] -- Up-to-date: /home/eeiww/ud90uhak/bumperbot_ws/src/install/bumperbot_description/share/bumperbot_description/meshes/caster_front_link.STL
[1.134s] -- Up-to-date: /home/eeiww/ud90uhak/bumperbot_ws/src/install/bumperbot_description/share/bumperbot_description/meshes/imu_link.STL
[1.134s] -- Up-to-date: /home/eeiww/ud90uhak/bumperbot_ws/src/install/bumperbot_description/share/bumperbot_description/meshes/laser_link.STL
[1.134s] -- Up-to-date: /home/eeiww/ud90uhak/bumperbot_ws/src/install/bumperbot_description/share/bumperbot_description/meshes/caster_rear_link.STL
[1.134s] -- Up-to-date: /home/eeiww/ud90uhak/bumperbot_ws/src/install/bumperbot_description/share/bumperbot_description/meshes/wheel_right_link.STL
[1.134s] -- Up-to-date: /home/eeiww/ud90uhak/bumperbot_ws/src/install/bumperbot_description/share/bumperbot_description/urdf
[1.135s] -- Up-to-date: /home/eeiww/ud90uhak/bumperbot_ws/src/install/bumperbot_description/share/bumperbot_description/urdf/bumperbot_ros2_control.xacro
[1.135s] -- Up-to-date: /home/eeiww/ud90uhak/bumperbot_ws/src/install/bumperbot_description/share/bumperbot_description/urdf/bumperbot_gazebo.xacro
[1.135s] -- Up-to-date: /home/eeiww/ud90uhak/bumperbot_ws/src/install/bumperbot_description/share/bumperbot_description/urdf/bumperbot.urdf.xacro
[1.135s] -- Up-to-date: /home/eeiww/ud90uhak/bumperbot_ws/src/install/bumperbot_description/share/bumperbot_description/rviz
[1.135s] -- Up-to-date: /home/eeiww/ud90uhak/bumperbot_ws/src/install/bumperbot_description/share/bumperbot_description/rviz/display.rviz
[1.136s] -- Up-to-date: /home/eeiww/ud90uhak/bumperbot_ws/src/install/bumperbot_description/share/bumperbot_description/models
[1.138s] -- Up-to-date: /home/eeiww/ud90uhak/bumperbot_ws/src/install/bumperbot_description/share/bumperbot_description/models/aws_robomaker_residential_Curtain_01
[1.138s] -- Up-to-date: /home/eeiww/ud90uhak/bumperbot_ws/src/install/bumperbot_description/share/bumperbot_description/models/aws_robomaker_residential_Curtain_01/meshes
[1.140s] -- Up-to-date: /home/eeiww/ud90uhak/bumperbot_ws/src/install/bumperbot_description/share/bumperbot_description/models/aws_robomaker_residential_Curtain_01/meshes/aws_Curtain_01_collision.DAE
[1.140s] -- Up-to-date: /home/eeiww/ud90uhak/bumperbot_ws/src/install/bumperbot_description/share/bumperbot_description/models/aws_robomaker_residential_Curtain_01/meshes/aws_Curtain_01_visual.DAE
[1.142s] -- Up-to-date: /home/eeiww/ud90uhak/bumperbot_ws/src/install/bumperbot_description/share/bumperbot_description/models/aws_robomaker_residential_Curtain_01/model.sdf
[1.144s] -- Up-to-date: /home/eeiww/ud90uhak/bumperbot_ws/src/install/bumperbot_description/share/bumperbot_description/models/aws_robomaker_residential_Curtain_01/model.config
[1.145s] -- Up-to-date: /home/eeiww/ud90uhak/bumperbot_ws/src/install/bumperbot_description/share/bumperbot_description/models/aws_robomaker_residential_Curtain_01/materials
[1.145s] -- Up-to-date: /home/eeiww/ud90uhak/bumperbot_ws/src/install/bumperbot_description/share/bumperbot_description/models/aws_robomaker_residential_Curtain_01/materials/textures
[1.145s] -- Up-to-date: /home/eeiww/ud90uhak/bumperbot_ws/src/install/bumperbot_description/share/bumperbot_description/models/aws_robomaker_residential_Curtain_01/materials/textures/aws_Curtain_01.png
[1.145s] -- Up-to-date: /home/eeiww/ud90uhak/bumperbot_ws/src/install/bumperbot_description/share/bumperbot_description/models/aws_robomaker_residential_SecurityCamera_01
[1.145s] -- Up-to-date: /home/eeiww/ud90uhak/bumperbot_ws/src/install/bumperbot_description/share/bumperbot_description/models/aws_robomaker_residential_SecurityCamera_01/meshes
[1.145s] -- Up-to-date: /home/eeiww/ud90uhak/bumperbot_ws/src/install/bumperbot_description/share/bumperbot_description/models/aws_robomaker_residential_SecurityCamera_01/meshes/aws_SecurityCamera_01_collision.DAE
[1.145s] -- Up-to-date: /home/eeiww/ud90uhak/bumperbot_ws/src/install/bumperbot_description/share/bumperbot_description/models/aws_robomaker_residential_SecurityCamera_01/meshes/aws_SecurityCamera_01_visual.DAE
[1.145s] -- Up-to-date: /home/eeiww/ud90uhak/bumperbot_ws/src/install/bumperbot_description/share/bumperbot_description/models/aws_robomaker_residential_SecurityCamera_01/model.sdf
[1.145s] -- Up-to-date: /home/eeiww/ud90uhak/bumperbot_ws/src/install/bumperbot_description/share/bumperbot_description/models/aws_robomaker_residential_SecurityCamera_01/model.config
[1.145s] -- Up-to-date: /home/eeiww/ud90uhak/bumperbot_ws/src/install/bumperbot_description/share/bumperbot_description/models/aws_robomaker_residential_SecurityCamera_01/materials
[1.145s] -- Up-to-date: /home/eeiww/ud90uhak/bumperbot_ws/src/install/bumperbot_description/share/bumperbot_description/models/aws_robomaker_residential_SecurityCamera_01/materials/textures
[1.145s] -- Up-to-date: /home/eeiww/ud90uhak/bumperbot_ws/src/install/bumperbot_description/share/bumperbot_description/models/aws_robomaker_residential_SecurityCamera_01/materials/textures/aws_SecurityCamera_01.png
[1.145s] -- Up-to-date: /home/eeiww/ud90uhak/bumperbot_ws/src/install/bumperbot_description/share/bumperbot_description/models/aws_robomaker_residential_Ball_01
[1.146s] -- Up-to-date: /home/eeiww/ud90uhak/bumperbot_ws/src/install/bumperbot_description/share/bumperbot_description/models/aws_robomaker_residential_Ball_01/meshes
[1.146s] -- Up-to-date: /home/eeiww/ud90uhak/bumperbot_ws/src/install/bumperbot_description/share/bumperbot_description/models/aws_robomaker_residential_Ball_01/meshes/aws_Ball_01_visual.DAE
[1.146s] -- Up-to-date: /home/eeiww/ud90uhak/bumperbot_ws/src/install/bumperbot_description/share/bumperbot_description/models/aws_robomaker_residential_Ball_01/meshes/aws_Ball_01_collision.DAE
[1.146s] -- Up-to-date: /home/eeiww/ud90uhak/bumperbot_ws/src/install/bumperbot_description/share/bumperbot_description/models/aws_robomaker_residential_Ball_01/model.sdf
[1.146s] -- Up-to-date: /home/eeiww/ud90uhak/bumperbot_ws/src/install/bumperbot_description/share/bumperbot_description/models/aws_robomaker_residential_Ball_01/model.config
[1.146s] -- Up-to-date: /home/eeiww/ud90uhak/bumperbot_ws/src/install/bumperbot_description/share/bumperbot_description/models/aws_robomaker_residential_Ball_01/materials
[1.146s] -- Up-to-date: /home/eeiww/ud90uhak/bumperbot_ws/src/install/bumperbot_description/share/bumperbot_description/models/aws_robomaker_residential_Ball_01/materials/textures
[1.146s] -- Up-to-date: /home/eeiww/ud90uhak/bumperbot_ws/src/install/bumperbot_description/share/bumperbot_description/models/aws_robomaker_residential_Ball_01/materials/textures/aws_Ball_01.png
[1.146s] -- Up-to-date: /home/eeiww/ud90uhak/bumperbot_ws/src/install/bumperbot_description/share/bumperbot_description/models/aws_robomaker_warehouse_ShelfD_01
[1.146s] -- Up-to-date: /home/eeiww/ud90uhak/bumperbot_ws/src/install/bumperbot_description/share/bumperbot_description/models/aws_robomaker_warehouse_ShelfD_01/meshes
[1.146s] -- Up-to-date: /home/eeiww/ud90uhak/bumperbot_ws/src/install/bumperbot_description/share/bumperbot_description/models/aws_robomaker_warehouse_ShelfD_01/meshes/aws_robomaker_warehouse_ShelfD_01_visual.DAE
[1.146s] -- Up-to-date: /home/eeiww/ud90uhak/bumperbot_ws/src/install/bumperbot_description/share/bumperbot_description/models/aws_robomaker_warehouse_ShelfD_01/meshes/aws_robomaker_warehouse_ShelfD_01_collision.DAE
[1.146s] -- Up-to-date: /home/eeiww/ud90uhak/bumperbot_ws/src/install/bumperbot_description/share/bumperbot_description/models/aws_robomaker_warehouse_ShelfD_01/model.sdf
[1.146s] -- Up-to-date: /home/eeiww/ud90uhak/bumperbot_ws/src/install/bumperbot_description/share/bumperbot_description/models/aws_robomaker_warehouse_ShelfD_01/model.config
[1.146s] -- Up-to-date: /home/eeiww/ud90uhak/bumperbot_ws/src/install/bumperbot_description/share/bumperbot_description/models/aws_robomaker_warehouse_ShelfD_01/materials
[1.146s] -- Up-to-date: /home/eeiww/ud90uhak/bumperbot_ws/src/install/bumperbot_description/share/bumperbot_description/models/aws_robomaker_warehouse_ShelfD_01/materials/textures
[1.147s] -- Up-to-date: /home/eeiww/ud90uhak/bumperbot_ws/src/install/bumperbot_description/share/bumperbot_description/models/aws_robomaker_warehouse_ShelfD_01/materials/textures/aws_robomaker_warehouse_ShelfD_03.png
[1.147s] -- Up-to-date: /home/eeiww/ud90uhak/bumperbot_ws/src/install/bumperbot_description/share/bumperbot_description/models/aws_robomaker_warehouse_ShelfD_01/materials/textures/aws_robomaker_warehouse_ShelfD_04.png
[1.147s] -- Up-to-date: /home/eeiww/ud90uhak/bumperbot_ws/src/install/bumperbot_description/share/bumperbot_description/models/aws_robomaker_warehouse_ShelfD_01/materials/textures/aws_robomaker_warehouse_ShelfD_02.png
[1.147s] -- Up-to-date: /home/eeiww/ud90uhak/bumperbot_ws/src/install/bumperbot_description/share/bumperbot_description/models/aws_robomaker_warehouse_ShelfD_01/materials/textures/aws_robomaker_warehouse_ShelfD_01.png
[1.147s] -- Up-to-date: /home/eeiww/ud90uhak/bumperbot_ws/src/install/bumperbot_description/share/bumperbot_description/models/aws_robomaker_warehouse_ClutteringC_01
[1.147s] -- Up-to-date: /home/eeiww/ud90uhak/bumperbot_ws/src/install/bumperbot_description/share/bumperbot_description/models/aws_robomaker_warehouse_ClutteringC_01/meshes
[1.147s] -- Up-to-date: /home/eeiww/ud90uhak/bumperbot_ws/src/install/bumperbot_description/share/bumperbot_description/models/aws_robomaker_warehouse_ClutteringC_01/meshes/aws_robomaker_warehouse_ClutteringC_01_visual.DAE
[1.147s] -- Up-to-date: /home/eeiww/ud90uhak/bumperbot_ws/src/install/bumperbot_description/share/bumperbot_description/models/aws_robomaker_warehouse_ClutteringC_01/meshes/aws_robomaker_warehouse_ClutteringC_01_collision.DAE
[1.147s] -- Up-to-date: /home/eeiww/ud90uhak/bumperbot_ws/src/install/bumperbot_description/share/bumperbot_description/models/aws_robomaker_warehouse_ClutteringC_01/model.sdf
[1.147s] -- Up-to-date: /home/eeiww/ud90uhak/bumperbot_ws/src/install/bumperbot_description/share/bumperbot_description/models/aws_robomaker_warehouse_ClutteringC_01/model.config
[1.147s] -- Up-to-date: /home/eeiww/ud90uhak/bumperbot_ws/src/install/bumperbot_description/share/bumperbot_description/models/aws_robomaker_warehouse_ClutteringC_01/materials
[1.147s] -- Up-to-date: /home/eeiww/ud90uhak/bumperbot_ws/src/install/bumperbot_description/share/bumperbot_description/models/aws_robomaker_warehouse_ClutteringC_01/materials/textures
[1.147s] -- Up-to-date: /home/eeiww/ud90uhak/bumperbot_ws/src/install/bumperbot_description/share/bumperbot_description/models/aws_robomaker_warehouse_ClutteringC_01/materials/textures/aws_robomaker_warehouse_ClutteringC_02.png
[1.147s] -- Up-to-date: /home/eeiww/ud90uhak/bumperbot_ws/src/install/bumperbot_description/share/bumperbot_description/models/aws_robomaker_warehouse_ClutteringC_01/materials/textures/aws_robomaker_warehouse_ClutteringC_01.png
[1.147s] -- Up-to-date: /home/eeiww/ud90uhak/bumperbot_ws/src/install/bumperbot_description/share/bumperbot_description/models/aws_robomaker_residential_KitchenUtensils_01
[1.147s] -- Up-to-date: /home/eeiww/ud90uhak/bumperbot_ws/src/install/bumperbot_description/share/bumperbot_description/models/aws_robomaker_residential_KitchenUtensils_01/meshes
[1.148s] -- Up-to-date: /home/eeiww/ud90uhak/bumperbot_ws/src/install/bumperbot_description/share/bumperbot_description/models/aws_robomaker_residential_KitchenUtensils_01/meshes/aws_KitchenUtensils_01_collision.DAE
[1.148s] -- Up-to-date: /home/eeiww/ud90uhak/bumperbot_ws/src/install/bumperbot_description/share/bumperbot_description/models/aws_robomaker_residential_KitchenUtensils_01/meshes/aws_KitchenUtensils_01_visual.DAE
[1.148s] -- Up-to-date: /home/eeiww/ud90uhak/bumperbot_ws/src/install/bumperbot_description/share/bumperbot_description/models/aws_robomaker_residential_KitchenUtensils_01/model.sdf
[1.148s] -- Up-to-date: /home/eeiww/ud90uhak/bumperbot_ws/src/install/bumperbot_description/share/bumperbot_description/models/aws_robomaker_residential_KitchenUtensils_01/model.config
[1.148s] -- Up-to-date: /home/eeiww/ud90uhak/bumperbot_ws/src/install/bumperbot_description/share/bumperbot_description/models/aws_robomaker_residential_KitchenUtensils_01/materials
[1.148s] -- Up-to-date: /home/eeiww/ud90uhak/bumperbot_ws/src/install/bumperbot_description/share/bumperbot_description/models/aws_robomaker_residential_KitchenUtensils_01/materials/textures
[1.148s] -- Up-to-date: /home/eeiww/ud90uhak/bumperbot_ws/src/install/bumperbot_description/share/bumperbot_description/models/aws_robomaker_residential_KitchenUtensils_01/materials/textures/aws_KitchenUtensils_01.png
[1.148s] -- Up-to-date: /home/eeiww/ud90uhak/bumperbot_ws/src/install/bumperbot_description/share/bumperbot_description/models/aws_robomaker_residential_TV_02
[1.148s] -- Up-to-date: /home/eeiww/ud90uhak/bumperbot_ws/src/install/bumperbot_description/share/bumperbot_description/models/aws_robomaker_residential_TV_02/meshes
[1.152s] -- Up-to-date: /home/eeiww/ud90uhak/bumperbot_ws/src/install/bumperbot_description/share/bumperbot_description/models/aws_robomaker_residential_TV_02/meshes/aws_TV_01_visual.DAE
[1.152s] -- Up-to-date: /home/eeiww/ud90uhak/bumperbot_ws/src/install/bumperbot_description/share/bumperbot_description/models/aws_robomaker_residential_TV_02/meshes/aws_TV_01_collision.DAE
[1.153s] -- Up-to-date: /home/eeiww/ud90uhak/bumperbot_ws/src/install/bumperbot_description/share/bumperbot_description/models/aws_robomaker_residential_TV_02/model.sdf
[1.153s] -- Up-to-date: /home/eeiww/ud90uhak/bumperbot_ws/src/install/bumperbot_description/share/bumperbot_description/models/aws_robomaker_residential_TV_02/model.config
[1.153s] -- Up-to-date: /home/eeiww/ud90uhak/bumperbot_ws/src/install/bumperbot_description/share/bumperbot_description/models/aws_robomaker_residential_TV_02/materials
[1.153s] -- Up-to-date: /home/eeiww/ud90uhak/bumperbot_ws/src/install/bumperbot_description/share/bumperbot_description/models/aws_robomaker_residential_TV_02/materials/textures
[1.153s] -- Up-to-date: /home/eeiww/ud90uhak/bumperbot_ws/src/install/bumperbot_description/share/bumperbot_description/models/aws_robomaker_residential_TV_02/materials/textures/aws_TV_01.png
[1.153s] -- Up-to-date: /home/eeiww/ud90uhak/bumperbot_ws/src/install/bumperbot_description/share/bumperbot_description/models/aws_robomaker_residential_Wardrobe_01
[1.153s] -- Up-to-date: /home/eeiww/ud90uhak/bumperbot_ws/src/install/bumperbot_description/share/bumperbot_description/models/aws_robomaker_residential_Wardrobe_01/meshes
[1.153s] -- Up-to-date: /home/eeiww/ud90uhak/bumperbot_ws/src/install/bumperbot_description/share/bumperbot_description/models/aws_robomaker_residential_Wardrobe_01/meshes/aws_Wardrobe_01_visual.DAE
[1.153s] -- Up-to-date: /home/eeiww/ud90uhak/bumperbot_ws/src/install/bumperbot_description/share/bumperbot_description/models/aws_robomaker_residential_Wardrobe_01/meshes/aws_Wardrobe_01_collision.DAE
[1.153s] -- Up-to-date: /home/eeiww/ud90uhak/bumperbot_ws/src/install/bumperbot_description/share/bumperbot_description/models/aws_robomaker_residential_Wardrobe_01/model.sdf
[1.155s] -- Up-to-date: /home/eeiww/ud90uhak/bumperbot_ws/src/install/bumperbot_description/share/bumperbot_description/models/aws_robomaker_residential_Wardrobe_01/model.config
[1.155s] -- Up-to-date: /home/eeiww/ud90uhak/bumperbot_ws/src/install/bumperbot_description/share/bumperbot_description/models/aws_robomaker_residential_Wardrobe_01/materials
[1.156s] -- Up-to-date: /home/eeiww/ud90uhak/bumperbot_ws/src/install/bumperbot_description/share/bumperbot_description/models/aws_robomaker_residential_Wardrobe_01/materials/textures
[1.158s] -- Up-to-date: /home/eeiww/ud90uhak/bumperbot_ws/src/install/bumperbot_description/share/bumperbot_description/models/aws_robomaker_residential_Wardrobe_01/materials/textures/aws_Wardrobe_01.png
[1.158s] -- Up-to-date: /home/eeiww/ud90uhak/bumperbot_ws/src/install/bumperbot_description/share/bumperbot_description/models/aws_robomaker_residential_Tablet_01
[1.158s] -- Up-to-date: /home/eeiww/ud90uhak/bumperbot_ws/src/install/bumperbot_description/share/bumperbot_description/models/aws_robomaker_residential_Tablet_01/meshes
[1.159s] -- Up-to-date: /home/eeiww/ud90uhak/bumperbot_ws/src/install/bumperbot_description/share/bumperbot_description/models/aws_robomaker_residential_Tablet_01/meshes/aws_Tablet_01_visual.DAE
[1.161s] -- Up-to-date: /home/eeiww/ud90uhak/bumperbot_ws/src/install/bumperbot_description/share/bumperbot_description/models/aws_robomaker_residential_Tablet_01/meshes/aws_Tablet_01_collision.DAE
[1.161s] -- Up-to-date: /home/eeiww/ud90uhak/bumperbot_ws/src/install/bumperbot_description/share/bumperbot_description/models/aws_robomaker_residential_Tablet_01/model.sdf
[1.161s] -- Up-to-date: /home/eeiww/ud90uhak/bumperbot_ws/src/install/bumperbot_description/share/bumperbot_description/models/aws_robomaker_residential_Tablet_01/model.config
[1.161s] -- Up-to-date: /home/eeiww/ud90uhak/bumperbot_ws/src/install/bumperbot_description/share/bumperbot_description/models/aws_robomaker_residential_Tablet_01/materials
[1.161s] -- Up-to-date: /home/eeiww/ud90uhak/bumperbot_ws/src/install/bumperbot_description/share/bumperbot_description/models/aws_robomaker_residential_Tablet_01/materials/textures
[1.163s] -- Up-to-date: /home/eeiww/ud90uhak/bumperbot_ws/src/install/bumperbot_description/share/bumperbot_description/models/aws_robomaker_residential_Tablet_01/materials/textures/aws_Tablet_01_nologo.png
[1.164s] -- Up-to-date: /home/eeiww/ud90uhak/bumperbot_ws/src/install/bumperbot_description/share/bumperbot_description/models/aws_robomaker_residential_PortraitB_01
[1.165s] -- Up-to-date: /home/eeiww/ud90uhak/bumperbot_ws/src/install/bumperbot_description/share/bumperbot_description/models/aws_robomaker_residential_PortraitB_01/meshes
[1.165s] -- Up-to-date: /home/eeiww/ud90uhak/bumperbot_ws/src/install/bumperbot_description/share/bumperbot_description/models/aws_robomaker_residential_PortraitB_01/meshes/aws_PortraitB_01_collision.DAE
[1.166s] -- Up-to-date: /home/eeiww/ud90uhak/bumperbot_ws/src/install/bumperbot_description/share/bumperbot_description/models/aws_robomaker_residential_PortraitB_01/meshes/aws_PortraitB_01_visual.DAE
[1.166s] -- Up-to-date: /home/eeiww/ud90uhak/bumperbot_ws/src/install/bumperbot_description/share/bumperbot_description/models/aws_robomaker_residential_PortraitB_01/model.sdf
[1.167s] -- Up-to-date: /home/eeiww/ud90uhak/bumperbot_ws/src/install/bumperbot_description/share/bumperbot_description/models/aws_robomaker_residential_PortraitB_01/model.config
[1.167s] -- Up-to-date: /home/eeiww/ud90uhak/bumperbot_ws/src/install/bumperbot_description/share/bumperbot_description/models/aws_robomaker_residential_PortraitB_01/materials
[1.168s] -- Up-to-date: /home/eeiww/ud90uhak/bumperbot_ws/src/install/bumperbot_description/share/bumperbot_description/models/aws_robomaker_residential_PortraitB_01/materials/textures
[1.168s] -- Up-to-date: /home/eeiww/ud90uhak/bumperbot_ws/src/install/bumperbot_description/share/bumperbot_description/models/aws_robomaker_residential_PortraitB_01/materials/textures/aws_PortraitB_01.png
[1.169s] -- Up-to-date: /home/eeiww/ud90uhak/bumperbot_ws/src/install/bumperbot_description/share/bumperbot_description/models/aws_robomaker_residential_PortraitB_01/materials/textures/aws_PortraitB_02.png
[1.169s] -- Up-to-date: /home/eeiww/ud90uhak/bumperbot_ws/src/install/bumperbot_description/share/bumperbot_description/models/aws_robomaker_warehouse_Bucket_01
[1.171s] -- Up-to-date: /home/eeiww/ud90uhak/bumperbot_ws/src/install/bumperbot_description/share/bumperbot_description/models/aws_robomaker_warehouse_Bucket_01/meshes
[1.173s] -- Up-to-date: /home/eeiww/ud90uhak/bumperbot_ws/src/install/bumperbot_description/share/bumperbot_description/models/aws_robomaker_warehouse_Bucket_01/meshes/aws_robomaker_warehouse_Bucket_01_collision.DAE
[1.174s] -- Up-to-date: /home/eeiww/ud90uhak/bumperbot_ws/src/install/bumperbot_description/share/bumperbot_description/models/aws_robomaker_warehouse_Bucket_01/meshes/aws_robomaker_warehouse_Bucket_01_visual.DAE
[1.176s] -- Up-to-date: /home/eeiww/ud90uhak/bumperbot_ws/src/install/bumperbot_description/share/bumperbot_description/models/aws_robomaker_warehouse_Bucket_01/model.sdf
[1.177s] -- Up-to-date: /home/eeiww/ud90uhak/bumperbot_ws/src/install/bumperbot_description/share/bumperbot_description/models/aws_robomaker_warehouse_Bucket_01/.DS_Store
[1.178s] -- Up-to-date: /home/eeiww/ud90uhak/bumperbot_ws/src/install/bumperbot_description/share/bumperbot_description/models/aws_robomaker_warehouse_Bucket_01/model.config
[1.181s] -- Up-to-date: /home/eeiww/ud90uhak/bumperbot_ws/src/install/bumperbot_description/share/bumperbot_description/models/aws_robomaker_warehouse_Bucket_01/materials
[1.182s] -- Up-to-date: /home/eeiww/ud90uhak/bumperbot_ws/src/install/bumperbot_description/share/bumperbot_description/models/aws_robomaker_warehouse_Bucket_01/materials/textures
[1.184s] -- Up-to-date: /home/eeiww/ud90uhak/bumperbot_ws/src/install/bumperbot_description/share/bumperbot_description/models/aws_robomaker_warehouse_Bucket_01/materials/textures/aws_robomaker_warehouse_Bucket_01.png
[1.185s] -- Up-to-date: /home/eeiww/ud90uhak/bumperbot_ws/src/install/bumperbot_description/share/bumperbot_description/models/aws_robomaker_warehouse_Bucket_01/materials/.DS_Store
[1.186s] -- Up-to-date: /home/eeiww/ud90uhak/bumperbot_ws/src/install/bumperbot_description/share/bumperbot_description/models/aws_robomaker_residential_SeasoningBox_01
[1.188s] -- Up-to-date: /home/eeiww/ud90uhak/bumperbot_ws/src/install/bumperbot_description/share/bumperbot_description/models/aws_robomaker_residential_SeasoningBox_01/meshes
[1.191s] -- Up-to-date: /home/eeiww/ud90uhak/bumperbot_ws/src/install/bumperbot_description/share/bumperbot_description/models/aws_robomaker_residential_SeasoningBox_01/meshes/aws_SeasoningBox_01_visual.DAE
[1.191s] -- Up-to-date: /home/eeiww/ud90uhak/bumperbot_ws/src/install/bumperbot_description/share/bumperbot_description/models/aws_robomaker_residential_SeasoningBox_01/meshes/aws_SeasoningBox_01_collision.DAE
[1.192s] -- Up-to-date: /home/eeiww/ud90uhak/bumperbot_ws/src/install/bumperbot_description/share/bumperbot_description/models/aws_robomaker_residential_SeasoningBox_01/model.sdf
[1.193s] -- Up-to-date: /home/eeiww/ud90uhak/bumperbot_ws/src/install/bumperbot_description/share/bumperbot_description/models/aws_robomaker_residential_SeasoningBox_01/model.config
[1.196s] -- Up-to-date: /home/eeiww/ud90uhak/bumperbot_ws/src/install/bumperbot_description/share/bumperbot_description/models/aws_robomaker_residential_SeasoningBox_01/materials
[1.198s] -- Up-to-date: /home/eeiww/ud90uhak/bumperbot_ws/src/install/bumperbot_description/share/bumperbot_description/models/aws_robomaker_residential_SeasoningBox_01/materials/textures
[1.199s] -- Up-to-date: /home/eeiww/ud90uhak/bumperbot_ws/src/install/bumperbot_description/share/bumperbot_description/models/aws_robomaker_residential_SeasoningBox_01/materials/textures/aws_SeasoningBox_01.png
[1.205s] -- Up-to-date: /home/eeiww/ud90uhak/bumperbot_ws/src/install/bumperbot_description/share/bumperbot_description/models/aws_robomaker_residential_Tableware_01
[1.206s] -- Up-to-date: /home/eeiww/ud90uhak/bumperbot_ws/src/install/bumperbot_description/share/bumperbot_description/models/aws_robomaker_residential_Tableware_01/meshes
[1.206s] -- Up-to-date: /home/eeiww/ud90uhak/bumperbot_ws/src/install/bumperbot_description/share/bumperbot_description/models/aws_robomaker_residential_Tableware_01/meshes/aws_Tableware_01_collision.DAE
[1.206s] -- Up-to-date: /home/eeiww/ud90uhak/bumperbot_ws/src/install/bumperbot_description/share/bumperbot_description/models/aws_robomaker_residential_Tableware_01/meshes/aws_Tableware_01_visual.DAE
[1.207s] -- Up-to-date: /home/eeiww/ud90uhak/bumperbot_ws/src/install/bumperbot_description/share/bumperbot_description/models/aws_robomaker_residential_Tableware_01/model.sdf
[1.207s] -- Up-to-date: /home/eeiww/ud90uhak/bumperbot_ws/src/install/bumperbot_description/share/bumperbot_description/models/aws_robomaker_residential_Tableware_01/model.config
[1.209s] -- Up-to-date: /home/eeiww/ud90uhak/bumperbot_ws/src/install/bumperbot_description/share/bumperbot_description/models/aws_robomaker_residential_Tableware_01/materials
[1.212s] -- Up-to-date: /home/eeiww/ud90uhak/bumperbot_ws/src/install/bumperbot_description/share/bumperbot_description/models/aws_robomaker_residential_Tableware_01/materials/textures
[1.217s] -- Up-to-date: /home/eeiww/ud90uhak/bumperbot_ws/src/install/bumperbot_description/share/bumperbot_description/models/aws_robomaker_residential_Tableware_01/materials/textures/aws_Tableware_01.png
[1.220s] -- Up-to-date: /home/eeiww/ud90uhak/bumperbot_ws/src/install/bumperbot_description/share/bumperbot_description/models/aws_robomaker_residential_DeskPortraitD_01
[1.222s] -- Up-to-date: /home/eeiww/ud90uhak/bumperbot_ws/src/install/bumperbot_description/share/bumperbot_description/models/aws_robomaker_residential_DeskPortraitD_01/meshes
[1.225s] -- Up-to-date: /home/eeiww/ud90uhak/bumperbot_ws/src/install/bumperbot_description/share/bumperbot_description/models/aws_robomaker_residential_DeskPortraitD_01/meshes/aws_DeskPortraitD_01_visual.DAE
[1.225s] -- Up-to-date: /home/eeiww/ud90uhak/bumperbot_ws/src/install/bumperbot_description/share/bumperbot_description/models/aws_robomaker_residential_DeskPortraitD_01/meshes/aws_DeskPortraitD_01_collision.DAE
[1.227s] -- Up-to-date: /home/eeiww/ud90uhak/bumperbot_ws/src/install/bumperbot_description/share/bumperbot_description/models/aws_robomaker_residential_DeskPortraitD_01/model.sdf
[1.230s] -- Up-to-date: /home/eeiww/ud90uhak/bumperbot_ws/src/install/bumperbot_description/share/bumperbot_description/models/aws_robomaker_residential_DeskPortraitD_01/model.config
[1.231s] -- Up-to-date: /home/eeiww/ud90uhak/bumperbot_ws/src/install/bumperbot_description/share/bumperbot_description/models/aws_robomaker_residential_DeskPortraitD_01/materials
[1.233s] -- Up-to-date: /home/eeiww/ud90uhak/bumperbot_ws/src/install/bumperbot_description/share/bumperbot_description/models/aws_robomaker_residential_DeskPortraitD_01/materials/textures
[1.235s] -- Up-to-date: /home/eeiww/ud90uhak/bumperbot_ws/src/install/bumperbot_description/share/bumperbot_description/models/aws_robomaker_residential_DeskPortraitD_01/materials/textures/aws_DeskPortraitD_02.png
[1.243s] -- Up-to-date: /home/eeiww/ud90uhak/bumperbot_ws/src/install/bumperbot_description/share/bumperbot_description/models/aws_robomaker_residential_DeskPortraitD_01/materials/textures/aws_DeskPortraitD_01.png
[1.243s] -- Up-to-date: /home/eeiww/ud90uhak/bumperbot_ws/src/install/bumperbot_description/share/bumperbot_description/models/aws_robomaker_residential_KitchenTable_01
[1.248s] -- Up-to-date: /home/eeiww/ud90uhak/bumperbot_ws/src/install/bumperbot_description/share/bumperbot_description/models/aws_robomaker_residential_KitchenTable_01/meshes
[1.249s] -- Up-to-date: /home/eeiww/ud90uhak/bumperbot_ws/src/install/bumperbot_description/share/bumperbot_description/models/aws_robomaker_residential_KitchenTable_01/meshes/aws_KitchenTable_01_collision.DAE
[1.249s] -- Up-to-date: /home/eeiww/ud90uhak/bumperbot_ws/src/install/bumperbot_description/share/bumperbot_description/models/aws_robomaker_residential_KitchenTable_01/meshes/aws_KitchenTable_01_visual.DAE
[1.250s] -- Up-to-date: /home/eeiww/ud90uhak/bumperbot_ws/src/install/bumperbot_description/share/bumperbot_description/models/aws_robomaker_residential_KitchenTable_01/model.sdf
[1.251s] -- Up-to-date: /home/eeiww/ud90uhak/bumperbot_ws/src/install/bumperbot_description/share/bumperbot_description/models/aws_robomaker_residential_KitchenTable_01/model.config
[1.254s] -- Up-to-date: /home/eeiww/ud90uhak/bumperbot_ws/src/install/bumperbot_description/share/bumperbot_description/models/aws_robomaker_residential_KitchenTable_01/materials
[1.255s] -- Up-to-date: /home/eeiww/ud90uhak/bumperbot_ws/src/install/bumperbot_description/share/bumperbot_description/models/aws_robomaker_residential_KitchenTable_01/materials/textures
[1.257s] -- Up-to-date: /home/eeiww/ud90uhak/bumperbot_ws/src/install/bumperbot_description/share/bumperbot_description/models/aws_robomaker_residential_KitchenTable_01/materials/textures/aws_KitchenTable_01.png
[1.260s] -- Up-to-date: /home/eeiww/ud90uhak/bumperbot_ws/src/install/bumperbot_description/share/bumperbot_description/models/aws_robomaker_residential_DeskPortraitD_04
[1.262s] -- Up-to-date: /home/eeiww/ud90uhak/bumperbot_ws/src/install/bumperbot_description/share/bumperbot_description/models/aws_robomaker_residential_DeskPortraitD_04/meshes
[1.264s] -- Up-to-date: /home/eeiww/ud90uhak/bumperbot_ws/src/install/bumperbot_description/share/bumperbot_description/models/aws_robomaker_residential_DeskPortraitD_04/meshes/aws_DeskPortraitD_01_visual.DAE
[1.268s] -- Up-to-date: /home/eeiww/ud90uhak/bumperbot_ws/src/install/bumperbot_description/share/bumperbot_description/models/aws_robomaker_residential_DeskPortraitD_04/meshes/aws_DeskPortraitD_01_collision.DAE
[1.270s] -- Up-to-date: /home/eeiww/ud90uhak/bumperbot_ws/src/install/bumperbot_description/share/bumperbot_description/models/aws_robomaker_residential_DeskPortraitD_04/model.sdf
[1.272s] -- Up-to-date: /home/eeiww/ud90uhak/bumperbot_ws/src/install/bumperbot_description/share/bumperbot_description/models/aws_robomaker_residential_DeskPortraitD_04/model.config
[1.275s] -- Up-to-date: /home/eeiww/ud90uhak/bumperbot_ws/src/install/bumperbot_description/share/bumperbot_description/models/aws_robomaker_residential_DeskPortraitD_04/materials
[1.276s] -- Up-to-date: /home/eeiww/ud90uhak/bumperbot_ws/src/install/bumperbot_description/share/bumperbot_description/models/aws_robomaker_residential_DeskPortraitD_04/materials/textures
[1.279s] -- Up-to-date: /home/eeiww/ud90uhak/bumperbot_ws/src/install/bumperbot_description/share/bumperbot_description/models/aws_robomaker_residential_DeskPortraitD_04/materials/textures/aws_DeskPortraitD_02.png
[1.279s] -- Up-to-date: /home/eeiww/ud90uhak/bumperbot_ws/src/install/bumperbot_description/share/bumperbot_description/models/aws_robomaker_residential_DeskPortraitD_04/materials/textures/aws_DeskPortraitD_01.png
[1.280s] -- Up-to-date: /home/eeiww/ud90uhak/bumperbot_ws/src/install/bumperbot_description/share/bumperbot_description/models/aws_robomaker_residential_LightC_01
[1.282s] -- Up-to-date: /home/eeiww/ud90uhak/bumperbot_ws/src/install/bumperbot_description/share/bumperbot_description/models/aws_robomaker_residential_LightC_01/meshes
[1.284s] -- Up-to-date: /home/eeiww/ud90uhak/bumperbot_ws/src/install/bumperbot_description/share/bumperbot_description/models/aws_robomaker_residential_LightC_01/meshes/aws_LightC_01_visual.DAE
[1.286s] -- Up-to-date: /home/eeiww/ud90uhak/bumperbot_ws/src/install/bumperbot_description/share/bumperbot_description/models/aws_robomaker_residential_LightC_01/meshes/aws_LightC_01_collision.DAE
[1.287s] -- Up-to-date: /home/eeiww/ud90uhak/bumperbot_ws/src/install/bumperbot_description/share/bumperbot_description/models/aws_robomaker_residential_LightC_01/model.sdf
[1.287s] -- Up-to-date: /home/eeiww/ud90uhak/bumperbot_ws/src/install/bumperbot_description/share/bumperbot_description/models/aws_robomaker_residential_LightC_01/model.config
[1.289s] -- Up-to-date: /home/eeiww/ud90uhak/bumperbot_ws/src/install/bumperbot_description/share/bumperbot_description/models/aws_robomaker_residential_LightC_01/materials
[1.292s] -- Up-to-date: /home/eeiww/ud90uhak/bumperbot_ws/src/install/bumperbot_description/share/bumperbot_description/models/aws_robomaker_residential_LightC_01/materials/textures
[1.294s] -- Up-to-date: /home/eeiww/ud90uhak/bumperbot_ws/src/install/bumperbot_description/share/bumperbot_description/models/aws_robomaker_residential_LightC_01/materials/textures/aws_LightC_01.png
[1.295s] -- Up-to-date: /home/eeiww/ud90uhak/bumperbot_ws/src/install/bumperbot_description/share/bumperbot_description/models/aws_robomaker_residential_PortraitD_02
[1.297s] -- Up-to-date: /home/eeiww/ud90uhak/bumperbot_ws/src/install/bumperbot_description/share/bumperbot_description/models/aws_robomaker_residential_PortraitD_02/meshes
[1.299s] -- Up-to-date: /home/eeiww/ud90uhak/bumperbot_ws/src/install/bumperbot_description/share/bumperbot_description/models/aws_robomaker_residential_PortraitD_02/meshes/aws_PortraitD_01_collision.DAE
[1.300s] -- Up-to-date: /home/eeiww/ud90uhak/bumperbot_ws/src/install/bumperbot_description/share/bumperbot_description/models/aws_robomaker_residential_PortraitD_02/meshes/aws_PortraitD_01_visual.DAE
[1.301s] -- Up-to-date: /home/eeiww/ud90uhak/bumperbot_ws/src/install/bumperbot_description/share/bumperbot_description/models/aws_robomaker_residential_PortraitD_02/model.sdf
[1.303s] -- Up-to-date: /home/eeiww/ud90uhak/bumperbot_ws/src/install/bumperbot_description/share/bumperbot_description/models/aws_robomaker_residential_PortraitD_02/model.config
[1.304s] -- Up-to-date: /home/eeiww/ud90uhak/bumperbot_ws/src/install/bumperbot_description/share/bumperbot_description/models/aws_robomaker_residential_PortraitD_02/materials
[1.306s] -- Up-to-date: /home/eeiww/ud90uhak/bumperbot_ws/src/install/bumperbot_description/share/bumperbot_description/models/aws_robomaker_residential_PortraitD_02/materials/textures
[1.312s] -- Up-to-date: /home/eeiww/ud90uhak/bumperbot_ws/src/install/bumperbot_description/share/bumperbot_description/models/aws_robomaker_residential_PortraitD_02/materials/textures/aws_PortraitD_01.png
[1.313s] -- Up-to-date: /home/eeiww/ud90uhak/bumperbot_ws/src/install/bumperbot_description/share/bumperbot_description/models/aws_robomaker_residential_PortraitD_02/materials/textures/aws_PortraitD_02.png
[1.313s] -- Up-to-date: /home/eeiww/ud90uhak/bumperbot_ws/src/install/bumperbot_description/share/bumperbot_description/models/aws_robomaker_residential_FoldingDoor_02
[1.316s] -- Up-to-date: /home/eeiww/ud90uhak/bumperbot_ws/src/install/bumperbot_description/share/bumperbot_description/models/aws_robomaker_residential_FoldingDoor_02/meshes
[1.318s] -- Up-to-date: /home/eeiww/ud90uhak/bumperbot_ws/src/install/bumperbot_description/share/bumperbot_description/models/aws_robomaker_residential_FoldingDoor_02/meshes/aws_FoldingDoor_02_visual.DAE
[1.320s] -- Up-to-date: /home/eeiww/ud90uhak/bumperbot_ws/src/install/bumperbot_description/share/bumperbot_description/models/aws_robomaker_residential_FoldingDoor_02/meshes/aws_FoldingDoor_02_collision.DAE
[1.321s] -- Up-to-date: /home/eeiww/ud90uhak/bumperbot_ws/src/install/bumperbot_description/share/bumperbot_description/models/aws_robomaker_residential_FoldingDoor_02/model.sdf
[1.322s] -- Up-to-date: /home/eeiww/ud90uhak/bumperbot_ws/src/install/bumperbot_description/share/bumperbot_description/models/aws_robomaker_residential_FoldingDoor_02/model.config
[1.325s] -- Up-to-date: /home/eeiww/ud90uhak/bumperbot_ws/src/install/bumperbot_description/share/bumperbot_description/models/aws_robomaker_residential_FoldingDoor_02/materials
[1.326s] -- Up-to-date: /home/eeiww/ud90uhak/bumperbot_ws/src/install/bumperbot_description/share/bumperbot_description/models/aws_robomaker_residential_FoldingDoor_02/materials/textures
[1.331s] -- Up-to-date: /home/eeiww/ud90uhak/bumperbot_ws/src/install/bumperbot_description/share/bumperbot_description/models/aws_robomaker_residential_FoldingDoor_02/materials/textures/aws_FoldingDoor_02.png
[1.331s] -- Up-to-date: /home/eeiww/ud90uhak/bumperbot_ws/src/install/bumperbot_description/share/bumperbot_description/models/aws_robomaker_residential_DeskPortraitB_01
[1.331s] -- Up-to-date: /home/eeiww/ud90uhak/bumperbot_ws/src/install/bumperbot_description/share/bumperbot_description/models/aws_robomaker_residential_DeskPortraitB_01/meshes
[1.333s] -- Up-to-date: /home/eeiww/ud90uhak/bumperbot_ws/src/install/bumperbot_description/share/bumperbot_description/models/aws_robomaker_residential_DeskPortraitB_01/meshes/aws_DeskPortraitB_01_visual.DAE
[1.334s] -- Up-to-date: /home/eeiww/ud90uhak/bumperbot_ws/src/install/bumperbot_description/share/bumperbot_description/models/aws_robomaker_residential_DeskPortraitB_01/meshes/aws_DeskPortraitB_01_collision.DAE
[1.335s] -- Up-to-date: /home/eeiww/ud90uhak/bumperbot_ws/src/install/bumperbot_description/share/bumperbot_description/models/aws_robomaker_residential_DeskPortraitB_01/model.sdf
[1.337s] -- Up-to-date: /home/eeiww/ud90uhak/bumperbot_ws/src/install/bumperbot_description/share/bumperbot_description/models/aws_robomaker_residential_DeskPortraitB_01/model.config
[1.338s] -- Up-to-date: /home/eeiww/ud90uhak/bumperbot_ws/src/install/bumperbot_description/share/bumperbot_description/models/aws_robomaker_residential_DeskPortraitB_01/materials
[1.340s] -- Up-to-date: /home/eeiww/ud90uhak/bumperbot_ws/src/install/bumperbot_description/share/bumperbot_description/models/aws_robomaker_residential_DeskPortraitB_01/materials/textures
[1.342s] -- Up-to-date: /home/eeiww/ud90uhak/bumperbot_ws/src/install/bumperbot_description/share/bumperbot_description/models/aws_robomaker_residential_DeskPortraitB_01/materials/textures/aws_DeskPortraitB_01.png
[1.344s] -- Up-to-date: /home/eeiww/ud90uhak/bumperbot_ws/src/install/bumperbot_description/share/bumperbot_description/models/aws_robomaker_residential_DeskPortraitB_01/materials/textures/aws_DeskPortraitB_02.png
[1.345s] -- Up-to-date: /home/eeiww/ud90uhak/bumperbot_ws/src/install/bumperbot_description/share/bumperbot_description/models/aws_robomaker_residential_NightStand_01
[1.347s] -- Up-to-date: /home/eeiww/ud90uhak/bumperbot_ws/src/install/bumperbot_description/share/bumperbot_description/models/aws_robomaker_residential_NightStand_01/meshes
[1.349s] -- Up-to-date: /home/eeiww/ud90uhak/bumperbot_ws/src/install/bumperbot_description/share/bumperbot_description/models/aws_robomaker_residential_NightStand_01/meshes/aws_NightStand_01_collision.DAE
[1.350s] -- Up-to-date: /home/eeiww/ud90uhak/bumperbot_ws/src/install/bumperbot_description/share/bumperbot_description/models/aws_robomaker_residential_NightStand_01/meshes/aws_NightStand_01_visual.DAE
[1.351s] -- Up-to-date: /home/eeiww/ud90uhak/bumperbot_ws/src/install/bumperbot_description/share/bumperbot_description/models/aws_robomaker_residential_NightStand_01/model.sdf
[1.354s] -- Up-to-date: /home/eeiww/ud90uhak/bumperbot_ws/src/install/bumperbot_description/share/bumperbot_description/models/aws_robomaker_residential_NightStand_01/model.config
[1.354s] -- Up-to-date: /home/eeiww/ud90uhak/bumperbot_ws/src/install/bumperbot_description/share/bumperbot_description/models/aws_robomaker_residential_NightStand_01/materials
[1.356s] -- Up-to-date: /home/eeiww/ud90uhak/bumperbot_ws/src/install/bumperbot_description/share/bumperbot_description/models/aws_robomaker_residential_NightStand_01/materials/textures
[1.358s] -- Up-to-date: /home/eeiww/ud90uhak/bumperbot_ws/src/install/bumperbot_description/share/bumperbot_description/models/aws_robomaker_residential_NightStand_01/materials/textures/aws_NightStand_01.png
[1.359s] -- Up-to-date: /home/eeiww/ud90uhak/bumperbot_ws/src/install/bumperbot_description/share/bumperbot_description/models/aws_robomaker_residential_BalconyTable_01
[1.362s] -- Up-to-date: /home/eeiww/ud90uhak/bumperbot_ws/src/install/bumperbot_description/share/bumperbot_description/models/aws_robomaker_residential_BalconyTable_01/meshes
[1.366s] -- Up-to-date: /home/eeiww/ud90uhak/bumperbot_ws/src/install/bumperbot_description/share/bumperbot_description/models/aws_robomaker_residential_BalconyTable_01/meshes/aws_BalconyTable_01_collision.DAE
[1.366s] -- Up-to-date: /home/eeiww/ud90uhak/bumperbot_ws/src/install/bumperbot_description/share/bumperbot_description/models/aws_robomaker_residential_BalconyTable_01/meshes/aws_BalconyTable_01_visual.DAE
[1.367s] -- Up-to-date: /home/eeiww/ud90uhak/bumperbot_ws/src/install/bumperbot_description/share/bumperbot_description/models/aws_robomaker_residential_BalconyTable_01/model.sdf
[1.368s] -- Up-to-date: /home/eeiww/ud90uhak/bumperbot_ws/src/install/bumperbot_description/share/bumperbot_description/models/aws_robomaker_residential_BalconyTable_01/model.config
[1.369s] -- Up-to-date: /home/eeiww/ud90uhak/bumperbot_ws/src/install/bumperbot_description/share/bumperbot_description/models/aws_robomaker_residential_BalconyTable_01/materials
[1.371s] -- Up-to-date: /home/eeiww/ud90uhak/bumperbot_ws/src/install/bumperbot_description/share/bumperbot_description/models/aws_robomaker_residential_BalconyTable_01/materials/textures
[1.373s] -- Up-to-date: /home/eeiww/ud90uhak/bumperbot_ws/src/install/bumperbot_description/share/bumperbot_description/models/aws_robomaker_residential_BalconyTable_01/materials/textures/aws_BalconyTable_01.png
[1.375s] -- Up-to-date: /home/eeiww/ud90uhak/bumperbot_ws/src/install/bumperbot_description/share/bumperbot_description/models/aws_robomaker_residential_KitchenCabinet_01
[1.377s] -- Up-to-date: /home/eeiww/ud90uhak/bumperbot_ws/src/install/bumperbot_description/share/bumperbot_description/models/aws_robomaker_residential_KitchenCabinet_01/meshes
[1.380s] -- Up-to-date: /home/eeiww/ud90uhak/bumperbot_ws/src/install/bumperbot_description/share/bumperbot_description/models/aws_robomaker_residential_KitchenCabinet_01/meshes/aws_KitchenCabinet_01_collision.DAE
[1.384s] -- Up-to-date: /home/eeiww/ud90uhak/bumperbot_ws/src/install/bumperbot_description/share/bumperbot_description/models/aws_robomaker_residential_KitchenCabinet_01/meshes/aws_KitchenCabinet_01_visual.DAE
[1.384s] -- Up-to-date: /home/eeiww/ud90uhak/bumperbot_ws/src/install/bumperbot_description/share/bumperbot_description/models/aws_robomaker_residential_KitchenCabinet_01/model.sdf
[1.384s] -- Up-to-date: /home/eeiww/ud90uhak/bumperbot_ws/src/install/bumperbot_description/share/bumperbot_description/models/aws_robomaker_residential_KitchenCabinet_01/model.config
[1.384s] -- Up-to-date: /home/eeiww/ud90uhak/bumperbot_ws/src/install/bumperbot_description/share/bumperbot_description/models/aws_robomaker_residential_KitchenCabinet_01/materials
[1.386s] -- Up-to-date: /home/eeiww/ud90uhak/bumperbot_ws/src/install/bumperbot_description/share/bumperbot_description/models/aws_robomaker_residential_KitchenCabinet_01/materials/textures
[1.389s] -- Up-to-date: /home/eeiww/ud90uhak/bumperbot_ws/src/install/bumperbot_description/share/bumperbot_description/models/aws_robomaker_residential_KitchenCabinet_01/materials/textures/aws_KitchenCabinet_01.png
[1.391s] -- Up-to-date: /home/eeiww/ud90uhak/bumperbot_ws/src/install/bumperbot_description/share/bumperbot_description/models/aws_robomaker_warehouse_WallB_01
[1.392s] -- Up-to-date: /home/eeiww/ud90uhak/bumperbot_ws/src/install/bumperbot_description/share/bumperbot_description/models/aws_robomaker_warehouse_WallB_01/meshes
[1.394s] -- Up-to-date: /home/eeiww/ud90uhak/bumperbot_ws/src/install/bumperbot_description/share/bumperbot_description/models/aws_robomaker_warehouse_WallB_01/meshes/aws_robomaker_warehouse_WallB_01_collision.DAE
[1.397s] -- Up-to-date: /home/eeiww/ud90uhak/bumperbot_ws/src/install/bumperbot_description/share/bumperbot_description/models/aws_robomaker_warehouse_WallB_01/meshes/aws_robomaker_warehouse_WallB_01_visual.DAE
[1.397s] -- Up-to-date: /home/eeiww/ud90uhak/bumperbot_ws/src/install/bumperbot_description/share/bumperbot_description/models/aws_robomaker_warehouse_WallB_01/model.sdf
[1.399s] -- Up-to-date: /home/eeiww/ud90uhak/bumperbot_ws/src/install/bumperbot_description/share/bumperbot_description/models/aws_robomaker_warehouse_WallB_01/model.config
[1.403s] -- Up-to-date: /home/eeiww/ud90uhak/bumperbot_ws/src/install/bumperbot_description/share/bumperbot_description/models/aws_robomaker_warehouse_WallB_01/materials
[1.406s] -- Up-to-date: /home/eeiww/ud90uhak/bumperbot_ws/src/install/bumperbot_description/share/bumperbot_description/models/aws_robomaker_warehouse_WallB_01/materials/textures
[1.407s] -- Up-to-date: /home/eeiww/ud90uhak/bumperbot_ws/src/install/bumperbot_description/share/bumperbot_description/models/aws_robomaker_warehouse_WallB_01/materials/textures/aws_robomaker_warehouse_WallB_01.png
[1.408s] -- Up-to-date: /home/eeiww/ud90uhak/bumperbot_ws/src/install/bumperbot_description/share/bumperbot_description/models/aws_robomaker_residential_DeskPortraitC_02
[1.410s] -- Up-to-date: /home/eeiww/ud90uhak/bumperbot_ws/src/install/bumperbot_description/share/bumperbot_description/models/aws_robomaker_residential_DeskPortraitC_02/meshes
[1.413s] -- Up-to-date: /home/eeiww/ud90uhak/bumperbot_ws/src/install/bumperbot_description/share/bumperbot_description/models/aws_robomaker_residential_DeskPortraitC_02/meshes/aws_DeskPortraitC_01_collision.DAE
[1.413s] -- Up-to-date: /home/eeiww/ud90uhak/bumperbot_ws/src/install/bumperbot_description/share/bumperbot_description/models/aws_robomaker_residential_DeskPortraitC_02/meshes/aws_DeskPortraitC_01_visual.DAE
[1.414s] -- Up-to-date: /home/eeiww/ud90uhak/bumperbot_ws/src/install/bumperbot_description/share/bumperbot_description/models/aws_robomaker_residential_DeskPortraitC_02/model.sdf
[1.415s] -- Up-to-date: /home/eeiww/ud90uhak/bumperbot_ws/src/install/bumperbot_description/share/bumperbot_description/models/aws_robomaker_residential_DeskPortraitC_02/model.config
[1.416s] -- Up-to-date: /home/eeiww/ud90uhak/bumperbot_ws/src/install/bumperbot_description/share/bumperbot_description/models/aws_robomaker_residential_DeskPortraitC_02/materials
[1.418s] -- Up-to-date: /home/eeiww/ud90uhak/bumperbot_ws/src/install/bumperbot_description/share/bumperbot_description/models/aws_robomaker_residential_DeskPortraitC_02/materials/textures
[1.419s] -- Up-to-date: /home/eeiww/ud90uhak/bumperbot_ws/src/install/bumperbot_description/share/bumperbot_description/models/aws_robomaker_residential_DeskPortraitC_02/materials/textures/aws_DeskPortraitC_01.png
[1.421s] -- Up-to-date: /home/eeiww/ud90uhak/bumperbot_ws/src/install/bumperbot_description/share/bumperbot_description/models/aws_robomaker_residential_DeskPortraitC_02/materials/textures/aws_DeskPortraitC_02.png
[1.422s] -- Up-to-date: /home/eeiww/ud90uhak/bumperbot_ws/src/install/bumperbot_description/share/bumperbot_description/models/aws_robomaker_warehouse_PalletJackB_01
[1.423s] -- Up-to-date: /home/eeiww/ud90uhak/bumperbot_ws/src/install/bumperbot_description/share/bumperbot_description/models/aws_robomaker_warehouse_PalletJackB_01/meshes
[1.425s] -- Up-to-date: /home/eeiww/ud90uhak/bumperbot_ws/src/install/bumperbot_description/share/bumperbot_description/models/aws_robomaker_warehouse_PalletJackB_01/meshes/aws_robomaker_warehouse_PalletJackB_01_collision.DAE
[1.427s] -- Up-to-date: /home/eeiww/ud90uhak/bumperbot_ws/src/install/bumperbot_description/share/bumperbot_description/models/aws_robomaker_warehouse_PalletJackB_01/meshes/aws_robomaker_warehouse_PalletJackB_01_visual.DAE
[1.429s] -- Up-to-date: /home/eeiww/ud90uhak/bumperbot_ws/src/install/bumperbot_description/share/bumperbot_description/models/aws_robomaker_warehouse_PalletJackB_01/model.sdf
[1.429s] -- Up-to-date: /home/eeiww/ud90uhak/bumperbot_ws/src/install/bumperbot_description/share/bumperbot_description/models/aws_robomaker_warehouse_PalletJackB_01/.DS_Store
[1.431s] -- Up-to-date: /home/eeiww/ud90uhak/bumperbot_ws/src/install/bumperbot_description/share/bumperbot_description/models/aws_robomaker_warehouse_PalletJackB_01/model.config
[1.432s] -- Up-to-date: /home/eeiww/ud90uhak/bumperbot_ws/src/install/bumperbot_description/share/bumperbot_description/models/aws_robomaker_warehouse_PalletJackB_01/materials
[1.433s] -- Up-to-date: /home/eeiww/ud90uhak/bumperbot_ws/src/install/bumperbot_description/share/bumperbot_description/models/aws_robomaker_warehouse_PalletJackB_01/materials/textures
[1.435s] -- Up-to-date: /home/eeiww/ud90uhak/bumperbot_ws/src/install/bumperbot_description/share/bumperbot_description/models/aws_robomaker_warehouse_PalletJackB_01/materials/textures/aws_robomaker_warehouse_PalletJackB_02.png
[1.437s] -- Up-to-date: /home/eeiww/ud90uhak/bumperbot_ws/src/install/bumperbot_description/share/bumperbot_description/models/aws_robomaker_warehouse_PalletJackB_01/materials/textures/aws_robomaker_warehouse_PalletJackB_01.png
[1.438s] -- Up-to-date: /home/eeiww/ud90uhak/bumperbot_ws/src/install/bumperbot_description/share/bumperbot_description/models/aws_robomaker_warehouse_PalletJackB_01/materials/.DS_Store
[1.439s] -- Up-to-date: /home/eeiww/ud90uhak/bumperbot_ws/src/install/bumperbot_description/share/bumperbot_description/models/aws_robomaker_residential_CoffeeTable_01
[1.444s] -- Up-to-date: /home/eeiww/ud90uhak/bumperbot_ws/src/install/bumperbot_description/share/bumperbot_description/models/aws_robomaker_residential_CoffeeTable_01/meshes
[1.444s] -- Up-to-date: /home/eeiww/ud90uhak/bumperbot_ws/src/install/bumperbot_description/share/bumperbot_description/models/aws_robomaker_residential_CoffeeTable_01/meshes/aws_CoffeeTable_01_visual.DAE
[1.461s] -- Up-to-date: /home/eeiww/ud90uhak/bumperbot_ws/src/install/bumperbot_description/share/bumperbot_description/models/aws_robomaker_residential_CoffeeTable_01/meshes/aws_CoffeeTable_01_collision.DAE
[1.466s] -- Up-to-date: /home/eeiww/ud90uhak/bumperbot_ws/src/install/bumperbot_description/share/bumperbot_description/models/aws_robomaker_residential_CoffeeTable_01/model.sdf
[1.467s] -- Up-to-date: /home/eeiww/ud90uhak/bumperbot_ws/src/install/bumperbot_description/share/bumperbot_description/models/aws_robomaker_residential_CoffeeTable_01/model.config
[1.468s] -- Up-to-date: /home/eeiww/ud90uhak/bumperbot_ws/src/install/bumperbot_description/share/bumperbot_description/models/aws_robomaker_residential_CoffeeTable_01/materials
[1.471s] -- Up-to-date: /home/eeiww/ud90uhak/bumperbot_ws/src/install/bumperbot_description/share/bumperbot_description/models/aws_robomaker_residential_CoffeeTable_01/materials/textures
[1.475s] -- Up-to-date: /home/eeiww/ud90uhak/bumperbot_ws/src/install/bumperbot_description/share/bumperbot_description/models/aws_robomaker_residential_CoffeeTable_01/materials/textures/aws_CoffeeTable_01.png
[1.478s] -- Up-to-date: /home/eeiww/ud90uhak/bumperbot_ws/src/install/bumperbot_description/share/bumperbot_description/models/aws_robomaker_residential_ReadingDesk_01
[1.478s] -- Up-to-date: /home/eeiww/ud90uhak/bumperbot_ws/src/install/bumperbot_description/share/bumperbot_description/models/aws_robomaker_residential_ReadingDesk_01/meshes
[1.480s] -- Up-to-date: /home/eeiww/ud90uhak/bumperbot_ws/src/install/bumperbot_description/share/bumperbot_description/models/aws_robomaker_residential_ReadingDesk_01/meshes/aws_ReadingDesk_01_visual.DAE
[1.481s] -- Up-to-date: /home/eeiww/ud90uhak/bumperbot_ws/src/install/bumperbot_description/share/bumperbot_description/models/aws_robomaker_residential_ReadingDesk_01/meshes/aws_ReadingDesk_01_collision.DAE
[1.482s] -- Up-to-date: /home/eeiww/ud90uhak/bumperbot_ws/src/install/bumperbot_description/share/bumperbot_description/models/aws_robomaker_residential_ReadingDesk_01/model.sdf
[1.483s] -- Up-to-date: /home/eeiww/ud90uhak/bumperbot_ws/src/install/bumperbot_description/share/bumperbot_description/models/aws_robomaker_residential_ReadingDesk_01/model.config
[1.484s] -- Up-to-date: /home/eeiww/ud90uhak/bumperbot_ws/src/install/bumperbot_description/share/bumperbot_description/models/aws_robomaker_residential_ReadingDesk_01/materials
[1.486s] -- Up-to-date: /home/eeiww/ud90uhak/bumperbot_ws/src/install/bumperbot_description/share/bumperbot_description/models/aws_robomaker_residential_ReadingDesk_01/materials/textures
[1.487s] -- Up-to-date: /home/eeiww/ud90uhak/bumperbot_ws/src/install/bumperbot_description/share/bumperbot_description/models/aws_robomaker_residential_ReadingDesk_01/materials/textures/aws_ReadingDesk_01.png
[1.489s] -- Up-to-date: /home/eeiww/ud90uhak/bumperbot_ws/src/install/bumperbot_description/share/bumperbot_description/models/aws_robomaker_residential_RoomWindow_01
[1.491s] -- Up-to-date: /home/eeiww/ud90uhak/bumperbot_ws/src/install/bumperbot_description/share/bumperbot_description/models/aws_robomaker_residential_RoomWindow_01/meshes
[1.492s] -- Up-to-date: /home/eeiww/ud90uhak/bumperbot_ws/src/install/bumperbot_description/share/bumperbot_description/models/aws_robomaker_residential_RoomWindow_01/meshes/aws_RoomWindow_01_visual.DAE
[1.494s] -- Up-to-date: /home/eeiww/ud90uhak/bumperbot_ws/src/install/bumperbot_description/share/bumperbot_description/models/aws_robomaker_residential_RoomWindow_01/meshes/aws_RoomWindow_01_collision.DAE
[1.495s] -- Up-to-date: /home/eeiww/ud90uhak/bumperbot_ws/src/install/bumperbot_description/share/bumperbot_description/models/aws_robomaker_residential_RoomWindow_01/model.sdf
[1.496s] -- Up-to-date: /home/eeiww/ud90uhak/bumperbot_ws/src/install/bumperbot_description/share/bumperbot_description/models/aws_robomaker_residential_RoomWindow_01/model.config
[1.497s] -- Up-to-date: /home/eeiww/ud90uhak/bumperbot_ws/src/install/bumperbot_description/share/bumperbot_description/models/aws_robomaker_residential_RoomWindow_01/materials
[1.499s] -- Up-to-date: /home/eeiww/ud90uhak/bumperbot_ws/src/install/bumperbot_description/share/bumperbot_description/models/aws_robomaker_residential_RoomWindow_01/materials/textures
[1.501s] -- Up-to-date: /home/eeiww/ud90uhak/bumperbot_ws/src/install/bumperbot_description/share/bumperbot_description/models/aws_robomaker_residential_RoomWindow_01/materials/textures/aws_RoomWindow_01.png
[1.502s] -- Up-to-date: /home/eeiww/ud90uhak/bumperbot_ws/src/install/bumperbot_description/share/bumperbot_description/models/aws_robomaker_residential_Bed_01
[1.505s] -- Up-to-date: /home/eeiww/ud90uhak/bumperbot_ws/src/install/bumperbot_description/share/bumperbot_description/models/aws_robomaker_residential_Bed_01/meshes
[1.506s] -- Up-to-date: /home/eeiww/ud90uhak/bumperbot_ws/src/install/bumperbot_description/share/bumperbot_description/models/aws_robomaker_residential_Bed_01/meshes/aws_Bed_01_collision.DAE
[1.507s] -- Up-to-date: /home/eeiww/ud90uhak/bumperbot_ws/src/install/bumperbot_description/share/bumperbot_description/models/aws_robomaker_residential_Bed_01/meshes/aws_Bed_01_visual.DAE
[1.508s] -- Up-to-date: /home/eeiww/ud90uhak/bumperbot_ws/src/install/bumperbot_description/share/bumperbot_description/models/aws_robomaker_residential_Bed_01/model.sdf
[1.509s] -- Up-to-date: /home/eeiww/ud90uhak/bumperbot_ws/src/install/bumperbot_description/share/bumperbot_description/models/aws_robomaker_residential_Bed_01/model.config
[1.510s] -- Up-to-date: /home/eeiww/ud90uhak/bumperbot_ws/src/install/bumperbot_description/share/bumperbot_description/models/aws_robomaker_residential_Bed_01/materials
[1.512s] -- Up-to-date: /home/eeiww/ud90uhak/bumperbot_ws/src/install/bumperbot_description/share/bumperbot_description/models/aws_robomaker_residential_Bed_01/materials/textures
[1.520s] -- Up-to-date: /home/eeiww/ud90uhak/bumperbot_ws/src/install/bumperbot_description/share/bumperbot_description/models/aws_robomaker_residential_Bed_01/materials/textures/aws_BedB_01.png
[1.521s] -- Up-to-date: /home/eeiww/ud90uhak/bumperbot_ws/src/install/bumperbot_description/share/bumperbot_description/models/aws_robomaker_residential_Bed_01/materials/textures/aws_Bed_01.png
[1.521s] -- Up-to-date: /home/eeiww/ud90uhak/bumperbot_ws/src/install/bumperbot_description/share/bumperbot_description/models/aws_robomaker_residential_Bed_01/materials/textures/aws_BedC_01.png
[1.521s] -- Up-to-date: /home/eeiww/ud90uhak/bumperbot_ws/src/install/bumperbot_description/share/bumperbot_description/models/aws_robomaker_residential_Bed_01/materials/textures/aws_BedA_01.png
[1.521s] -- Up-to-date: /home/eeiww/ud90uhak/bumperbot_ws/src/install/bumperbot_description/share/bumperbot_description/models/aws_robomaker_residential_ChairA_01
[1.523s] -- Up-to-date: /home/eeiww/ud90uhak/bumperbot_ws/src/install/bumperbot_description/share/bumperbot_description/models/aws_robomaker_residential_ChairA_01/meshes
[1.525s] -- Up-to-date: /home/eeiww/ud90uhak/bumperbot_ws/src/install/bumperbot_description/share/bumperbot_description/models/aws_robomaker_residential_ChairA_01/meshes/aws_ChairA_01_visual.DAE
[1.526s] -- Up-to-date: /home/eeiww/ud90uhak/bumperbot_ws/src/install/bumperbot_description/share/bumperbot_description/models/aws_robomaker_residential_ChairA_01/meshes/aws_ChairA_01_collision.DAE
[1.528s] -- Up-to-date: /home/eeiww/ud90uhak/bumperbot_ws/src/install/bumperbot_description/share/bumperbot_description/models/aws_robomaker_residential_ChairA_01/model.sdf
[1.531s] -- Up-to-date: /home/eeiww/ud90uhak/bumperbot_ws/src/install/bumperbot_description/share/bumperbot_description/models/aws_robomaker_residential_ChairA_01/model.config
[1.531s] -- Up-to-date: /home/eeiww/ud90uhak/bumperbot_ws/src/install/bumperbot_description/share/bumperbot_description/models/aws_robomaker_residential_ChairA_01/materials
[1.532s] -- Up-to-date: /home/eeiww/ud90uhak/bumperbot_ws/src/install/bumperbot_description/share/bumperbot_description/models/aws_robomaker_residential_ChairA_01/materials/textures
[1.534s] -- Up-to-date: /home/eeiww/ud90uhak/bumperbot_ws/src/install/bumperbot_description/share/bumperbot_description/models/aws_robomaker_residential_ChairA_01/materials/textures/aws_ChairA_01.png
[1.535s] -- Up-to-date: /home/eeiww/ud90uhak/bumperbot_ws/src/install/bumperbot_description/share/bumperbot_description/models/aws_robomaker_warehouse_ShelfE_01
[1.537s] -- Up-to-date: /home/eeiww/ud90uhak/bumperbot_ws/src/install/bumperbot_description/share/bumperbot_description/models/aws_robomaker_warehouse_ShelfE_01/meshes
[1.544s] -- Up-to-date: /home/eeiww/ud90uhak/bumperbot_ws/src/install/bumperbot_description/share/bumperbot_description/models/aws_robomaker_warehouse_ShelfE_01/meshes/aws_robomaker_warehouse_ShelfE_01_collision.DAE
[1.545s] -- Up-to-date: /home/eeiww/ud90uhak/bumperbot_ws/src/install/bumperbot_description/share/bumperbot_description/models/aws_robomaker_warehouse_ShelfE_01/meshes/aws_robomaker_warehouse_ShelfE_01_visual.DAE
[1.551s] -- Up-to-date: /home/eeiww/ud90uhak/bumperbot_ws/src/install/bumperbot_description/share/bumperbot_description/models/aws_robomaker_warehouse_ShelfE_01/model.sdf
[1.552s] -- Up-to-date: /home/eeiww/ud90uhak/bumperbot_ws/src/install/bumperbot_description/share/bumperbot_description/models/aws_robomaker_warehouse_ShelfE_01/.DS_Store
[1.553s] -- Up-to-date: /home/eeiww/ud90uhak/bumperbot_ws/src/install/bumperbot_description/share/bumperbot_description/models/aws_robomaker_warehouse_ShelfE_01/model.config
[1.555s] -- Up-to-date: /home/eeiww/ud90uhak/bumperbot_ws/src/install/bumperbot_description/share/bumperbot_description/models/aws_robomaker_warehouse_ShelfE_01/materials
[1.558s] -- Up-to-date: /home/eeiww/ud90uhak/bumperbot_ws/src/install/bumperbot_description/share/bumperbot_description/models/aws_robomaker_warehouse_ShelfE_01/materials/textures
[1.559s] -- Up-to-date: /home/eeiww/ud90uhak/bumperbot_ws/src/install/bumperbot_description/share/bumperbot_description/models/aws_robomaker_warehouse_ShelfE_01/materials/textures/aws_robomaker_warehouse_ShelfE_03.png
[1.560s] -- Up-to-date: /home/eeiww/ud90uhak/bumperbot_ws/src/install/bumperbot_description/share/bumperbot_description/models/aws_robomaker_warehouse_ShelfE_01/materials/textures/aws_robomaker_warehouse_ShelfE_01.png
[1.562s] -- Up-to-date: /home/eeiww/ud90uhak/bumperbot_ws/src/install/bumperbot_description/share/bumperbot_description/models/aws_robomaker_warehouse_ShelfE_01/materials/textures/aws_robomaker_warehouse_ShelfE_04.png
[1.565s] -- Up-to-date: /home/eeiww/ud90uhak/bumperbot_ws/src/install/bumperbot_description/share/bumperbot_description/models/aws_robomaker_warehouse_ShelfE_01/materials/textures/aws_robomaker_warehouse_ShelfE_02.png
[1.565s] -- Up-to-date: /home/eeiww/ud90uhak/bumperbot_ws/src/install/bumperbot_description/share/bumperbot_description/models/aws_robomaker_warehouse_ShelfE_01/materials/.DS_Store
[1.566s] -- Up-to-date: /home/eeiww/ud90uhak/bumperbot_ws/src/install/bumperbot_description/share/bumperbot_description/models/aws_robomaker_residential_Handle_01
[1.568s] -- Up-to-date: /home/eeiww/ud90uhak/bumperbot_ws/src/install/bumperbot_description/share/bumperbot_description/models/aws_robomaker_residential_Handle_01/meshes
[1.570s] -- Up-to-date: /home/eeiww/ud90uhak/bumperbot_ws/src/install/bumperbot_description/share/bumperbot_description/models/aws_robomaker_residential_Handle_01/meshes/aws_ handle_01_collision.DAE
[1.572s] -- Up-to-date: /home/eeiww/ud90uhak/bumperbot_ws/src/install/bumperbot_description/share/bumperbot_description/models/aws_robomaker_residential_Handle_01/meshes/aws_Handle_01_visual.DAE
[1.574s] -- Up-to-date: /home/eeiww/ud90uhak/bumperbot_ws/src/install/bumperbot_description/share/bumperbot_description/models/aws_robomaker_residential_Handle_01/meshes/aws_Handle_01_collision.DAE
[1.575s] -- Up-to-date: /home/eeiww/ud90uhak/bumperbot_ws/src/install/bumperbot_description/share/bumperbot_description/models/aws_robomaker_residential_Handle_01/model.sdf
[1.576s] -- Up-to-date: /home/eeiww/ud90uhak/bumperbot_ws/src/install/bumperbot_description/share/bumperbot_description/models/aws_robomaker_residential_Handle_01/model.config
[1.577s] -- Up-to-date: /home/eeiww/ud90uhak/bumperbot_ws/src/install/bumperbot_description/share/bumperbot_description/models/aws_robomaker_residential_Handle_01/materials
[1.585s] -- Up-to-date: /home/eeiww/ud90uhak/bumperbot_ws/src/install/bumperbot_description/share/bumperbot_description/models/aws_robomaker_residential_Handle_01/materials/textures
[1.585s] -- Up-to-date: /home/eeiww/ud90uhak/bumperbot_ws/src/install/bumperbot_description/share/bumperbot_description/models/aws_robomaker_residential_Handle_01/materials/textures/aws_Handle_01.png
[1.586s] -- Up-to-date: /home/eeiww/ud90uhak/bumperbot_ws/src/install/bumperbot_description/share/bumperbot_description/models/aws_robomaker_warehouse_GroundB_01
[1.586s] -- Up-to-date: /home/eeiww/ud90uhak/bumperbot_ws/src/install/bumperbot_description/share/bumperbot_description/models/aws_robomaker_warehouse_GroundB_01/meshes
[1.589s] -- Up-to-date: /home/eeiww/ud90uhak/bumperbot_ws/src/install/bumperbot_description/share/bumperbot_description/models/aws_robomaker_warehouse_GroundB_01/meshes/aws_robomaker_warehouse_GroundB_01_visual.DAE
[1.591s] -- Up-to-date: /home/eeiww/ud90uhak/bumperbot_ws/src/install/bumperbot_description/share/bumperbot_description/models/aws_robomaker_warehouse_GroundB_01/meshes/aws_robomaker_warehouse_GroundB_01_collision.DAE
[1.592s] -- Up-to-date: /home/eeiww/ud90uhak/bumperbot_ws/src/install/bumperbot_description/share/bumperbot_description/models/aws_robomaker_warehouse_GroundB_01/model.sdf
[1.592s] -- Up-to-date: /home/eeiww/ud90uhak/bumperbot_ws/src/install/bumperbot_description/share/bumperbot_description/models/aws_robomaker_warehouse_GroundB_01/model.config
[1.594s] -- Up-to-date: /home/eeiww/ud90uhak/bumperbot_ws/src/install/bumperbot_description/share/bumperbot_description/models/aws_robomaker_warehouse_GroundB_01/materials
[1.595s] -- Up-to-date: /home/eeiww/ud90uhak/bumperbot_ws/src/install/bumperbot_description/share/bumperbot_description/models/aws_robomaker_warehouse_GroundB_01/materials/textures
[1.597s] -- Up-to-date: /home/eeiww/ud90uhak/bumperbot_ws/src/install/bumperbot_description/share/bumperbot_description/models/aws_robomaker_warehouse_GroundB_01/materials/textures/aws_robomaker_warehouse_GroundB_01.png
[1.603s] -- Up-to-date: /home/eeiww/ud90uhak/bumperbot_ws/src/install/bumperbot_description/share/bumperbot_description/models/aws_robomaker_warehouse_GroundB_01/materials/textures/aws_robomaker_warehouse_GroundB_02.png
[1.603s] -- Up-to-date: /home/eeiww/ud90uhak/bumperbot_ws/src/install/bumperbot_description/share/bumperbot_description/models/aws_robomaker_residential_DeskPortraitB_02
[1.604s] -- Up-to-date: /home/eeiww/ud90uhak/bumperbot_ws/src/install/bumperbot_description/share/bumperbot_description/models/aws_robomaker_residential_DeskPortraitB_02/meshes
[1.606s] -- Up-to-date: /home/eeiww/ud90uhak/bumperbot_ws/src/install/bumperbot_description/share/bumperbot_description/models/aws_robomaker_residential_DeskPortraitB_02/meshes/aws_DeskPortraitB_01_visual.DAE
[1.608s] -- Up-to-date: /home/eeiww/ud90uhak/bumperbot_ws/src/install/bumperbot_description/share/bumperbot_description/models/aws_robomaker_residential_DeskPortraitB_02/meshes/aws_DeskPortraitB_01_collision.DAE
[1.611s] -- Up-to-date: /home/eeiww/ud90uhak/bumperbot_ws/src/install/bumperbot_description/share/bumperbot_description/models/aws_robomaker_residential_DeskPortraitB_02/model.sdf
[1.611s] -- Up-to-date: /home/eeiww/ud90uhak/bumperbot_ws/src/install/bumperbot_description/share/bumperbot_description/models/aws_robomaker_residential_DeskPortraitB_02/model.config
[1.613s] -- Up-to-date: /home/eeiww/ud90uhak/bumperbot_ws/src/install/bumperbot_description/share/bumperbot_description/models/aws_robomaker_residential_DeskPortraitB_02/materials
[1.617s] -- Up-to-date: /home/eeiww/ud90uhak/bumperbot_ws/src/install/bumperbot_description/share/bumperbot_description/models/aws_robomaker_residential_DeskPortraitB_02/materials/textures
[1.619s] -- Up-to-date: /home/eeiww/ud90uhak/bumperbot_ws/src/install/bumperbot_description/share/bumperbot_description/models/aws_robomaker_residential_DeskPortraitB_02/materials/textures/aws_DeskPortraitB_01.png
[1.620s] -- Up-to-date: /home/eeiww/ud90uhak/bumperbot_ws/src/install/bumperbot_description/share/bumperbot_description/models/aws_robomaker_residential_DeskPortraitB_02/materials/textures/aws_DeskPortraitB_02.png
[1.622s] -- Up-to-date: /home/eeiww/ud90uhak/bumperbot_ws/src/install/bumperbot_description/share/bumperbot_description/models/aws_robomaker_residential_FloorB_01
[1.625s] -- Up-to-date: /home/eeiww/ud90uhak/bumperbot_ws/src/install/bumperbot_description/share/bumperbot_description/models/aws_robomaker_residential_FloorB_01/meshes
[1.626s] -- Up-to-date: /home/eeiww/ud90uhak/bumperbot_ws/src/install/bumperbot_description/share/bumperbot_description/models/aws_robomaker_residential_FloorB_01/meshes/aws_FloorB_01_visual.DAE
[1.631s] -- Up-to-date: /home/eeiww/ud90uhak/bumperbot_ws/src/install/bumperbot_description/share/bumperbot_description/models/aws_robomaker_residential_FloorB_01/meshes/aws_FloorB_01_collision.DAE
[1.634s] -- Up-to-date: /home/eeiww/ud90uhak/bumperbot_ws/src/install/bumperbot_description/share/bumperbot_description/models/aws_robomaker_residential_FloorB_01/model.sdf
[1.635s] -- Up-to-date: /home/eeiww/ud90uhak/bumperbot_ws/src/install/bumperbot_description/share/bumperbot_description/models/aws_robomaker_residential_FloorB_01/model.config
[1.636s] -- Up-to-date: /home/eeiww/ud90uhak/bumperbot_ws/src/install/bumperbot_description/share/bumperbot_description/models/aws_robomaker_residential_FloorB_01/materials
[1.639s] -- Up-to-date: /home/eeiww/ud90uhak/bumperbot_ws/src/install/bumperbot_description/share/bumperbot_description/models/aws_robomaker_residential_FloorB_01/materials/textures
[1.641s] -- Up-to-date: /home/eeiww/ud90uhak/bumperbot_ws/src/install/bumperbot_description/share/bumperbot_description/models/aws_robomaker_residential_FloorB_01/materials/textures/aws_FloorB_01.png
[1.643s] -- Up-to-date: /home/eeiww/ud90uhak/bumperbot_ws/src/install/bumperbot_description/share/bumperbot_description/models/aws_robomaker_residential_Carpet_01
[1.646s] -- Up-to-date: /home/eeiww/ud90uhak/bumperbot_ws/src/install/bumperbot_description/share/bumperbot_description/models/aws_robomaker_residential_Carpet_01/meshes
[1.649s] -- Up-to-date: /home/eeiww/ud90uhak/bumperbot_ws/src/install/bumperbot_description/share/bumperbot_description/models/aws_robomaker_residential_Carpet_01/meshes/aws_Carpet_01_visual.DAE
[1.650s] -- Up-to-date: /home/eeiww/ud90uhak/bumperbot_ws/src/install/bumperbot_description/share/bumperbot_description/models/aws_robomaker_residential_Carpet_01/meshes/aws_Carpet_01_collision.DAE
[1.651s] -- Up-to-date: /home/eeiww/ud90uhak/bumperbot_ws/src/install/bumperbot_description/share/bumperbot_description/models/aws_robomaker_residential_Carpet_01/model.sdf
[1.652s] -- Up-to-date: /home/eeiww/ud90uhak/bumperbot_ws/src/install/bumperbot_description/share/bumperbot_description/models/aws_robomaker_residential_Carpet_01/model.config
[1.653s] -- Up-to-date: /home/eeiww/ud90uhak/bumperbot_ws/src/install/bumperbot_description/share/bumperbot_description/models/aws_robomaker_residential_Carpet_01/materials
[1.656s] -- Up-to-date: /home/eeiww/ud90uhak/bumperbot_ws/src/install/bumperbot_description/share/bumperbot_description/models/aws_robomaker_residential_Carpet_01/materials/textures
[1.658s] -- Up-to-date: /home/eeiww/ud90uhak/bumperbot_ws/src/install/bumperbot_description/share/bumperbot_description/models/aws_robomaker_residential_Carpet_01/materials/textures/aws_Carpet_01.png
[1.661s] -- Up-to-date: /home/eeiww/ud90uhak/bumperbot_ws/src/install/bumperbot_description/share/bumperbot_description/models/aws_robomaker_warehouse_ShelfF_01
[1.666s] -- Up-to-date: /home/eeiww/ud90uhak/bumperbot_ws/src/install/bumperbot_description/share/bumperbot_description/models/aws_robomaker_warehouse_ShelfF_01/meshes
[1.667s] -- Up-to-date: /home/eeiww/ud90uhak/bumperbot_ws/src/install/bumperbot_description/share/bumperbot_description/models/aws_robomaker_warehouse_ShelfF_01/meshes/aws_robomaker_warehouse_ShelfF_01_visual.DAE
[1.669s] -- Up-to-date: /home/eeiww/ud90uhak/bumperbot_ws/src/install/bumperbot_description/share/bumperbot_description/models/aws_robomaker_warehouse_ShelfF_01/meshes/aws_robomaker_warehouse_ShelfF_01_collision.DAE
[1.671s] -- Up-to-date: /home/eeiww/ud90uhak/bumperbot_ws/src/install/bumperbot_description/share/bumperbot_description/models/aws_robomaker_warehouse_ShelfF_01/model.sdf
[1.672s] -- Up-to-date: /home/eeiww/ud90uhak/bumperbot_ws/src/install/bumperbot_description/share/bumperbot_description/models/aws_robomaker_warehouse_ShelfF_01/model.config
[1.673s] -- Up-to-date: /home/eeiww/ud90uhak/bumperbot_ws/src/install/bumperbot_description/share/bumperbot_description/models/aws_robomaker_warehouse_ShelfF_01/materials
[1.675s] -- Up-to-date: /home/eeiww/ud90uhak/bumperbot_ws/src/install/bumperbot_description/share/bumperbot_description/models/aws_robomaker_warehouse_ShelfF_01/materials/textures
[1.677s] -- Up-to-date: /home/eeiww/ud90uhak/bumperbot_ws/src/install/bumperbot_description/share/bumperbot_description/models/aws_robomaker_warehouse_ShelfF_01/materials/textures/aws_robomaker_warehouse_ShelfF_03.png
[1.678s] -- Up-to-date: /home/eeiww/ud90uhak/bumperbot_ws/src/install/bumperbot_description/share/bumperbot_description/models/aws_robomaker_warehouse_ShelfF_01/materials/textures/aws_robomaker_warehouse_ShelfF_02.png
[1.680s] -- Up-to-date: /home/eeiww/ud90uhak/bumperbot_ws/src/install/bumperbot_description/share/bumperbot_description/models/aws_robomaker_warehouse_ShelfF_01/materials/textures/aws_robomaker_warehouse_ShelfF_01.png
[1.680s] -- Up-to-date: /home/eeiww/ud90uhak/bumperbot_ws/src/install/bumperbot_description/share/bumperbot_description/models/aws_robomaker_residential_PortraitC_01
[1.682s] -- Up-to-date: /home/eeiww/ud90uhak/bumperbot_ws/src/install/bumperbot_description/share/bumperbot_description/models/aws_robomaker_residential_PortraitC_01/meshes
[1.686s] -- Up-to-date: /home/eeiww/ud90uhak/bumperbot_ws/src/install/bumperbot_description/share/bumperbot_description/models/aws_robomaker_residential_PortraitC_01/meshes/aws_PortraitC_01_visual.DAE
[1.686s] -- Up-to-date: /home/eeiww/ud90uhak/bumperbot_ws/src/install/bumperbot_description/share/bumperbot_description/models/aws_robomaker_residential_PortraitC_01/meshes/aws_PortraitC_01_collision.DAE
[1.687s] -- Up-to-date: /home/eeiww/ud90uhak/bumperbot_ws/src/install/bumperbot_description/share/bumperbot_description/models/aws_robomaker_residential_PortraitC_01/model.sdf
[1.688s] -- Up-to-date: /home/eeiww/ud90uhak/bumperbot_ws/src/install/bumperbot_description/share/bumperbot_description/models/aws_robomaker_residential_PortraitC_01/model.config
[1.689s] -- Up-to-date: /home/eeiww/ud90uhak/bumperbot_ws/src/install/bumperbot_description/share/bumperbot_description/models/aws_robomaker_residential_PortraitC_01/materials
[1.692s] -- Up-to-date: /home/eeiww/ud90uhak/bumperbot_ws/src/install/bumperbot_description/share/bumperbot_description/models/aws_robomaker_residential_PortraitC_01/materials/textures
[1.694s] -- Up-to-date: /home/eeiww/ud90uhak/bumperbot_ws/src/install/bumperbot_description/share/bumperbot_description/models/aws_robomaker_residential_PortraitC_01/materials/textures/aws_PortraitC_02.png
[1.695s] -- Up-to-date: /home/eeiww/ud90uhak/bumperbot_ws/src/install/bumperbot_description/share/bumperbot_description/models/aws_robomaker_residential_PortraitC_01/materials/textures/aws_PortraitC_01.png
[1.696s] -- Up-to-date: /home/eeiww/ud90uhak/bumperbot_ws/src/install/bumperbot_description/share/bumperbot_description/models/aws_robomaker_residential_RoomCeiling_01
[1.697s] -- Up-to-date: /home/eeiww/ud90uhak/bumperbot_ws/src/install/bumperbot_description/share/bumperbot_description/models/aws_robomaker_residential_RoomCeiling_01/meshes
[1.699s] -- Up-to-date: /home/eeiww/ud90uhak/bumperbot_ws/src/install/bumperbot_description/share/bumperbot_description/models/aws_robomaker_residential_RoomCeiling_01/meshes/aws_RoomCeiling_01_collision.DAE
[1.703s] -- Up-to-date: /home/eeiww/ud90uhak/bumperbot_ws/src/install/bumperbot_description/share/bumperbot_description/models/aws_robomaker_residential_RoomCeiling_01/meshes/aws_RoomCeiling_01_visual.DAE
[1.706s] -- Up-to-date: /home/eeiww/ud90uhak/bumperbot_ws/src/install/bumperbot_description/share/bumperbot_description/models/aws_robomaker_residential_RoomCeiling_01/model.sdf
[1.706s] -- Up-to-date: /home/eeiww/ud90uhak/bumperbot_ws/src/install/bumperbot_description/share/bumperbot_description/models/aws_robomaker_residential_RoomCeiling_01/model.config
[1.707s] -- Up-to-date: /home/eeiww/ud90uhak/bumperbot_ws/src/install/bumperbot_description/share/bumperbot_description/models/aws_robomaker_residential_RoomCeiling_01/materials
[1.710s] -- Up-to-date: /home/eeiww/ud90uhak/bumperbot_ws/src/install/bumperbot_description/share/bumperbot_description/models/aws_robomaker_residential_RoomCeiling_01/materials/textures
[1.711s] -- Up-to-date: /home/eeiww/ud90uhak/bumperbot_ws/src/install/bumperbot_description/share/bumperbot_description/models/aws_robomaker_residential_RoomCeiling_01/materials/textures/aws_RoomCeiling_01.png
[1.714s] -- Up-to-date: /home/eeiww/ud90uhak/bumperbot_ws/src/install/bumperbot_description/share/bumperbot_description/models/aws_robomaker_residential_TV_01
[1.716s] -- Up-to-date: /home/eeiww/ud90uhak/bumperbot_ws/src/install/bumperbot_description/share/bumperbot_description/models/aws_robomaker_residential_TV_01/meshes
[1.717s] -- Up-to-date: /home/eeiww/ud90uhak/bumperbot_ws/src/install/bumperbot_description/share/bumperbot_description/models/aws_robomaker_residential_TV_01/meshes/aws_TV_01_visual.DAE
[1.719s] -- Up-to-date: /home/eeiww/ud90uhak/bumperbot_ws/src/install/bumperbot_description/share/bumperbot_description/models/aws_robomaker_residential_TV_01/meshes/aws_TV_01_collision.DAE
[1.720s] -- Up-to-date: /home/eeiww/ud90uhak/bumperbot_ws/src/install/bumperbot_description/share/bumperbot_description/models/aws_robomaker_residential_TV_01/model.sdf
[1.721s] -- Up-to-date: /home/eeiww/ud90uhak/bumperbot_ws/src/install/bumperbot_description/share/bumperbot_description/models/aws_robomaker_residential_TV_01/model.config
[1.725s] -- Up-to-date: /home/eeiww/ud90uhak/bumperbot_ws/src/install/bumperbot_description/share/bumperbot_description/models/aws_robomaker_residential_TV_01/materials
[1.725s] -- Up-to-date: /home/eeiww/ud90uhak/bumperbot_ws/src/install/bumperbot_description/share/bumperbot_description/models/aws_robomaker_residential_TV_01/materials/textures
[1.727s] -- Up-to-date: /home/eeiww/ud90uhak/bumperbot_ws/src/install/bumperbot_description/share/bumperbot_description/models/aws_robomaker_residential_TV_01/materials/textures/aws_TV_01.png
[1.728s] -- Up-to-date: /home/eeiww/ud90uhak/bumperbot_ws/src/install/bumperbot_description/share/bumperbot_description/models/aws_robomaker_residential_AirconditionerB_01
[1.730s] -- Up-to-date: /home/eeiww/ud90uhak/bumperbot_ws/src/install/bumperbot_description/share/bumperbot_description/models/aws_robomaker_residential_AirconditionerB_01/meshes
[1.732s] -- Up-to-date: /home/eeiww/ud90uhak/bumperbot_ws/src/install/bumperbot_description/share/bumperbot_description/models/aws_robomaker_residential_AirconditionerB_01/meshes/aws_AirconditionerB_01_visual.DAE
[1.733s] -- Up-to-date: /home/eeiww/ud90uhak/bumperbot_ws/src/install/bumperbot_description/share/bumperbot_description/models/aws_robomaker_residential_AirconditionerB_01/meshes/aws_AirconditionerB_01_collision.DAE
[1.734s] -- Up-to-date: /home/eeiww/ud90uhak/bumperbot_ws/src/install/bumperbot_description/share/bumperbot_description/models/aws_robomaker_residential_AirconditionerB_01/model.sdf
[1.736s] -- Up-to-date: /home/eeiww/ud90uhak/bumperbot_ws/src/install/bumperbot_description/share/bumperbot_description/models/aws_robomaker_residential_AirconditionerB_01/model.config
[1.738s] -- Up-to-date: /home/eeiww/ud90uhak/bumperbot_ws/src/install/bumperbot_description/share/bumperbot_description/models/aws_robomaker_residential_AirconditionerB_01/materials
[1.740s] -- Up-to-date: /home/eeiww/ud90uhak/bumperbot_ws/src/install/bumperbot_description/share/bumperbot_description/models/aws_robomaker_residential_AirconditionerB_01/materials/textures
[1.744s] -- Up-to-date: /home/eeiww/ud90uhak/bumperbot_ws/src/install/bumperbot_description/share/bumperbot_description/models/aws_robomaker_residential_AirconditionerB_01/materials/textures/aws_AirconditionerB_01.png
[1.746s] -- Up-to-date: /home/eeiww/ud90uhak/bumperbot_ws/src/install/bumperbot_description/share/bumperbot_description/models/aws_robomaker_residential_ShoeRack_01
[1.747s] -- Up-to-date: /home/eeiww/ud90uhak/bumperbot_ws/src/install/bumperbot_description/share/bumperbot_description/models/aws_robomaker_residential_ShoeRack_01/meshes
[1.749s] -- Up-to-date: /home/eeiww/ud90uhak/bumperbot_ws/src/install/bumperbot_description/share/bumperbot_description/models/aws_robomaker_residential_ShoeRack_01/meshes/aws_ShoeRack_01_visual.DAE
[1.752s] -- Up-to-date: /home/eeiww/ud90uhak/bumperbot_ws/src/install/bumperbot_description/share/bumperbot_description/models/aws_robomaker_residential_ShoeRack_01/meshes/aws_ShoeRack_01_collision.DAE
[1.753s] -- Up-to-date: /home/eeiww/ud90uhak/bumperbot_ws/src/install/bumperbot_description/share/bumperbot_description/models/aws_robomaker_residential_ShoeRack_01/model.sdf
[1.753s] -- Up-to-date: /home/eeiww/ud90uhak/bumperbot_ws/src/install/bumperbot_description/share/bumperbot_description/models/aws_robomaker_residential_ShoeRack_01/model.config
[1.767s] -- Up-to-date: /home/eeiww/ud90uhak/bumperbot_ws/src/install/bumperbot_description/share/bumperbot_description/models/aws_robomaker_residential_ShoeRack_01/materials
[1.769s] -- Up-to-date: /home/eeiww/ud90uhak/bumperbot_ws/src/install/bumperbot_description/share/bumperbot_description/models/aws_robomaker_residential_ShoeRack_01/materials/textures
[1.771s] -- Up-to-date: /home/eeiww/ud90uhak/bumperbot_ws/src/install/bumperbot_description/share/bumperbot_description/models/aws_robomaker_residential_ShoeRack_01/materials/textures/aws_ShoeRack_01.png
[1.772s] -- Up-to-date: /home/eeiww/ud90uhak/bumperbot_ws/src/install/bumperbot_description/share/bumperbot_description/models/aws_robomaker_residential_HouseWallB_01
[1.774s] -- Up-to-date: /home/eeiww/ud90uhak/bumperbot_ws/src/install/bumperbot_description/share/bumperbot_description/models/aws_robomaker_residential_HouseWallB_01/meshes
[1.776s] -- Up-to-date: /home/eeiww/ud90uhak/bumperbot_ws/src/install/bumperbot_description/share/bumperbot_description/models/aws_robomaker_residential_HouseWallB_01/meshes/aws_HouseWallB_01_collision.DAE
[1.777s] -- Up-to-date: /home/eeiww/ud90uhak/bumperbot_ws/src/install/bumperbot_description/share/bumperbot_description/models/aws_robomaker_residential_HouseWallB_01/meshes/aws_HouseWallB_01_visual.DAE
[1.778s] -- Up-to-date: /home/eeiww/ud90uhak/bumperbot_ws/src/install/bumperbot_description/share/bumperbot_description/models/aws_robomaker_residential_HouseWallB_01/model.sdf
[1.779s] -- Up-to-date: /home/eeiww/ud90uhak/bumperbot_ws/src/install/bumperbot_description/share/bumperbot_description/models/aws_robomaker_residential_HouseWallB_01/model.config
[1.782s] -- Up-to-date: /home/eeiww/ud90uhak/bumperbot_ws/src/install/bumperbot_description/share/bumperbot_description/models/aws_robomaker_residential_HouseWallB_01/materials
[1.782s] -- Up-to-date: /home/eeiww/ud90uhak/bumperbot_ws/src/install/bumperbot_description/share/bumperbot_description/models/aws_robomaker_residential_HouseWallB_01/materials/textures
[1.784s] -- Up-to-date: /home/eeiww/ud90uhak/bumperbot_ws/src/install/bumperbot_description/share/bumperbot_description/models/aws_robomaker_residential_HouseWallB_01/materials/textures/aws_HouseWallB_01.png
[1.785s] -- Up-to-date: /home/eeiww/ud90uhak/bumperbot_ws/src/install/bumperbot_description/share/bumperbot_description/models/aws_robomaker_residential_Sofa_01
[1.786s] -- Up-to-date: /home/eeiww/ud90uhak/bumperbot_ws/src/install/bumperbot_description/share/bumperbot_description/models/aws_robomaker_residential_Sofa_01/meshes
[1.788s] -- Up-to-date: /home/eeiww/ud90uhak/bumperbot_ws/src/install/bumperbot_description/share/bumperbot_description/models/aws_robomaker_residential_Sofa_01/meshes/aws_Sofa_01_collision.DAE
[1.792s] -- Up-to-date: /home/eeiww/ud90uhak/bumperbot_ws/src/install/bumperbot_description/share/bumperbot_description/models/aws_robomaker_residential_Sofa_01/meshes/aws_Sofa_01.DAE
[1.792s] -- Up-to-date: /home/eeiww/ud90uhak/bumperbot_ws/src/install/bumperbot_description/share/bumperbot_description/models/aws_robomaker_residential_Sofa_01/meshes/aws_Sofa_01_visual.DAE
[1.793s] -- Up-to-date: /home/eeiww/ud90uhak/bumperbot_ws/src/install/bumperbot_description/share/bumperbot_description/models/aws_robomaker_residential_Sofa_01/model.sdf
[1.797s] -- Up-to-date: /home/eeiww/ud90uhak/bumperbot_ws/src/install/bumperbot_description/share/bumperbot_description/models/aws_robomaker_residential_Sofa_01/model.config
[1.797s] -- Up-to-date: /home/eeiww/ud90uhak/bumperbot_ws/src/install/bumperbot_description/share/bumperbot_description/models/aws_robomaker_residential_Sofa_01/materials
[1.798s] -- Up-to-date: /home/eeiww/ud90uhak/bumperbot_ws/src/install/bumperbot_description/share/bumperbot_description/models/aws_robomaker_residential_Sofa_01/materials/textures
[1.800s] -- Up-to-date: /home/eeiww/ud90uhak/bumperbot_ws/src/install/bumperbot_description/share/bumperbot_description/models/aws_robomaker_residential_Sofa_01/materials/textures/aws_Sofa_01.png
[1.803s] -- Up-to-date: /home/eeiww/ud90uhak/bumperbot_ws/src/install/bumperbot_description/share/bumperbot_description/models/aws_robomaker_warehouse_ClutteringD_01
[1.804s] -- Up-to-date: /home/eeiww/ud90uhak/bumperbot_ws/src/install/bumperbot_description/share/bumperbot_description/models/aws_robomaker_warehouse_ClutteringD_01/meshes
[1.805s] -- Up-to-date: /home/eeiww/ud90uhak/bumperbot_ws/src/install/bumperbot_description/share/bumperbot_description/models/aws_robomaker_warehouse_ClutteringD_01/meshes/aws_robomaker_warehouse_ClutteringD_01_visual.DAE
[1.807s] -- Up-to-date: /home/eeiww/ud90uhak/bumperbot_ws/src/install/bumperbot_description/share/bumperbot_description/models/aws_robomaker_warehouse_ClutteringD_01/meshes/aws_robomaker_warehouse_ClutteringD_01_collision.DAE
[1.808s] -- Up-to-date: /home/eeiww/ud90uhak/bumperbot_ws/src/install/bumperbot_description/share/bumperbot_description/models/aws_robomaker_warehouse_ClutteringD_01/model.sdf
[1.809s] -- Up-to-date: /home/eeiww/ud90uhak/bumperbot_ws/src/install/bumperbot_description/share/bumperbot_description/models/aws_robomaker_warehouse_ClutteringD_01/model.config
[1.811s] -- Up-to-date: /home/eeiww/ud90uhak/bumperbot_ws/src/install/bumperbot_description/share/bumperbot_description/models/aws_robomaker_warehouse_ClutteringD_01/materials
[1.813s] -- Up-to-date: /home/eeiww/ud90uhak/bumperbot_ws/src/install/bumperbot_description/share/bumperbot_description/models/aws_robomaker_warehouse_ClutteringD_01/materials/textures
[1.816s] -- Up-to-date: /home/eeiww/ud90uhak/bumperbot_ws/src/install/bumperbot_description/share/bumperbot_description/models/aws_robomaker_warehouse_ClutteringD_01/materials/textures/aws_robomaker_warehouse_ClutteringD_02.png
[1.817s] -- Up-to-date: /home/eeiww/ud90uhak/bumperbot_ws/src/install/bumperbot_description/share/bumperbot_description/models/aws_robomaker_warehouse_ClutteringD_01/materials/textures/aws_robomaker_warehouse_ClutteringD_01.png
[1.819s] -- Up-to-date: /home/eeiww/ud90uhak/bumperbot_ws/src/install/bumperbot_description/share/bumperbot_description/models/aws_robomaker_residential_DeskPortraitA_01
[1.820s] -- Up-to-date: /home/eeiww/ud90uhak/bumperbot_ws/src/install/bumperbot_description/share/bumperbot_description/models/aws_robomaker_residential_DeskPortraitA_01/meshes
[1.822s] -- Up-to-date: /home/eeiww/ud90uhak/bumperbot_ws/src/install/bumperbot_description/share/bumperbot_description/models/aws_robomaker_residential_DeskPortraitA_01/meshes/aws_DeskPortraitA_01_visual.DAE
[1.825s] -- Up-to-date: /home/eeiww/ud90uhak/bumperbot_ws/src/install/bumperbot_description/share/bumperbot_description/models/aws_robomaker_residential_DeskPortraitA_01/meshes/aws_DeskPortraitA_01_collision.DAE
[1.826s] -- Up-to-date: /home/eeiww/ud90uhak/bumperbot_ws/src/install/bumperbot_description/share/bumperbot_description/models/aws_robomaker_residential_DeskPortraitA_01/model.sdf
[1.827s] -- Up-to-date: /home/eeiww/ud90uhak/bumperbot_ws/src/install/bumperbot_description/share/bumperbot_description/models/aws_robomaker_residential_DeskPortraitA_01/model.config
[1.828s] -- Up-to-date: /home/eeiww/ud90uhak/bumperbot_ws/src/install/bumperbot_description/share/bumperbot_description/models/aws_robomaker_residential_DeskPortraitA_01/materials
[1.835s] -- Up-to-date: /home/eeiww/ud90uhak/bumperbot_ws/src/install/bumperbot_description/share/bumperbot_description/models/aws_robomaker_residential_DeskPortraitA_01/materials/textures
[1.836s] -- Up-to-date: /home/eeiww/ud90uhak/bumperbot_ws/src/install/bumperbot_description/share/bumperbot_description/models/aws_robomaker_residential_DeskPortraitA_01/materials/textures/aws_DeskPortraitA_02.png
[1.837s] -- Up-to-date: /home/eeiww/ud90uhak/bumperbot_ws/src/install/bumperbot_description/share/bumperbot_description/models/aws_robomaker_residential_DeskPortraitA_01/materials/textures/aws_DeskPortraitA_01.png
[1.839s] -- Up-to-date: /home/eeiww/ud90uhak/bumperbot_ws/src/install/bumperbot_description/share/bumperbot_description/models/aws_robomaker_residential_Board_01
[1.841s] -- Up-to-date: /home/eeiww/ud90uhak/bumperbot_ws/src/install/bumperbot_description/share/bumperbot_description/models/aws_robomaker_residential_Board_01/meshes
[1.846s] -- Up-to-date: /home/eeiww/ud90uhak/bumperbot_ws/src/install/bumperbot_description/share/bumperbot_description/models/aws_robomaker_residential_Board_01/meshes/aws_Board_01_collision.DAE
[1.847s] -- Up-to-date: /home/eeiww/ud90uhak/bumperbot_ws/src/install/bumperbot_description/share/bumperbot_description/models/aws_robomaker_residential_Board_01/meshes/aws_Board_01_visual.DAE
[1.849s] -- Up-to-date: /home/eeiww/ud90uhak/bumperbot_ws/src/install/bumperbot_description/share/bumperbot_description/models/aws_robomaker_residential_Board_01/model.sdf
[1.850s] -- Up-to-date: /home/eeiww/ud90uhak/bumperbot_ws/src/install/bumperbot_description/share/bumperbot_description/models/aws_robomaker_residential_Board_01/model.config
[1.851s] -- Up-to-date: /home/eeiww/ud90uhak/bumperbot_ws/src/install/bumperbot_description/share/bumperbot_description/models/aws_robomaker_residential_Board_01/materials
[1.853s] -- Up-to-date: /home/eeiww/ud90uhak/bumperbot_ws/src/install/bumperbot_description/share/bumperbot_description/models/aws_robomaker_residential_Board_01/materials/textures
[1.855s] -- Up-to-date: /home/eeiww/ud90uhak/bumperbot_ws/src/install/bumperbot_description/share/bumperbot_description/models/aws_robomaker_residential_Board_01/materials/textures/aws_Board_01.png
[1.856s] -- Up-to-date: /home/eeiww/ud90uhak/bumperbot_ws/src/install/bumperbot_description/share/bumperbot_description/models/aws_robomaker_residential_RoomWall_01
[1.858s] -- Up-to-date: /home/eeiww/ud90uhak/bumperbot_ws/src/install/bumperbot_description/share/bumperbot_description/models/aws_robomaker_residential_RoomWall_01/meshes
[1.861s] -- Up-to-date: /home/eeiww/ud90uhak/bumperbot_ws/src/install/bumperbot_description/share/bumperbot_description/models/aws_robomaker_residential_RoomWall_01/meshes/aws_RoomWall_01_visual.DAE
[1.862s] -- Up-to-date: /home/eeiww/ud90uhak/bumperbot_ws/src/install/bumperbot_description/share/bumperbot_description/models/aws_robomaker_residential_RoomWall_01/meshes/aws_RoomWall_01_collision.DAE
[1.863s] -- Up-to-date: /home/eeiww/ud90uhak/bumperbot_ws/src/install/bumperbot_description/share/bumperbot_description/models/aws_robomaker_residential_RoomWall_01/model.sdf
[1.864s] -- Up-to-date: /home/eeiww/ud90uhak/bumperbot_ws/src/install/bumperbot_description/share/bumperbot_description/models/aws_robomaker_residential_RoomWall_01/model.config
[1.866s] -- Up-to-date: /home/eeiww/ud90uhak/bumperbot_ws/src/install/bumperbot_description/share/bumperbot_description/models/aws_robomaker_residential_RoomWall_01/materials
[1.869s] -- Up-to-date: /home/eeiww/ud90uhak/bumperbot_ws/src/install/bumperbot_description/share/bumperbot_description/models/aws_robomaker_residential_RoomWall_01/materials/textures
[1.871s] -- Up-to-date: /home/eeiww/ud90uhak/bumperbot_ws/src/install/bumperbot_description/share/bumperbot_description/models/aws_robomaker_residential_RoomWall_01/materials/textures/aws_RoomWall_01.png
[1.872s] -- Up-to-date: /home/eeiww/ud90uhak/bumperbot_ws/src/install/bumperbot_description/share/bumperbot_description/models/aws_robomaker_residential_PortraitE_01
[1.877s] -- Up-to-date: /home/eeiww/ud90uhak/bumperbot_ws/src/install/bumperbot_description/share/bumperbot_description/models/aws_robomaker_residential_PortraitE_01/meshes
[1.879s] -- Up-to-date: /home/eeiww/ud90uhak/bumperbot_ws/src/install/bumperbot_description/share/bumperbot_description/models/aws_robomaker_residential_PortraitE_01/meshes/aws_PortraitE_01_collision.DAE
[1.880s] -- Up-to-date: /home/eeiww/ud90uhak/bumperbot_ws/src/install/bumperbot_description/share/bumperbot_description/models/aws_robomaker_residential_PortraitE_01/meshes/aws_PortraitE_01_visual.DAE
[1.885s] -- Up-to-date: /home/eeiww/ud90uhak/bumperbot_ws/src/install/bumperbot_description/share/bumperbot_description/models/aws_robomaker_residential_PortraitE_01/model.sdf
[1.887s] -- Up-to-date: /home/eeiww/ud90uhak/bumperbot_ws/src/install/bumperbot_description/share/bumperbot_description/models/aws_robomaker_residential_PortraitE_01/model.config
[1.888s] -- Up-to-date: /home/eeiww/ud90uhak/bumperbot_ws/src/install/bumperbot_description/share/bumperbot_description/models/aws_robomaker_residential_PortraitE_01/materials
[1.890s] -- Up-to-date: /home/eeiww/ud90uhak/bumperbot_ws/src/install/bumperbot_description/share/bumperbot_description/models/aws_robomaker_residential_PortraitE_01/materials/textures
[1.893s] -- Up-to-date: /home/eeiww/ud90uhak/bumperbot_ws/src/install/bumperbot_description/share/bumperbot_description/models/aws_robomaker_residential_PortraitE_01/materials/textures/aws_PortraitE_02.png
[1.894s] -- Up-to-date: /home/eeiww/ud90uhak/bumperbot_ws/src/install/bumperbot_description/share/bumperbot_description/models/aws_robomaker_residential_PortraitE_01/materials/textures/aws_PortraitE_01.png
[1.894s] -- Up-to-date: /home/eeiww/ud90uhak/bumperbot_ws/src/install/bumperbot_description/share/bumperbot_description/models/aws_robomaker_residential_PortraitB_02
[1.898s] -- Up-to-date: /home/eeiww/ud90uhak/bumperbot_ws/src/install/bumperbot_description/share/bumperbot_description/models/aws_robomaker_residential_PortraitB_02/meshes
[1.899s] -- Up-to-date: /home/eeiww/ud90uhak/bumperbot_ws/src/install/bumperbot_description/share/bumperbot_description/models/aws_robomaker_residential_PortraitB_02/meshes/aws_PortraitB_01_collision.DAE
[1.900s] -- Up-to-date: /home/eeiww/ud90uhak/bumperbot_ws/src/install/bumperbot_description/share/bumperbot_description/models/aws_robomaker_residential_PortraitB_02/meshes/aws_PortraitB_01_visual.DAE
[1.901s] -- Up-to-date: /home/eeiww/ud90uhak/bumperbot_ws/src/install/bumperbot_description/share/bumperbot_description/models/aws_robomaker_residential_PortraitB_02/model.sdf
[1.902s] -- Up-to-date: /home/eeiww/ud90uhak/bumperbot_ws/src/install/bumperbot_description/share/bumperbot_description/models/aws_robomaker_residential_PortraitB_02/model.config
[1.904s] -- Up-to-date: /home/eeiww/ud90uhak/bumperbot_ws/src/install/bumperbot_description/share/bumperbot_description/models/aws_robomaker_residential_PortraitB_02/materials
[1.906s] -- Up-to-date: /home/eeiww/ud90uhak/bumperbot_ws/src/install/bumperbot_description/share/bumperbot_description/models/aws_robomaker_residential_PortraitB_02/materials/textures
[1.908s] -- Up-to-date: /home/eeiww/ud90uhak/bumperbot_ws/src/install/bumperbot_description/share/bumperbot_description/models/aws_robomaker_residential_PortraitB_02/materials/textures/aws_PortraitB_01.png
[1.910s] -- Up-to-date: /home/eeiww/ud90uhak/bumperbot_ws/src/install/bumperbot_description/share/bumperbot_description/models/aws_robomaker_residential_PortraitB_02/materials/textures/aws_PortraitB_02.png
[1.910s] -- Up-to-date: /home/eeiww/ud90uhak/bumperbot_ws/src/install/bumperbot_description/share/bumperbot_description/models/aws_robomaker_residential_Quilt_01
[1.912s] -- Up-to-date: /home/eeiww/ud90uhak/bumperbot_ws/src/install/bumperbot_description/share/bumperbot_description/models/aws_robomaker_residential_Quilt_01/meshes
[1.917s] -- Up-to-date: /home/eeiww/ud90uhak/bumperbot_ws/src/install/bumperbot_description/share/bumperbot_description/models/aws_robomaker_residential_Quilt_01/meshes/aws_Quilt_01_collision.DAE
[1.920s] -- Up-to-date: /home/eeiww/ud90uhak/bumperbot_ws/src/install/bumperbot_description/share/bumperbot_description/models/aws_robomaker_residential_Quilt_01/meshes/aws_Quilt_01_visual.DAE
[1.923s] -- Up-to-date: /home/eeiww/ud90uhak/bumperbot_ws/src/install/bumperbot_description/share/bumperbot_description/models/aws_robomaker_residential_Quilt_01/model.sdf
[1.925s] -- Up-to-date: /home/eeiww/ud90uhak/bumperbot_ws/src/install/bumperbot_description/share/bumperbot_description/models/aws_robomaker_residential_Quilt_01/model.config
[1.925s] -- Up-to-date: /home/eeiww/ud90uhak/bumperbot_ws/src/install/bumperbot_description/share/bumperbot_description/models/aws_robomaker_residential_Quilt_01/materials
[1.927s] -- Up-to-date: /home/eeiww/ud90uhak/bumperbot_ws/src/install/bumperbot_description/share/bumperbot_description/models/aws_robomaker_residential_Quilt_01/materials/textures
[1.929s] -- Up-to-date: /home/eeiww/ud90uhak/bumperbot_ws/src/install/bumperbot_description/share/bumperbot_description/models/aws_robomaker_residential_Quilt_01/materials/textures/aws_Quilt_01.png
[1.930s] -- Up-to-date: /home/eeiww/ud90uhak/bumperbot_ws/src/install/bumperbot_description/share/bumperbot_description/models/aws_robomaker_residential_DeskPortraitC_01
[1.933s] -- Up-to-date: /home/eeiww/ud90uhak/bumperbot_ws/src/install/bumperbot_description/share/bumperbot_description/models/aws_robomaker_residential_DeskPortraitC_01/meshes
[1.935s] -- Up-to-date: /home/eeiww/ud90uhak/bumperbot_ws/src/install/bumperbot_description/share/bumperbot_description/models/aws_robomaker_residential_DeskPortraitC_01/meshes/aws_DeskPortraitC_01_collision.DAE
[1.936s] -- Up-to-date: /home/eeiww/ud90uhak/bumperbot_ws/src/install/bumperbot_description/share/bumperbot_description/models/aws_robomaker_residential_DeskPortraitC_01/meshes/aws_DeskPortraitC_01_visual.DAE
[1.939s] -- Up-to-date: /home/eeiww/ud90uhak/bumperbot_ws/src/install/bumperbot_description/share/bumperbot_description/models/aws_robomaker_residential_DeskPortraitC_01/model.sdf
[1.940s] -- Up-to-date: /home/eeiww/ud90uhak/bumperbot_ws/src/install/bumperbot_description/share/bumperbot_description/models/aws_robomaker_residential_DeskPortraitC_01/model.config
[1.941s] -- Up-to-date: /home/eeiww/ud90uhak/bumperbot_ws/src/install/bumperbot_description/share/bumperbot_description/models/aws_robomaker_residential_DeskPortraitC_01/materials
[1.943s] -- Up-to-date: /home/eeiww/ud90uhak/bumperbot_ws/src/install/bumperbot_description/share/bumperbot_description/models/aws_robomaker_residential_DeskPortraitC_01/materials/textures
[1.947s] -- Up-to-date: /home/eeiww/ud90uhak/bumperbot_ws/src/install/bumperbot_description/share/bumperbot_description/models/aws_robomaker_residential_DeskPortraitC_01/materials/textures/aws_DeskPortraitC_01.png
[1.948s] -- Up-to-date: /home/eeiww/ud90uhak/bumperbot_ws/src/install/bumperbot_description/share/bumperbot_description/models/aws_robomaker_residential_DeskPortraitC_01/materials/textures/aws_DeskPortraitC_02.png
[1.951s] -- Up-to-date: /home/eeiww/ud90uhak/bumperbot_ws/src/install/bumperbot_description/share/bumperbot_description/models/aws_robomaker_residential_Refrigerator_01
[1.952s] -- Up-to-date: /home/eeiww/ud90uhak/bumperbot_ws/src/install/bumperbot_description/share/bumperbot_description/models/aws_robomaker_residential_Refrigerator_01/meshes
[1.957s] -- Up-to-date: /home/eeiww/ud90uhak/bumperbot_ws/src/install/bumperbot_description/share/bumperbot_description/models/aws_robomaker_residential_Refrigerator_01/meshes/aws_Refrigerator_01.DAE
[1.958s] -- Up-to-date: /home/eeiww/ud90uhak/bumperbot_ws/src/install/bumperbot_description/share/bumperbot_description/models/aws_robomaker_residential_Refrigerator_01/meshes/aws_Refrigerator_01_visual.DAE
[1.958s] -- Up-to-date: /home/eeiww/ud90uhak/bumperbot_ws/src/install/bumperbot_description/share/bumperbot_description/models/aws_robomaker_residential_Refrigerator_01/meshes/aws_Refrigerator_01_collision.DAE
[1.959s] -- Up-to-date: /home/eeiww/ud90uhak/bumperbot_ws/src/install/bumperbot_description/share/bumperbot_description/models/aws_robomaker_residential_Refrigerator_01/model.sdf
[1.963s] -- Up-to-date: /home/eeiww/ud90uhak/bumperbot_ws/src/install/bumperbot_description/share/bumperbot_description/models/aws_robomaker_residential_Refrigerator_01/model.config
[1.965s] -- Up-to-date: /home/eeiww/ud90uhak/bumperbot_ws/src/install/bumperbot_description/share/bumperbot_description/models/aws_robomaker_residential_Refrigerator_01/materials
[1.968s] -- Up-to-date: /home/eeiww/ud90uhak/bumperbot_ws/src/install/bumperbot_description/share/bumperbot_description/models/aws_robomaker_residential_Refrigerator_01/materials/textures
[1.971s] -- Up-to-date: /home/eeiww/ud90uhak/bumperbot_ws/src/install/bumperbot_description/share/bumperbot_description/models/aws_robomaker_residential_Refrigerator_01/materials/textures/aws_Refrigerator_01.png
[1.974s] -- Up-to-date: /home/eeiww/ud90uhak/bumperbot_ws/src/install/bumperbot_description/share/bumperbot_description/models/aws_robomaker_residential_Refrigerator_01/materials/textures/aws_Refrigerator_02.png
[1.982s] -- Up-to-date: /home/eeiww/ud90uhak/bumperbot_ws/src/install/bumperbot_description/share/bumperbot_description/models/aws_robomaker_warehouse_Lamp_01
[1.987s] -- Up-to-date: /home/eeiww/ud90uhak/bumperbot_ws/src/install/bumperbot_description/share/bumperbot_description/models/aws_robomaker_warehouse_Lamp_01/meshes
[1.990s] -- Up-to-date: /home/eeiww/ud90uhak/bumperbot_ws/src/install/bumperbot_description/share/bumperbot_description/models/aws_robomaker_warehouse_Lamp_01/meshes/aws_robomaker_warehouse_Lamp_01_visual.DAE
[1.991s] -- Up-to-date: /home/eeiww/ud90uhak/bumperbot_ws/src/install/bumperbot_description/share/bumperbot_description/models/aws_robomaker_warehouse_Lamp_01/meshes/aws_robomaker_warehouse_Lamp_01_collision.DAE
[1.991s] -- Up-to-date: /home/eeiww/ud90uhak/bumperbot_ws/src/install/bumperbot_description/share/bumperbot_description/models/aws_robomaker_warehouse_Lamp_01/model.sdf
[1.993s] -- Up-to-date: /home/eeiww/ud90uhak/bumperbot_ws/src/install/bumperbot_description/share/bumperbot_description/models/aws_robomaker_warehouse_Lamp_01/model.config
[1.994s] -- Up-to-date: /home/eeiww/ud90uhak/bumperbot_ws/src/install/bumperbot_description/share/bumperbot_description/models/aws_robomaker_warehouse_Lamp_01/materials
[1.996s] -- Up-to-date: /home/eeiww/ud90uhak/bumperbot_ws/src/install/bumperbot_description/share/bumperbot_description/models/aws_robomaker_warehouse_Lamp_01/materials/textures
[1.999s] -- Up-to-date: /home/eeiww/ud90uhak/bumperbot_ws/src/install/bumperbot_description/share/bumperbot_description/models/aws_robomaker_warehouse_Lamp_01/materials/textures/aws_robomaker_warehouse_Lamp_01.png
[2.003s] -- Up-to-date: /home/eeiww/ud90uhak/bumperbot_ws/src/install/bumperbot_description/share/bumperbot_description/models/aws_robomaker_residential_FitnessEquipment_01
[2.008s] -- Up-to-date: /home/eeiww/ud90uhak/bumperbot_ws/src/install/bumperbot_description/share/bumperbot_description/models/aws_robomaker_residential_FitnessEquipment_01/meshes
[2.012s] -- Up-to-date: /home/eeiww/ud90uhak/bumperbot_ws/src/install/bumperbot_description/share/bumperbot_description/models/aws_robomaker_residential_FitnessEquipment_01/meshes/aws_FitnessEquipment_01_collision.DAE
[2.012s] -- Up-to-date: /home/eeiww/ud90uhak/bumperbot_ws/src/install/bumperbot_description/share/bumperbot_description/models/aws_robomaker_residential_FitnessEquipment_01/meshes/aws_FitnessEquipment_01_visual.DAE
[2.014s] -- Up-to-date: /home/eeiww/ud90uhak/bumperbot_ws/src/install/bumperbot_description/share/bumperbot_description/models/aws_robomaker_residential_FitnessEquipment_01/model.sdf
[2.014s] -- Up-to-date: /home/eeiww/ud90uhak/bumperbot_ws/src/install/bumperbot_description/share/bumperbot_description/models/aws_robomaker_residential_FitnessEquipment_01/model.config
[2.015s] -- Up-to-date: /home/eeiww/ud90uhak/bumperbot_ws/src/install/bumperbot_description/share/bumperbot_description/models/aws_robomaker_residential_FitnessEquipment_01/materials
[2.017s] -- Up-to-date: /home/eeiww/ud90uhak/bumperbot_ws/src/install/bumperbot_description/share/bumperbot_description/models/aws_robomaker_residential_FitnessEquipment_01/materials/textures
[2.019s] -- Up-to-date: /home/eeiww/ud90uhak/bumperbot_ws/src/install/bumperbot_description/share/bumperbot_description/models/aws_robomaker_residential_FitnessEquipment_01/materials/textures/aws_FitnessEquipment_01.png
[2.023s] -- Up-to-date: /home/eeiww/ud90uhak/bumperbot_ws/src/install/bumperbot_description/share/bumperbot_description/models/aws_robomaker_residential_Rangehood_01
[2.026s] -- Up-to-date: /home/eeiww/ud90uhak/bumperbot_ws/src/install/bumperbot_description/share/bumperbot_description/models/aws_robomaker_residential_Rangehood_01/meshes
[2.027s] -- Up-to-date: /home/eeiww/ud90uhak/bumperbot_ws/src/install/bumperbot_description/share/bumperbot_description/models/aws_robomaker_residential_Rangehood_01/meshes/aws_Rangehood_01_visual.DAE
[2.031s] -- Up-to-date: /home/eeiww/ud90uhak/bumperbot_ws/src/install/bumperbot_description/share/bumperbot_description/models/aws_robomaker_residential_Rangehood_01/meshes/aws_Rangehood_01_collision.DAE
[2.032s] -- Up-to-date: /home/eeiww/ud90uhak/bumperbot_ws/src/install/bumperbot_description/share/bumperbot_description/models/aws_robomaker_residential_Rangehood_01/model.sdf
[2.034s] -- Up-to-date: /home/eeiww/ud90uhak/bumperbot_ws/src/install/bumperbot_description/share/bumperbot_description/models/aws_robomaker_residential_Rangehood_01/model.config
[2.035s] -- Up-to-date: /home/eeiww/ud90uhak/bumperbot_ws/src/install/bumperbot_description/share/bumperbot_description/models/aws_robomaker_residential_Rangehood_01/materials
[2.037s] -- Up-to-date: /home/eeiww/ud90uhak/bumperbot_ws/src/install/bumperbot_description/share/bumperbot_description/models/aws_robomaker_residential_Rangehood_01/materials/textures
[2.038s] -- Up-to-date: /home/eeiww/ud90uhak/bumperbot_ws/src/install/bumperbot_description/share/bumperbot_description/models/aws_robomaker_residential_Rangehood_01/materials/textures/aws_Rangehood_01.png
[2.040s] -- Up-to-date: /home/eeiww/ud90uhak/bumperbot_ws/src/install/bumperbot_description/share/bumperbot_description/models/aws_robomaker_residential_DeskPortraitD_03
[2.041s] -- Up-to-date: /home/eeiww/ud90uhak/bumperbot_ws/src/install/bumperbot_description/share/bumperbot_description/models/aws_robomaker_residential_DeskPortraitD_03/meshes
[2.044s] -- Up-to-date: /home/eeiww/ud90uhak/bumperbot_ws/src/install/bumperbot_description/share/bumperbot_description/models/aws_robomaker_residential_DeskPortraitD_03/meshes/aws_DeskPortraitD_01_visual.DAE
[2.046s] -- Up-to-date: /home/eeiww/ud90uhak/bumperbot_ws/src/install/bumperbot_description/share/bumperbot_description/models/aws_robomaker_residential_DeskPortraitD_03/meshes/aws_DeskPortraitD_01_collision.DAE
[2.047s] -- Up-to-date: /home/eeiww/ud90uhak/bumperbot_ws/src/install/bumperbot_description/share/bumperbot_description/models/aws_robomaker_residential_DeskPortraitD_03/model.sdf
[2.049s] -- Up-to-date: /home/eeiww/ud90uhak/bumperbot_ws/src/install/bumperbot_description/share/bumperbot_description/models/aws_robomaker_residential_DeskPortraitD_03/model.config
[2.051s] -- Up-to-date: /home/eeiww/ud90uhak/bumperbot_ws/src/install/bumperbot_description/share/bumperbot_description/models/aws_robomaker_residential_DeskPortraitD_03/materials
[2.054s] -- Up-to-date: /home/eeiww/ud90uhak/bumperbot_ws/src/install/bumperbot_description/share/bumperbot_description/models/aws_robomaker_residential_DeskPortraitD_03/materials/textures
[2.055s] -- Up-to-date: /home/eeiww/ud90uhak/bumperbot_ws/src/install/bumperbot_description/share/bumperbot_description/models/aws_robomaker_residential_DeskPortraitD_03/materials/textures/aws_DeskPortraitD_02.png
[2.057s] -- Up-to-date: /home/eeiww/ud90uhak/bumperbot_ws/src/install/bumperbot_description/share/bumperbot_description/models/aws_robomaker_residential_DeskPortraitD_03/materials/textures/aws_DeskPortraitD_01.png
[2.058s] -- Up-to-date: /home/eeiww/ud90uhak/bumperbot_ws/src/install/bumperbot_description/share/bumperbot_description/models/aws_robomaker_residential_DeskPortraitD_02
[2.062s] -- Up-to-date: /home/eeiww/ud90uhak/bumperbot_ws/src/install/bumperbot_description/share/bumperbot_description/models/aws_robomaker_residential_DeskPortraitD_02/meshes
[2.062s] -- Up-to-date: /home/eeiww/ud90uhak/bumperbot_ws/src/install/bumperbot_description/share/bumperbot_description/models/aws_robomaker_residential_DeskPortraitD_02/meshes/aws_DeskPortraitD_01_visual.DAE
[2.063s] -- Up-to-date: /home/eeiww/ud90uhak/bumperbot_ws/src/install/bumperbot_description/share/bumperbot_description/models/aws_robomaker_residential_DeskPortraitD_02/meshes/aws_DeskPortraitD_01_collision.DAE
[2.064s] -- Up-to-date: /home/eeiww/ud90uhak/bumperbot_ws/src/install/bumperbot_description/share/bumperbot_description/models/aws_robomaker_residential_DeskPortraitD_02/model.sdf
[2.068s] -- Up-to-date: /home/eeiww/ud90uhak/bumperbot_ws/src/install/bumperbot_description/share/bumperbot_description/models/aws_robomaker_residential_DeskPortraitD_02/model.config
[2.068s] -- Up-to-date: /home/eeiww/ud90uhak/bumperbot_ws/src/install/bumperbot_description/share/bumperbot_description/models/aws_robomaker_residential_DeskPortraitD_02/materials
[2.069s] -- Up-to-date: /home/eeiww/ud90uhak/bumperbot_ws/src/install/bumperbot_description/share/bumperbot_description/models/aws_robomaker_residential_DeskPortraitD_02/materials/textures
[2.070s] -- Up-to-date: /home/eeiww/ud90uhak/bumperbot_ws/src/install/bumperbot_description/share/bumperbot_description/models/aws_robomaker_residential_DeskPortraitD_02/materials/textures/aws_DeskPortraitD_02.png
[2.072s] -- Up-to-date: /home/eeiww/ud90uhak/bumperbot_ws/src/install/bumperbot_description/share/bumperbot_description/models/aws_robomaker_residential_DeskPortraitD_02/materials/textures/aws_DeskPortraitD_01.png
[2.073s] -- Up-to-date: /home/eeiww/ud90uhak/bumperbot_ws/src/install/bumperbot_description/share/bumperbot_description/models/aws_robomaker_residential_Trash_01
[2.076s] -- Up-to-date: /home/eeiww/ud90uhak/bumperbot_ws/src/install/bumperbot_description/share/bumperbot_description/models/aws_robomaker_residential_Trash_01/meshes
[2.078s] -- Up-to-date: /home/eeiww/ud90uhak/bumperbot_ws/src/install/bumperbot_description/share/bumperbot_description/models/aws_robomaker_residential_Trash_01/meshes/aws_Trash_01_visual.DAE
[2.079s] -- Up-to-date: /home/eeiww/ud90uhak/bumperbot_ws/src/install/bumperbot_description/share/bumperbot_description/models/aws_robomaker_residential_Trash_01/meshes/aws_Trash_01_collision.DAE
[2.082s] -- Up-to-date: /home/eeiww/ud90uhak/bumperbot_ws/src/install/bumperbot_description/share/bumperbot_description/models/aws_robomaker_residential_Trash_01/model.sdf
[2.083s] -- Up-to-date: /home/eeiww/ud90uhak/bumperbot_ws/src/install/bumperbot_description/share/bumperbot_description/models/aws_robomaker_residential_Trash_01/model.config
[2.083s] -- Up-to-date: /home/eeiww/ud90uhak/bumperbot_ws/src/install/bumperbot_description/share/bumperbot_description/models/aws_robomaker_residential_Trash_01/materials
[2.087s] -- Up-to-date: /home/eeiww/ud90uhak/bumperbot_ws/src/install/bumperbot_description/share/bumperbot_description/models/aws_robomaker_residential_Trash_01/materials/textures
[2.087s] -- Up-to-date: /home/eeiww/ud90uhak/bumperbot_ws/src/install/bumperbot_description/share/bumperbot_description/models/aws_robomaker_residential_Trash_01/materials/textures/aws_Trash_01.png
[2.088s] -- Up-to-date: /home/eeiww/ud90uhak/bumperbot_ws/src/install/bumperbot_description/share/bumperbot_description/models/aws_robomaker_residential_Dumbbell_01
[2.090s] -- Up-to-date: /home/eeiww/ud90uhak/bumperbot_ws/src/install/bumperbot_description/share/bumperbot_description/models/aws_robomaker_residential_Dumbbell_01/meshes
[2.096s] -- Up-to-date: /home/eeiww/ud90uhak/bumperbot_ws/src/install/bumperbot_description/share/bumperbot_description/models/aws_robomaker_residential_Dumbbell_01/meshes/aws_Dumbbell_01_collision.DAE
[2.096s] -- Up-to-date: /home/eeiww/ud90uhak/bumperbot_ws/src/install/bumperbot_description/share/bumperbot_description/models/aws_robomaker_residential_Dumbbell_01/meshes/aws_Dumbbell_01_visual.DAE
[2.096s] -- Up-to-date: /home/eeiww/ud90uhak/bumperbot_ws/src/install/bumperbot_description/share/bumperbot_description/models/aws_robomaker_residential_Dumbbell_01/model.sdf
[2.097s] -- Up-to-date: /home/eeiww/ud90uhak/bumperbot_ws/src/install/bumperbot_description/share/bumperbot_description/models/aws_robomaker_residential_Dumbbell_01/model.config
[2.098s] -- Up-to-date: /home/eeiww/ud90uhak/bumperbot_ws/src/install/bumperbot_description/share/bumperbot_description/models/aws_robomaker_residential_Dumbbell_01/materials
[2.117s] -- Up-to-date: /home/eeiww/ud90uhak/bumperbot_ws/src/install/bumperbot_description/share/bumperbot_description/models/aws_robomaker_residential_Dumbbell_01/materials/textures
[2.118s] -- Up-to-date: /home/eeiww/ud90uhak/bumperbot_ws/src/install/bumperbot_description/share/bumperbot_description/models/aws_robomaker_residential_Dumbbell_01/materials/textures/aws_Dumbbell_01.png
[2.118s] -- Up-to-date: /home/eeiww/ud90uhak/bumperbot_ws/src/install/bumperbot_description/share/bumperbot_description/models/aws_robomaker_residential_PortraitB_03
[2.118s] -- Up-to-date: /home/eeiww/ud90uhak/bumperbot_ws/src/install/bumperbot_description/share/bumperbot_description/models/aws_robomaker_residential_PortraitB_03/meshes
[2.119s] -- Up-to-date: /home/eeiww/ud90uhak/bumperbot_ws/src/install/bumperbot_description/share/bumperbot_description/models/aws_robomaker_residential_PortraitB_03/meshes/aws_PortraitB_01_collision.DAE
[2.119s] -- Up-to-date: /home/eeiww/ud90uhak/bumperbot_ws/src/install/bumperbot_description/share/bumperbot_description/models/aws_robomaker_residential_PortraitB_03/meshes/aws_PortraitB_01_visual.DAE
[2.120s] -- Up-to-date: /home/eeiww/ud90uhak/bumperbot_ws/src/install/bumperbot_description/share/bumperbot_description/models/aws_robomaker_residential_PortraitB_03/model.sdf
[2.120s] -- Up-to-date: /home/eeiww/ud90uhak/bumperbot_ws/src/install/bumperbot_description/share/bumperbot_description/models/aws_robomaker_residential_PortraitB_03/model.config
[2.120s] -- Up-to-date: /home/eeiww/ud90uhak/bumperbot_ws/src/install/bumperbot_description/share/bumperbot_description/models/aws_robomaker_residential_PortraitB_03/materials
[2.120s] -- Up-to-date: /home/eeiww/ud90uhak/bumperbot_ws/src/install/bumperbot_description/share/bumperbot_description/models/aws_robomaker_residential_PortraitB_03/materials/textures
[2.121s] -- Up-to-date: /home/eeiww/ud90uhak/bumperbot_ws/src/install/bumperbot_description/share/bumperbot_description/models/aws_robomaker_residential_PortraitB_03/materials/textures/aws_PortraitB_01.png
[2.121s] -- Up-to-date: /home/eeiww/ud90uhak/bumperbot_ws/src/install/bumperbot_description/share/bumperbot_description/models/aws_robomaker_residential_PortraitB_03/materials/textures/aws_PortraitB_02.png
[2.122s] -- Up-to-date: /home/eeiww/ud90uhak/bumperbot_ws/src/install/bumperbot_description/share/bumperbot_description/models/aws_robomaker_residential_Chandelier_01
[2.122s] -- Up-to-date: /home/eeiww/ud90uhak/bumperbot_ws/src/install/bumperbot_description/share/bumperbot_description/models/aws_robomaker_residential_Chandelier_01/meshes
[2.125s] -- Up-to-date: /home/eeiww/ud90uhak/bumperbot_ws/src/install/bumperbot_description/share/bumperbot_description/models/aws_robomaker_residential_Chandelier_01/meshes/aws_Chandelier_01.DAE
[2.127s] -- Up-to-date: /home/eeiww/ud90uhak/bumperbot_ws/src/install/bumperbot_description/share/bumperbot_description/models/aws_robomaker_residential_Chandelier_01/meshes/aws_Chandelier_01_visual.DAE
[2.128s] -- Up-to-date: /home/eeiww/ud90uhak/bumperbot_ws/src/install/bumperbot_description/share/bumperbot_description/models/aws_robomaker_residential_Chandelier_01/meshes/aws_Chandelier_01_collision.DAE
[2.130s] -- Up-to-date: /home/eeiww/ud90uhak/bumperbot_ws/src/install/bumperbot_description/share/bumperbot_description/models/aws_robomaker_residential_Chandelier_01/model.sdf
[2.131s] -- Up-to-date: /home/eeiww/ud90uhak/bumperbot_ws/src/install/bumperbot_description/share/bumperbot_description/models/aws_robomaker_residential_Chandelier_01/model.config
[2.133s] -- Up-to-date: /home/eeiww/ud90uhak/bumperbot_ws/src/install/bumperbot_description/share/bumperbot_description/models/aws_robomaker_residential_Chandelier_01/materials
[2.136s] -- Up-to-date: /home/eeiww/ud90uhak/bumperbot_ws/src/install/bumperbot_description/share/bumperbot_description/models/aws_robomaker_residential_Chandelier_01/materials/textures
[2.138s] -- Up-to-date: /home/eeiww/ud90uhak/bumperbot_ws/src/install/bumperbot_description/share/bumperbot_description/models/aws_robomaker_residential_Chandelier_01/materials/textures/aws_Chandelier_01.png
[2.139s] -- Up-to-date: /home/eeiww/ud90uhak/bumperbot_ws/src/install/bumperbot_description/share/bumperbot_description/models/aws_robomaker_residential_ChairD_01
[2.142s] -- Up-to-date: /home/eeiww/ud90uhak/bumperbot_ws/src/install/bumperbot_description/share/bumperbot_description/models/aws_robomaker_residential_ChairD_01/meshes
[2.144s] -- Up-to-date: /home/eeiww/ud90uhak/bumperbot_ws/src/install/bumperbot_description/share/bumperbot_description/models/aws_robomaker_residential_ChairD_01/meshes/aws_ChairD_01_visual.DAE
[2.145s] -- Up-to-date: /home/eeiww/ud90uhak/bumperbot_ws/src/install/bumperbot_description/share/bumperbot_description/models/aws_robomaker_residential_ChairD_01/meshes/aws_ChairD_01_collision.DAE
[2.146s] -- Up-to-date: /home/eeiww/ud90uhak/bumperbot_ws/src/install/bumperbot_description/share/bumperbot_description/models/aws_robomaker_residential_ChairD_01/model.sdf
[2.148s] -- Up-to-date: /home/eeiww/ud90uhak/bumperbot_ws/src/install/bumperbot_description/share/bumperbot_description/models/aws_robomaker_residential_ChairD_01/model.config
[2.149s] -- Up-to-date: /home/eeiww/ud90uhak/bumperbot_ws/src/install/bumperbot_description/share/bumperbot_description/models/aws_robomaker_residential_ChairD_01/materials
[2.151s] -- Up-to-date: /home/eeiww/ud90uhak/bumperbot_ws/src/install/bumperbot_description/share/bumperbot_description/models/aws_robomaker_residential_ChairD_01/materials/textures
[2.154s] -- Up-to-date: /home/eeiww/ud90uhak/bumperbot_ws/src/install/bumperbot_description/share/bumperbot_description/models/aws_robomaker_residential_ChairD_01/materials/textures/aws_ChairD_01.png
[2.155s] -- Up-to-date: /home/eeiww/ud90uhak/bumperbot_ws/src/install/bumperbot_description/share/bumperbot_description/models/aws_robomaker_residential_FoldingDoor_01
[2.157s] -- Up-to-date: /home/eeiww/ud90uhak/bumperbot_ws/src/install/bumperbot_description/share/bumperbot_description/models/aws_robomaker_residential_FoldingDoor_01/meshes
[2.160s] -- Up-to-date: /home/eeiww/ud90uhak/bumperbot_ws/src/install/bumperbot_description/share/bumperbot_description/models/aws_robomaker_residential_FoldingDoor_01/meshes/aws_FoldingDoor_01_collision.DAE
[2.161s] -- Up-to-date: /home/eeiww/ud90uhak/bumperbot_ws/src/install/bumperbot_description/share/bumperbot_description/models/aws_robomaker_residential_FoldingDoor_01/meshes/aws_FoldingDoor_01_visual.DAE
[2.163s] -- Up-to-date: /home/eeiww/ud90uhak/bumperbot_ws/src/install/bumperbot_description/share/bumperbot_description/models/aws_robomaker_residential_FoldingDoor_01/model.sdf
[2.164s] -- Up-to-date: /home/eeiww/ud90uhak/bumperbot_ws/src/install/bumperbot_description/share/bumperbot_description/models/aws_robomaker_residential_FoldingDoor_01/model.config
[2.166s] -- Up-to-date: /home/eeiww/ud90uhak/bumperbot_ws/src/install/bumperbot_description/share/bumperbot_description/models/aws_robomaker_residential_FoldingDoor_01/materials
[2.172s] -- Up-to-date: /home/eeiww/ud90uhak/bumperbot_ws/src/install/bumperbot_description/share/bumperbot_description/models/aws_robomaker_residential_FoldingDoor_01/materials/textures
[2.177s] -- Up-to-date: /home/eeiww/ud90uhak/bumperbot_ws/src/install/bumperbot_description/share/bumperbot_description/models/aws_robomaker_residential_FoldingDoor_01/materials/textures/aws_FoldingDoor_01.png
[2.179s] -- Up-to-date: /home/eeiww/ud90uhak/bumperbot_ws/src/install/bumperbot_description/share/bumperbot_description/models/aws_robomaker_residential_PortraitA_01
[2.181s] -- Up-to-date: /home/eeiww/ud90uhak/bumperbot_ws/src/install/bumperbot_description/share/bumperbot_description/models/aws_robomaker_residential_PortraitA_01/meshes
[2.181s] -- Up-to-date: /home/eeiww/ud90uhak/bumperbot_ws/src/install/bumperbot_description/share/bumperbot_description/models/aws_robomaker_residential_PortraitA_01/meshes/aws_PortraitA_01_visual.DAE
[2.184s] -- Up-to-date: /home/eeiww/ud90uhak/bumperbot_ws/src/install/bumperbot_description/share/bumperbot_description/models/aws_robomaker_residential_PortraitA_01/meshes/aws_PortraitA_01_collision.DAE
[2.189s] -- Up-to-date: /home/eeiww/ud90uhak/bumperbot_ws/src/install/bumperbot_description/share/bumperbot_description/models/aws_robomaker_residential_PortraitA_01/model.sdf
[2.191s] -- Up-to-date: /home/eeiww/ud90uhak/bumperbot_ws/src/install/bumperbot_description/share/bumperbot_description/models/aws_robomaker_residential_PortraitA_01/model.config
[2.191s] -- Up-to-date: /home/eeiww/ud90uhak/bumperbot_ws/src/install/bumperbot_description/share/bumperbot_description/models/aws_robomaker_residential_PortraitA_01/materials
[2.194s] -- Up-to-date: /home/eeiww/ud90uhak/bumperbot_ws/src/install/bumperbot_description/share/bumperbot_description/models/aws_robomaker_residential_PortraitA_01/materials/textures
[2.196s] -- Up-to-date: /home/eeiww/ud90uhak/bumperbot_ws/src/install/bumperbot_description/share/bumperbot_description/models/aws_robomaker_residential_PortraitA_01/materials/textures/aws_PortraitA_01.png
[2.198s] -- Up-to-date: /home/eeiww/ud90uhak/bumperbot_ws/src/install/bumperbot_description/share/bumperbot_description/models/aws_robomaker_residential_PortraitA_01/materials/textures/aws_PortraitA_02.png
[2.200s] -- Up-to-date: /home/eeiww/ud90uhak/bumperbot_ws/src/install/bumperbot_description/share/bumperbot_description/models/aws_robomaker_warehouse_TrashCanC_01
[2.206s] -- Up-to-date: /home/eeiww/ud90uhak/bumperbot_ws/src/install/bumperbot_description/share/bumperbot_description/models/aws_robomaker_warehouse_TrashCanC_01/meshes
[2.216s] -- Up-to-date: /home/eeiww/ud90uhak/bumperbot_ws/src/install/bumperbot_description/share/bumperbot_description/models/aws_robomaker_warehouse_TrashCanC_01/meshes/aws_robomaker_warehouse_TrashCanC_01_visual.DAE
[2.217s] -- Up-to-date: /home/eeiww/ud90uhak/bumperbot_ws/src/install/bumperbot_description/share/bumperbot_description/models/aws_robomaker_warehouse_TrashCanC_01/meshes/aws_robomaker_warehouse_TrashCanC_01_collision.DAE
[2.217s] -- Up-to-date: /home/eeiww/ud90uhak/bumperbot_ws/src/install/bumperbot_description/share/bumperbot_description/models/aws_robomaker_warehouse_TrashCanC_01/model.sdf
[2.222s] -- Up-to-date: /home/eeiww/ud90uhak/bumperbot_ws/src/install/bumperbot_description/share/bumperbot_description/models/aws_robomaker_warehouse_TrashCanC_01/model.config
[2.222s] -- Up-to-date: /home/eeiww/ud90uhak/bumperbot_ws/src/install/bumperbot_description/share/bumperbot_description/models/aws_robomaker_warehouse_TrashCanC_01/materials
[2.222s] -- Up-to-date: /home/eeiww/ud90uhak/bumperbot_ws/src/install/bumperbot_description/share/bumperbot_description/models/aws_robomaker_warehouse_TrashCanC_01/materials/textures
[2.222s] -- Up-to-date: /home/eeiww/ud90uhak/bumperbot_ws/src/install/bumperbot_description/share/bumperbot_description/models/aws_robomaker_warehouse_TrashCanC_01/materials/textures/aws_robomaker_warehouse_TrashCanC_01.png
[2.224s] -- Up-to-date: /home/eeiww/ud90uhak/bumperbot_ws/src/install/bumperbot_description/share/bumperbot_description/models/aws_robomaker_residential_Pillow_01
[2.226s] -- Up-to-date: /home/eeiww/ud90uhak/bumperbot_ws/src/install/bumperbot_description/share/bumperbot_description/models/aws_robomaker_residential_Pillow_01/meshes
[2.229s] -- Up-to-date: /home/eeiww/ud90uhak/bumperbot_ws/src/install/bumperbot_description/share/bumperbot_description/models/aws_robomaker_residential_Pillow_01/meshes/aws_Pillow_01_visual.DAE
[2.230s] -- Up-to-date: /home/eeiww/ud90uhak/bumperbot_ws/src/install/bumperbot_description/share/bumperbot_description/models/aws_robomaker_residential_Pillow_01/meshes/aws_Pillow_01_collision.DAE
[2.231s] -- Up-to-date: /home/eeiww/ud90uhak/bumperbot_ws/src/install/bumperbot_description/share/bumperbot_description/models/aws_robomaker_residential_Pillow_01/model.sdf
[2.233s] -- Up-to-date: /home/eeiww/ud90uhak/bumperbot_ws/src/install/bumperbot_description/share/bumperbot_description/models/aws_robomaker_residential_Pillow_01/model.config
[2.234s] -- Up-to-date: /home/eeiww/ud90uhak/bumperbot_ws/src/install/bumperbot_description/share/bumperbot_description/models/aws_robomaker_residential_Pillow_01/materials
[2.236s] -- Up-to-date: /home/eeiww/ud90uhak/bumperbot_ws/src/install/bumperbot_description/share/bumperbot_description/models/aws_robomaker_residential_Pillow_01/materials/textures
[2.238s] -- Up-to-date: /home/eeiww/ud90uhak/bumperbot_ws/src/install/bumperbot_description/share/bumperbot_description/models/aws_robomaker_residential_Pillow_01/materials/textures/aws_Pillow_01.png
[2.238s] -- Up-to-date: /home/eeiww/ud90uhak/bumperbot_ws/src/install/bumperbot_description/share/bumperbot_description/models/aws_robomaker_residential_SofaC_01
[2.241s] -- Up-to-date: /home/eeiww/ud90uhak/bumperbot_ws/src/install/bumperbot_description/share/bumperbot_description/models/aws_robomaker_residential_SofaC_01/meshes
[2.243s] -- Up-to-date: /home/eeiww/ud90uhak/bumperbot_ws/src/install/bumperbot_description/share/bumperbot_description/models/aws_robomaker_residential_SofaC_01/meshes/aws_SofaC_01_collision.DAE
[2.246s] -- Up-to-date: /home/eeiww/ud90uhak/bumperbot_ws/src/install/bumperbot_description/share/bumperbot_description/models/aws_robomaker_residential_SofaC_01/meshes/aws_SofaC_01_visual.DAE
[2.247s] -- Up-to-date: /home/eeiww/ud90uhak/bumperbot_ws/src/install/bumperbot_description/share/bumperbot_description/models/aws_robomaker_residential_SofaC_01/model.sdf
[2.249s] -- Up-to-date: /home/eeiww/ud90uhak/bumperbot_ws/src/install/bumperbot_description/share/bumperbot_description/models/aws_robomaker_residential_SofaC_01/model.config
[2.250s] -- Up-to-date: /home/eeiww/ud90uhak/bumperbot_ws/src/install/bumperbot_description/share/bumperbot_description/models/aws_robomaker_residential_SofaC_01/materials
[2.256s] -- Up-to-date: /home/eeiww/ud90uhak/bumperbot_ws/src/install/bumperbot_description/share/bumperbot_description/models/aws_robomaker_residential_SofaC_01/materials/textures
[2.259s] -- Up-to-date: /home/eeiww/ud90uhak/bumperbot_ws/src/install/bumperbot_description/share/bumperbot_description/models/aws_robomaker_residential_SofaC_01/materials/textures/aws_SofaC_01.png
[2.261s] -- Up-to-date: /home/eeiww/ud90uhak/bumperbot_ws/src/install/bumperbot_description/share/bumperbot_description/models/aws_robomaker_residential_TVCabinet_01
[2.262s] -- Up-to-date: /home/eeiww/ud90uhak/bumperbot_ws/src/install/bumperbot_description/share/bumperbot_description/models/aws_robomaker_residential_TVCabinet_01/meshes
[2.265s] -- Up-to-date: /home/eeiww/ud90uhak/bumperbot_ws/src/install/bumperbot_description/share/bumperbot_description/models/aws_robomaker_residential_TVCabinet_01/meshes/aws_TVCabinet_01_collision.DAE
[2.266s] -- Up-to-date: /home/eeiww/ud90uhak/bumperbot_ws/src/install/bumperbot_description/share/bumperbot_description/models/aws_robomaker_residential_TVCabinet_01/meshes/aws_TVCabinet_01_visual.DAE
[2.269s] -- Up-to-date: /home/eeiww/ud90uhak/bumperbot_ws/src/install/bumperbot_description/share/bumperbot_description/models/aws_robomaker_residential_TVCabinet_01/model.sdf
[2.269s] -- Up-to-date: /home/eeiww/ud90uhak/bumperbot_ws/src/install/bumperbot_description/share/bumperbot_description/models/aws_robomaker_residential_TVCabinet_01/model.config
[2.273s] -- Up-to-date: /home/eeiww/ud90uhak/bumperbot_ws/src/install/bumperbot_description/share/bumperbot_description/models/aws_robomaker_residential_TVCabinet_01/materials
[2.276s] -- Up-to-date: /home/eeiww/ud90uhak/bumperbot_ws/src/install/bumperbot_description/share/bumperbot_description/models/aws_robomaker_residential_TVCabinet_01/materials/textures
[2.277s] -- Up-to-date: /home/eeiww/ud90uhak/bumperbot_ws/src/install/bumperbot_description/share/bumperbot_description/models/aws_robomaker_residential_TVCabinet_01/materials/textures/aws_TVCabinet_01.png
[2.279s] -- Up-to-date: /home/eeiww/ud90uhak/bumperbot_ws/src/install/bumperbot_description/share/bumperbot_description/models/aws_robomaker_residential_SofaB_01
[2.283s] -- Up-to-date: /home/eeiww/ud90uhak/bumperbot_ws/src/install/bumperbot_description/share/bumperbot_description/models/aws_robomaker_residential_SofaB_01/meshes
[2.285s] -- Up-to-date: /home/eeiww/ud90uhak/bumperbot_ws/src/install/bumperbot_description/share/bumperbot_description/models/aws_robomaker_residential_SofaB_01/meshes/aws_SofaB_01_visual.DAE
[2.286s] -- Up-to-date: /home/eeiww/ud90uhak/bumperbot_ws/src/install/bumperbot_description/share/bumperbot_description/models/aws_robomaker_residential_SofaB_01/meshes/aws_SofaB_01_collision.DAE
[2.287s] -- Up-to-date: /home/eeiww/ud90uhak/bumperbot_ws/src/install/bumperbot_description/share/bumperbot_description/models/aws_robomaker_residential_SofaB_01/model.sdf
[2.289s] -- Up-to-date: /home/eeiww/ud90uhak/bumperbot_ws/src/install/bumperbot_description/share/bumperbot_description/models/aws_robomaker_residential_SofaB_01/model.config
[2.294s] -- Up-to-date: /home/eeiww/ud90uhak/bumperbot_ws/src/install/bumperbot_description/share/bumperbot_description/models/aws_robomaker_residential_SofaB_01/materials
[2.294s] -- Up-to-date: /home/eeiww/ud90uhak/bumperbot_ws/src/install/bumperbot_description/share/bumperbot_description/models/aws_robomaker_residential_SofaB_01/materials/textures
[2.295s] -- Up-to-date: /home/eeiww/ud90uhak/bumperbot_ws/src/install/bumperbot_description/share/bumperbot_description/models/aws_robomaker_residential_SofaB_01/materials/textures/aws_SofaB_01.png
[2.298s] -- Up-to-date: /home/eeiww/ud90uhak/bumperbot_ws/src/install/bumperbot_description/share/bumperbot_description/models/aws_robomaker_residential_CookingBench_01
[2.299s] -- Up-to-date: /home/eeiww/ud90uhak/bumperbot_ws/src/install/bumperbot_description/share/bumperbot_description/models/aws_robomaker_residential_CookingBench_01/meshes
[2.301s] -- Up-to-date: /home/eeiww/ud90uhak/bumperbot_ws/src/install/bumperbot_description/share/bumperbot_description/models/aws_robomaker_residential_CookingBench_01/meshes/aws_CookingBench_01_collision.DAE
[2.303s] -- Up-to-date: /home/eeiww/ud90uhak/bumperbot_ws/src/install/bumperbot_description/share/bumperbot_description/models/aws_robomaker_residential_CookingBench_01/meshes/aws_CookingBench_01_visual.DAE
[2.305s] -- Up-to-date: /home/eeiww/ud90uhak/bumperbot_ws/src/install/bumperbot_description/share/bumperbot_description/models/aws_robomaker_residential_CookingBench_01/meshes/aws_CookingBench_01.DAE
[2.306s] -- Up-to-date: /home/eeiww/ud90uhak/bumperbot_ws/src/install/bumperbot_description/share/bumperbot_description/models/aws_robomaker_residential_CookingBench_01/model.sdf
[2.307s] -- Up-to-date: /home/eeiww/ud90uhak/bumperbot_ws/src/install/bumperbot_description/share/bumperbot_description/models/aws_robomaker_residential_CookingBench_01/model.config
[2.309s] -- Up-to-date: /home/eeiww/ud90uhak/bumperbot_ws/src/install/bumperbot_description/share/bumperbot_description/models/aws_robomaker_residential_CookingBench_01/materials
[2.312s] -- Up-to-date: /home/eeiww/ud90uhak/bumperbot_ws/src/install/bumperbot_description/share/bumperbot_description/models/aws_robomaker_residential_CookingBench_01/materials/textures
[2.314s] -- Up-to-date: /home/eeiww/ud90uhak/bumperbot_ws/src/install/bumperbot_description/share/bumperbot_description/models/aws_robomaker_residential_CookingBench_01/materials/textures/aws_CookingBench_01.png
[2.316s] -- Up-to-date: /home/eeiww/ud90uhak/bumperbot_ws/src/install/bumperbot_description/share/bumperbot_description/models/aws_robomaker_warehouse_DeskC_01
[2.318s] -- Up-to-date: /home/eeiww/ud90uhak/bumperbot_ws/src/install/bumperbot_description/share/bumperbot_description/models/aws_robomaker_warehouse_DeskC_01/meshes
[2.321s] -- Up-to-date: /home/eeiww/ud90uhak/bumperbot_ws/src/install/bumperbot_description/share/bumperbot_description/models/aws_robomaker_warehouse_DeskC_01/meshes/aws_robomaker_warehouse_DeskC_01_collision.DAE
[2.322s] -- Up-to-date: /home/eeiww/ud90uhak/bumperbot_ws/src/install/bumperbot_description/share/bumperbot_description/models/aws_robomaker_warehouse_DeskC_01/meshes/aws_robomaker_warehouse_DeskC_01_visual.DAE
[2.324s] -- Up-to-date: /home/eeiww/ud90uhak/bumperbot_ws/src/install/bumperbot_description/share/bumperbot_description/models/aws_robomaker_warehouse_DeskC_01/model.sdf
[2.326s] -- Up-to-date: /home/eeiww/ud90uhak/bumperbot_ws/src/install/bumperbot_description/share/bumperbot_description/models/aws_robomaker_warehouse_DeskC_01/model.config
[2.327s] -- Up-to-date: /home/eeiww/ud90uhak/bumperbot_ws/src/install/bumperbot_description/share/bumperbot_description/models/aws_robomaker_warehouse_DeskC_01/materials
[2.330s] -- Up-to-date: /home/eeiww/ud90uhak/bumperbot_ws/src/install/bumperbot_description/share/bumperbot_description/models/aws_robomaker_warehouse_DeskC_01/materials/textures
[2.335s] -- Up-to-date: /home/eeiww/ud90uhak/bumperbot_ws/src/install/bumperbot_description/share/bumperbot_description/models/aws_robomaker_warehouse_DeskC_01/materials/textures/aws_robomaker_warehouse_DeskC_01.png
[2.335s] -- Up-to-date: /home/eeiww/ud90uhak/bumperbot_ws/src/install/bumperbot_description/share/bumperbot_description/models/aws_robomaker_warehouse_DeskC_01/materials/textures/aws_robomaker_warehouse_DeskC_02.png
[2.336s] -- Up-to-date: /home/eeiww/ud90uhak/bumperbot_ws/src/install/bumperbot_description/share/bumperbot_description/models/aws_robomaker_warehouse_DeskC_01/materials/textures/aws_robomaker_warehouse_DeskC_03.psd
[2.342s] -- Up-to-date: /home/eeiww/ud90uhak/bumperbot_ws/src/install/bumperbot_description/share/bumperbot_description/models/aws_robomaker_warehouse_DeskC_01/materials/textures/aws_robomaker_warehouse_DeskC_03.png
[2.343s] -- Up-to-date: /home/eeiww/ud90uhak/bumperbot_ws/src/install/bumperbot_description/share/bumperbot_description/models/aws_robomaker_warehouse_DeskC_01/materials/textures/aws_robomaker_warehouse_DeskC_04.png
[2.345s] -- Up-to-date: /home/eeiww/ud90uhak/bumperbot_ws/src/install/bumperbot_description/share/bumperbot_description/models/aws_robomaker_warehouse_DeskC_01/materials/.DS_Store
[2.345s] -- Up-to-date: /home/eeiww/ud90uhak/bumperbot_ws/src/install/bumperbot_description/share/bumperbot_description/models/aws_robomaker_residential_PortraitA_02
[2.347s] -- Up-to-date: /home/eeiww/ud90uhak/bumperbot_ws/src/install/bumperbot_description/share/bumperbot_description/models/aws_robomaker_residential_PortraitA_02/meshes
[2.360s] -- Up-to-date: /home/eeiww/ud90uhak/bumperbot_ws/src/install/bumperbot_description/share/bumperbot_description/models/aws_robomaker_residential_PortraitA_02/meshes/aws_PortraitA_01_visual.DAE
[2.367s] -- Up-to-date: /home/eeiww/ud90uhak/bumperbot_ws/src/install/bumperbot_description/share/bumperbot_description/models/aws_robomaker_residential_PortraitA_02/meshes/aws_PortraitA_01_collision.DAE
[2.367s] -- Up-to-date: /home/eeiww/ud90uhak/bumperbot_ws/src/install/bumperbot_description/share/bumperbot_description/models/aws_robomaker_residential_PortraitA_02/model.sdf
[2.367s] -- Up-to-date: /home/eeiww/ud90uhak/bumperbot_ws/src/install/bumperbot_description/share/bumperbot_description/models/aws_robomaker_residential_PortraitA_02/model.config
[2.367s] -- Up-to-date: /home/eeiww/ud90uhak/bumperbot_ws/src/install/bumperbot_description/share/bumperbot_description/models/aws_robomaker_residential_PortraitA_02/materials
[2.368s] -- Up-to-date: /home/eeiww/ud90uhak/bumperbot_ws/src/install/bumperbot_description/share/bumperbot_description/models/aws_robomaker_residential_PortraitA_02/materials/textures
[2.368s] -- Up-to-date: /home/eeiww/ud90uhak/bumperbot_ws/src/install/bumperbot_description/share/bumperbot_description/models/aws_robomaker_residential_PortraitA_02/materials/textures/aws_PortraitA_01.png
[2.382s] -- Up-to-date: /home/eeiww/ud90uhak/bumperbot_ws/src/install/bumperbot_description/share/bumperbot_description/models/aws_robomaker_residential_PortraitA_02/materials/textures/aws_PortraitA_02.png
[2.382s] -- Up-to-date: /home/eeiww/ud90uhak/bumperbot_ws/src/install/bumperbot_description/share/bumperbot_description/models/aws_robomaker_warehouse_RoofB_01
[2.383s] -- Up-to-date: /home/eeiww/ud90uhak/bumperbot_ws/src/install/bumperbot_description/share/bumperbot_description/models/aws_robomaker_warehouse_RoofB_01/meshes
[2.387s] -- Up-to-date: /home/eeiww/ud90uhak/bumperbot_ws/src/install/bumperbot_description/share/bumperbot_description/models/aws_robomaker_warehouse_RoofB_01/meshes/aws_robomaker_warehouse_RoofB_01_collision.DAE
[2.389s] -- Up-to-date: /home/eeiww/ud90uhak/bumperbot_ws/src/install/bumperbot_description/share/bumperbot_description/models/aws_robomaker_warehouse_RoofB_01/meshes/aws_robomaker_warehouse_RoofB_01_visual.DAE
[2.390s] -- Up-to-date: /home/eeiww/ud90uhak/bumperbot_ws/src/install/bumperbot_description/share/bumperbot_description/models/aws_robomaker_warehouse_RoofB_01/model.sdf
[2.390s] -- Up-to-date: /home/eeiww/ud90uhak/bumperbot_ws/src/install/bumperbot_description/share/bumperbot_description/models/aws_robomaker_warehouse_RoofB_01/model.config
[2.390s] -- Up-to-date: /home/eeiww/ud90uhak/bumperbot_ws/src/install/bumperbot_description/share/bumperbot_description/models/aws_robomaker_warehouse_RoofB_01/materials
[2.392s] -- Up-to-date: /home/eeiww/ud90uhak/bumperbot_ws/src/install/bumperbot_description/share/bumperbot_description/models/aws_robomaker_warehouse_RoofB_01/materials/textures
[2.393s] -- Up-to-date: /home/eeiww/ud90uhak/bumperbot_ws/src/install/bumperbot_description/share/bumperbot_description/models/aws_robomaker_warehouse_RoofB_01/materials/textures/aws_robomaker_warehouse_RoofB_01.png
[2.393s] -- Up-to-date: /home/eeiww/ud90uhak/bumperbot_ws/src/install/bumperbot_description/share/bumperbot_description/models/aws_robomaker_residential_Vase_01
[2.393s] -- Up-to-date: /home/eeiww/ud90uhak/bumperbot_ws/src/install/bumperbot_description/share/bumperbot_description/models/aws_robomaker_residential_Vase_01/meshes
[2.394s] -- Up-to-date: /home/eeiww/ud90uhak/bumperbot_ws/src/install/bumperbot_description/share/bumperbot_description/models/aws_robomaker_residential_Vase_01/meshes/aws_Vase_01_collision.DAE
[2.394s] -- Up-to-date: /home/eeiww/ud90uhak/bumperbot_ws/src/install/bumperbot_description/share/bumperbot_description/models/aws_robomaker_residential_Vase_01/meshes/aws_Vase_01_visual.DAE
[2.397s] -- Up-to-date: /home/eeiww/ud90uhak/bumperbot_ws/src/install/bumperbot_description/share/bumperbot_description/models/aws_robomaker_residential_Vase_01/model.sdf
[2.404s] -- Up-to-date: /home/eeiww/ud90uhak/bumperbot_ws/src/install/bumperbot_description/share/bumperbot_description/models/aws_robomaker_residential_Vase_01/model.config
[2.404s] -- Up-to-date: /home/eeiww/ud90uhak/bumperbot_ws/src/install/bumperbot_description/share/bumperbot_description/models/aws_robomaker_residential_Vase_01/materials
[2.404s] -- Up-to-date: /home/eeiww/ud90uhak/bumperbot_ws/src/install/bumperbot_description/share/bumperbot_description/models/aws_robomaker_residential_Vase_01/materials/textures
[2.404s] -- Up-to-date: /home/eeiww/ud90uhak/bumperbot_ws/src/install/bumperbot_description/share/bumperbot_description/models/aws_robomaker_residential_Vase_01/materials/textures/aws_Vase_01.png
[2.405s] -- Up-to-date: /home/eeiww/ud90uhak/bumperbot_ws/src/install/bumperbot_description/share/bumperbot_description/models/aws_robomaker_residential_PortraitE_02
[2.405s] -- Up-to-date: /home/eeiww/ud90uhak/bumperbot_ws/src/install/bumperbot_description/share/bumperbot_description/models/aws_robomaker_residential_PortraitE_02/meshes
[2.405s] -- Up-to-date: /home/eeiww/ud90uhak/bumperbot_ws/src/install/bumperbot_description/share/bumperbot_description/models/aws_robomaker_residential_PortraitE_02/meshes/aws_PortraitE_01_collision.DAE
[2.405s] -- Up-to-date: /home/eeiww/ud90uhak/bumperbot_ws/src/install/bumperbot_description/share/bumperbot_description/models/aws_robomaker_residential_PortraitE_02/meshes/aws_PortraitE_01_visual.DAE
[2.405s] -- Up-to-date: /home/eeiww/ud90uhak/bumperbot_ws/src/install/bumperbot_description/share/bumperbot_description/models/aws_robomaker_residential_PortraitE_02/model.sdf
[2.405s] -- Up-to-date: /home/eeiww/ud90uhak/bumperbot_ws/src/install/bumperbot_description/share/bumperbot_description/models/aws_robomaker_residential_PortraitE_02/model.config
[2.406s] -- Up-to-date: /home/eeiww/ud90uhak/bumperbot_ws/src/install/bumperbot_description/share/bumperbot_description/models/aws_robomaker_residential_PortraitE_02/materials
[2.408s] -- Up-to-date: /home/eeiww/ud90uhak/bumperbot_ws/src/install/bumperbot_description/share/bumperbot_description/models/aws_robomaker_residential_PortraitE_02/materials/textures
[2.410s] -- Up-to-date: /home/eeiww/ud90uhak/bumperbot_ws/src/install/bumperbot_description/share/bumperbot_description/models/aws_robomaker_residential_PortraitE_02/materials/textures/aws_PortraitE_02.png
[2.412s] -- Up-to-date: /home/eeiww/ud90uhak/bumperbot_ws/src/install/bumperbot_description/share/bumperbot_description/models/aws_robomaker_residential_PortraitE_02/materials/textures/aws_PortraitE_01.png
[2.414s] -- Up-to-date: /home/eeiww/ud90uhak/bumperbot_ws/src/install/bumperbot_description/share/bumperbot_description/models/aws_robomaker_residential_Door_01
[2.415s] -- Up-to-date: /home/eeiww/ud90uhak/bumperbot_ws/src/install/bumperbot_description/share/bumperbot_description/models/aws_robomaker_residential_Door_01/meshes
[2.416s] -- Up-to-date: /home/eeiww/ud90uhak/bumperbot_ws/src/install/bumperbot_description/share/bumperbot_description/models/aws_robomaker_residential_Door_01/meshes/aws_Door_01_collision.DAE
[2.417s] -- Up-to-date: /home/eeiww/ud90uhak/bumperbot_ws/src/install/bumperbot_description/share/bumperbot_description/models/aws_robomaker_residential_Door_01/meshes/aws_Door_01_visual.DAE
[2.418s] -- Up-to-date: /home/eeiww/ud90uhak/bumperbot_ws/src/install/bumperbot_description/share/bumperbot_description/models/aws_robomaker_residential_Door_01/model.sdf
[2.419s] -- Up-to-date: /home/eeiww/ud90uhak/bumperbot_ws/src/install/bumperbot_description/share/bumperbot_description/models/aws_robomaker_residential_Door_01/model.config
[2.421s] -- Up-to-date: /home/eeiww/ud90uhak/bumperbot_ws/src/install/bumperbot_description/share/bumperbot_description/models/aws_robomaker_residential_Door_01/materials
[2.423s] -- Up-to-date: /home/eeiww/ud90uhak/bumperbot_ws/src/install/bumperbot_description/share/bumperbot_description/models/aws_robomaker_residential_Door_01/materials/textures
[2.424s] -- Up-to-date: /home/eeiww/ud90uhak/bumperbot_ws/src/install/bumperbot_description/share/bumperbot_description/models/aws_robomaker_residential_Door_01/materials/textures/aws_Door_01.png
[2.428s] -- Up-to-date: /home/eeiww/ud90uhak/bumperbot_ws/src/install/bumperbot_description/share/bumperbot_description/models/aws_robomaker_warehouse_ClutteringA_01
[2.428s] -- Up-to-date: /home/eeiww/ud90uhak/bumperbot_ws/src/install/bumperbot_description/share/bumperbot_description/models/aws_robomaker_warehouse_ClutteringA_01/meshes
[2.430s] -- Up-to-date: /home/eeiww/ud90uhak/bumperbot_ws/src/install/bumperbot_description/share/bumperbot_description/models/aws_robomaker_warehouse_ClutteringA_01/meshes/aws_robomaker_warehouse_ClutteringA_01_collision.DAE
[2.431s] -- Up-to-date: /home/eeiww/ud90uhak/bumperbot_ws/src/install/bumperbot_description/share/bumperbot_description/models/aws_robomaker_warehouse_ClutteringA_01/meshes/aws_robomaker_warehouse_ClutteringA_01_visual.DAE
[2.435s] -- Up-to-date: /home/eeiww/ud90uhak/bumperbot_ws/src/install/bumperbot_description/share/bumperbot_description/models/aws_robomaker_warehouse_ClutteringA_01/model.sdf
[2.436s] -- Up-to-date: /home/eeiww/ud90uhak/bumperbot_ws/src/install/bumperbot_description/share/bumperbot_description/models/aws_robomaker_warehouse_ClutteringA_01/.DS_Store
[2.439s] -- Up-to-date: /home/eeiww/ud90uhak/bumperbot_ws/src/install/bumperbot_description/share/bumperbot_description/models/aws_robomaker_warehouse_ClutteringA_01/model.config
[2.441s] -- Up-to-date: /home/eeiww/ud90uhak/bumperbot_ws/src/install/bumperbot_description/share/bumperbot_description/models/aws_robomaker_warehouse_ClutteringA_01/materials
[2.442s] -- Up-to-date: /home/eeiww/ud90uhak/bumperbot_ws/src/install/bumperbot_description/share/bumperbot_description/models/aws_robomaker_warehouse_ClutteringA_01/materials/textures
[2.444s] -- Up-to-date: /home/eeiww/ud90uhak/bumperbot_ws/src/install/bumperbot_description/share/bumperbot_description/models/aws_robomaker_warehouse_ClutteringA_01/materials/textures/aws_robomaker_warehouse_ClutteringA_02.png
[2.445s] -- Up-to-date: /home/eeiww/ud90uhak/bumperbot_ws/src/install/bumperbot_description/share/bumperbot_description/models/aws_robomaker_warehouse_ClutteringA_01/materials/textures/aws_robomaker_warehouse_ClutteringA_01.png
[2.446s] -- Up-to-date: /home/eeiww/ud90uhak/bumperbot_ws/src/install/bumperbot_description/share/bumperbot_description/models/aws_robomaker_warehouse_ClutteringA_01/materials/textures/.DS_Store
[2.447s] -- Up-to-date: /home/eeiww/ud90uhak/bumperbot_ws/src/install/bumperbot_description/share/bumperbot_description/models/aws_robomaker_warehouse_ClutteringA_01/materials/textures/aws_robomaker_warehouse_ClutteringA_03.png
[2.449s] -- Up-to-date: /home/eeiww/ud90uhak/bumperbot_ws/src/install/bumperbot_description/share/bumperbot_description/models/aws_robomaker_warehouse_ClutteringA_01/materials/.DS_Store
[2.451s] -- Up-to-date: /home/eeiww/ud90uhak/bumperbot_ws/src/install/bumperbot_description/share/bumperbot_description/models/aws_robomaker_residential_PortraitD_01
[2.452s] -- Up-to-date: /home/eeiww/ud90uhak/bumperbot_ws/src/install/bumperbot_description/share/bumperbot_description/models/aws_robomaker_residential_PortraitD_01/meshes
[2.453s] -- Up-to-date: /home/eeiww/ud90uhak/bumperbot_ws/src/install/bumperbot_description/share/bumperbot_description/models/aws_robomaker_residential_PortraitD_01/meshes/aws_PortraitD_01_collision.DAE
[2.455s] -- Up-to-date: /home/eeiww/ud90uhak/bumperbot_ws/src/install/bumperbot_description/share/bumperbot_description/models/aws_robomaker_residential_PortraitD_01/meshes/aws_PortraitD_01_visual.DAE
[2.462s] -- Up-to-date: /home/eeiww/ud90uhak/bumperbot_ws/src/install/bumperbot_description/share/bumperbot_description/models/aws_robomaker_residential_PortraitD_01/model.sdf
[2.462s] -- Up-to-date: /home/eeiww/ud90uhak/bumperbot_ws/src/install/bumperbot_description/share/bumperbot_description/models/aws_robomaker_residential_PortraitD_01/model.config
[2.462s] -- Up-to-date: /home/eeiww/ud90uhak/bumperbot_ws/src/install/bumperbot_description/share/bumperbot_description/models/aws_robomaker_residential_PortraitD_01/materials
[2.462s] -- Up-to-date: /home/eeiww/ud90uhak/bumperbot_ws/src/install/bumperbot_description/share/bumperbot_description/models/aws_robomaker_residential_PortraitD_01/materials/textures
[2.464s] -- Up-to-date: /home/eeiww/ud90uhak/bumperbot_ws/src/install/bumperbot_description/share/bumperbot_description/models/aws_robomaker_residential_PortraitD_01/materials/textures/aws_PortraitD_01.png
[2.465s] -- Up-to-date: /home/eeiww/ud90uhak/bumperbot_ws/src/install/bumperbot_description/share/bumperbot_description/models/aws_robomaker_residential_PortraitD_01/materials/textures/aws_PortraitD_02.png
[2.466s] -- Up-to-date: /home/eeiww/ud90uhak/bumperbot_ws/src/install/bumperbot_description/share/bumperbot_description/models/aws_robomaker_residential_DeskPortraitA_02
[2.468s] -- Up-to-date: /home/eeiww/ud90uhak/bumperbot_ws/src/install/bumperbot_description/share/bumperbot_description/models/aws_robomaker_residential_DeskPortraitA_02/meshes
[2.476s] -- Up-to-date: /home/eeiww/ud90uhak/bumperbot_ws/src/install/bumperbot_description/share/bumperbot_description/models/aws_robomaker_residential_DeskPortraitA_02/meshes/aws_DeskPortraitA_01_visual.DAE
[2.476s] -- Up-to-date: /home/eeiww/ud90uhak/bumperbot_ws/src/install/bumperbot_description/share/bumperbot_description/models/aws_robomaker_residential_DeskPortraitA_02/meshes/aws_DeskPortraitA_01_collision.DAE
[2.477s] -- Up-to-date: /home/eeiww/ud90uhak/bumperbot_ws/src/install/bumperbot_description/share/bumperbot_description/models/aws_robomaker_residential_DeskPortraitA_02/model.sdf
[2.478s] -- Up-to-date: /home/eeiww/ud90uhak/bumperbot_ws/src/install/bumperbot_description/share/bumperbot_description/models/aws_robomaker_residential_DeskPortraitA_02/model.config
[2.478s] -- Up-to-date: /home/eeiww/ud90uhak/bumperbot_ws/src/install/bumperbot_description/share/bumperbot_description/models/aws_robomaker_residential_DeskPortraitA_02/materials
[2.478s] -- Up-to-date: /home/eeiww/ud90uhak/bumperbot_ws/src/install/bumperbot_description/share/bumperbot_description/models/aws_robomaker_residential_DeskPortraitA_02/materials/textures
[2.489s] -- Up-to-date: /home/eeiww/ud90uhak/bumperbot_ws/src/install/bumperbot_description/share/bumperbot_description/models/aws_robomaker_residential_DeskPortraitA_02/materials/textures/aws_DeskPortraitA_02.png
[2.489s] -- Up-to-date: /home/eeiww/ud90uhak/bumperbot_ws/src/install/bumperbot_description/share/bumperbot_description/models/aws_robomaker_residential_DeskPortraitA_02/materials/textures/aws_DeskPortraitA_01.png
[2.494s] -- Up-to-date: /home/eeiww/ud90uhak/bumperbot_ws/src/install/bumperbot_description/share/bumperbot_description/models/aws_robomaker_residential_AirconditionerA_01
[2.494s] -- Up-to-date: /home/eeiww/ud90uhak/bumperbot_ws/src/install/bumperbot_description/share/bumperbot_description/models/aws_robomaker_residential_AirconditionerA_01/meshes
[2.494s] -- Up-to-date: /home/eeiww/ud90uhak/bumperbot_ws/src/install/bumperbot_description/share/bumperbot_description/models/aws_robomaker_residential_AirconditionerA_01/meshes/aws__Air conditioner_01.DAE
[2.494s] -- Up-to-date: /home/eeiww/ud90uhak/bumperbot_ws/src/install/bumperbot_description/share/bumperbot_description/models/aws_robomaker_residential_AirconditionerA_01/meshes/aws_AirconditionerA_01_collision.DAE
[2.494s] -- Up-to-date: /home/eeiww/ud90uhak/bumperbot_ws/src/install/bumperbot_description/share/bumperbot_description/models/aws_robomaker_residential_AirconditionerA_01/meshes/aws_AirconditionerA_01_visual.DAE
[2.495s] -- Up-to-date: /home/eeiww/ud90uhak/bumperbot_ws/src/install/bumperbot_description/share/bumperbot_description/models/aws_robomaker_residential_AirconditionerA_01/model.sdf
[2.495s] -- Up-to-date: /home/eeiww/ud90uhak/bumperbot_ws/src/install/bumperbot_description/share/bumperbot_description/models/aws_robomaker_residential_AirconditionerA_01/model.config
[2.495s] -- Up-to-date: /home/eeiww/ud90uhak/bumperbot_ws/src/install/bumperbot_description/share/bumperbot_description/models/aws_robomaker_residential_AirconditionerA_01/materials
[2.495s] -- Up-to-date: /home/eeiww/ud90uhak/bumperbot_ws/src/install/bumperbot_description/share/bumperbot_description/models/aws_robomaker_residential_AirconditionerA_01/materials/textures
[2.495s] -- Up-to-date: /home/eeiww/ud90uhak/bumperbot_ws/src/install/bumperbot_description/share/bumperbot_description/models/aws_robomaker_residential_AirconditionerA_01/materials/textures/aws_AirconditionerA_01.png
[2.496s] -- Up-to-date: /home/eeiww/ud90uhak/bumperbot_ws/src/install/bumperbot_description/share/bumperbot_description/worlds
[2.498s] -- Up-to-date: /home/eeiww/ud90uhak/bumperbot_ws/src/install/bumperbot_description/share/bumperbot_description/worlds/empty.world
[2.499s] -- Up-to-date: /home/eeiww/ud90uhak/bumperbot_ws/src/install/bumperbot_description/share/bumperbot_description/worlds/small_warehouse.world
[2.500s] -- Up-to-date: /home/eeiww/ud90uhak/bumperbot_ws/src/install/bumperbot_description/share/bumperbot_description/worlds/small_house.world
[2.501s] -- Up-to-date: /home/eeiww/ud90uhak/bumperbot_ws/src/install/bumperbot_description/share/bumperbot_description/photos
[2.503s] -- Up-to-date: /home/eeiww/ud90uhak/bumperbot_ws/src/install/bumperbot_description/share/bumperbot_description/photos/PortraitA_01.jpg
[2.505s] -- Up-to-date: /home/eeiww/ud90uhak/bumperbot_ws/src/install/bumperbot_description/share/bumperbot_description/photos/PortraitE_01.jpg
[2.506s] -- Up-to-date: /home/eeiww/ud90uhak/bumperbot_ws/src/install/bumperbot_description/share/bumperbot_description/photos/DeskPortraitC_02.jpg
[2.508s] -- Up-to-date: /home/eeiww/ud90uhak/bumperbot_ws/src/install/bumperbot_description/share/bumperbot_description/photos/DeskPortraitD_02.jpg
[2.509s] -- Up-to-date: /home/eeiww/ud90uhak/bumperbot_ws/src/install/bumperbot_description/share/bumperbot_description/photos/PortraitB_02.jpg
[2.510s] -- Up-to-date: /home/eeiww/ud90uhak/bumperbot_ws/src/install/bumperbot_description/share/bumperbot_description/photos/DeskPortraitD_01.jpg
[2.511s] -- Up-to-date: /home/eeiww/ud90uhak/bumperbot_ws/src/install/bumperbot_description/share/bumperbot_description/photos/DeskPortraitA_01.jpg
[2.512s] -- Up-to-date: /home/eeiww/ud90uhak/bumperbot_ws/src/install/bumperbot_description/share/bumperbot_description/photos/DeskPortraitC_01.jpg
[2.514s] -- Up-to-date: /home/eeiww/ud90uhak/bumperbot_ws/src/install/bumperbot_description/share/bumperbot_description/photos/PortraitD_01.jpg
[2.516s] -- Up-to-date: /home/eeiww/ud90uhak/bumperbot_ws/src/install/bumperbot_description/share/bumperbot_description/photos/PortraitE_02.jpg
[2.516s] -- Up-to-date: /home/eeiww/ud90uhak/bumperbot_ws/src/install/bumperbot_description/share/bumperbot_description/photos/DeskPortraitB_02.jpg
[2.519s] -- Up-to-date: /home/eeiww/ud90uhak/bumperbot_ws/src/install/bumperbot_description/share/bumperbot_description/photos/PortraitC_01.jpg
[2.520s] -- Up-to-date: /home/eeiww/ud90uhak/bumperbot_ws/src/install/bumperbot_description/share/bumperbot_description/photos/PortraitD_02.jpg
[2.523s] -- Up-to-date: /home/eeiww/ud90uhak/bumperbot_ws/src/install/bumperbot_description/share/bumperbot_description/photos/PortraitB_01.jpg
[2.524s] -- Up-to-date: /home/eeiww/ud90uhak/bumperbot_ws/src/install/bumperbot_description/share/bumperbot_description/photos/DeskPortraitD_04.jpg
[2.526s] -- Up-to-date: /home/eeiww/ud90uhak/bumperbot_ws/src/install/bumperbot_description/share/bumperbot_description/photos/DeskPortraitD_03.jpg
[2.526s] -- Up-to-date: /home/eeiww/ud90uhak/bumperbot_ws/src/install/bumperbot_description/share/bumperbot_description/photos/DeskPortraitA_02.jpg
[2.527s] -- Up-to-date: /home/eeiww/ud90uhak/bumperbot_ws/src/install/bumperbot_description/share/bumperbot_description/photos/DeskPortraitB_01.jpg
[2.529s] -- Up-to-date: /home/eeiww/ud90uhak/bumperbot_ws/src/install/bumperbot_description/share/bumperbot_description/photos/PortraitA_02.jpg
[2.530s] -- Up-to-date: /home/eeiww/ud90uhak/bumperbot_ws/src/install/bumperbot_description/share/bumperbot_description/photos/PortraitB_03.jpg
[2.533s] -- Installing: /home/eeiww/ud90uhak/bumperbot_ws/src/install/bumperbot_description/share/ament_index/resource_index/package_run_dependencies/bumperbot_description
[2.541s] -- Installing: /home/eeiww/ud90uhak/bumperbot_ws/src/install/bumperbot_description/share/ament_index/resource_index/parent_prefix_path/bumperbot_description
[2.547s] -- Up-to-date: /home/eeiww/ud90uhak/bumperbot_ws/src/install/bumperbot_description/share/bumperbot_description/environment/ament_prefix_path.sh
[2.549s] -- Installing: /home/eeiww/ud90uhak/bumperbot_ws/src/install/bumperbot_description/share/bumperbot_description/environment/ament_prefix_path.dsv
[2.557s] -- Up-to-date: /home/eeiww/ud90uhak/bumperbot_ws/src/install/bumperbot_description/share/bumperbot_description/environment/path.sh
[2.558s] -- Installing: /home/eeiww/ud90uhak/bumperbot_ws/src/install/bumperbot_description/share/bumperbot_description/environment/path.dsv
[2.566s] -- Installing: /home/eeiww/ud90uhak/bumperbot_ws/src/install/bumperbot_description/share/bumperbot_description/local_setup.bash
[2.573s] -- Installing: /home/eeiww/ud90uhak/bumperbot_ws/src/install/bumperbot_description/share/bumperbot_description/local_setup.sh
[2.580s] -- Installing: /home/eeiww/ud90uhak/bumperbot_ws/src/install/bumperbot_description/share/bumperbot_description/local_setup.zsh
[2.589s] -- Installing: /home/eeiww/ud90uhak/bumperbot_ws/src/install/bumperbot_description/share/bumperbot_description/local_setup.dsv
[2.596s] -- Installing: /home/eeiww/ud90uhak/bumperbot_ws/src/install/bumperbot_description/share/bumperbot_description/package.dsv
[2.606s] -- Installing: /home/eeiww/ud90uhak/bumperbot_ws/src/install/bumperbot_description/share/ament_index/resource_index/packages/bumperbot_description
[2.611s] -- Installing: /home/eeiww/ud90uhak/bumperbot_ws/src/install/bumperbot_description/share/bumperbot_description/cmake/bumperbot_descriptionConfig.cmake
[2.617s] -- Installing: /home/eeiww/ud90uhak/bumperbot_ws/src/install/bumperbot_description/share/bumperbot_description/cmake/bumperbot_descriptionConfig-version.cmake
[2.624s] -- Up-to-date: /home/eeiww/ud90uhak/bumperbot_ws/src/install/bumperbot_description/share/bumperbot_description/package.xml
