[0.123s] DEBUG:colcon:Command line arguments: ['/usr/bin/colcon', 'build']
[0.123s] DEBUG:colcon:Parsed command line arguments: Namespace(log_base=None, log_level=None, verb_name='build', build_base='build', install_base='install', merge_install=False, symlink_install=False, test_result_base=None, continue_on_error=False, executor='parallel', parallel_workers=8, event_handlers=None, ignore_user_meta=False, metas=['./colcon.meta'], base_paths=['.'], packages_ignore=None, packages_ignore_regex=None, paths=None, packages_up_to=None, packages_up_to_regex=None, packages_above=None, packages_above_and_dependencies=None, packages_above_depth=None, packages_select_by_dep=None, packages_skip_by_dep=None, packages_skip_up_to=None, packages_select_build_failed=False, packages_skip_build_finished=False, packages_select_test_failures=False, packages_skip_test_passed=False, packages_select=None, packages_skip=None, packages_select_regex=None, packages_skip_regex=None, packages_start=None, packages_end=None, allow_overriding=[], cmake_args=None, cmake_target=None, cmake_target_skip_unavailable=False, cmake_clean_cache=False, cmake_clean_first=False, cmake_force_configure=False, ament_cmake_args=None, catkin_cmake_args=None, catkin_skip_building_tests=False, mixin_files=None, mixin=None, verb_parser=<colcon_mixin.mixin.mixin_argument.MixinArgumentDecorator object at 0x75188ea18bc0>, verb_extension=<colcon_core.verb.build.BuildVerb object at 0x75188eb92a50>, main=<bound method BuildVerb.main of <colcon_core.verb.build.BuildVerb object at 0x75188eb92a50>>, mixin_verb=('build',))
[0.213s] Level 1:colcon.colcon_core.package_discovery:discover_packages(colcon_meta) check parameters
[0.214s] Level 1:colcon.colcon_core.package_discovery:discover_packages(recursive) check parameters
[0.214s] Level 1:colcon.colcon_core.package_discovery:discover_packages(ignore) check parameters
[0.214s] Level 1:colcon.colcon_core.package_discovery:discover_packages(path) check parameters
[0.214s] Level 1:colcon.colcon_core.package_discovery:discover_packages(colcon_meta) discover
[0.214s] Level 1:colcon.colcon_core.package_discovery:discover_packages(recursive) discover
[0.214s] INFO:colcon.colcon_core.package_discovery:Crawling recursively for packages in '/home/eeiww/ud90uhak/bumperbot_ws/src'
[0.216s] Level 1:colcon.colcon_core.package_identification:_identify(.) by extensions ['ignore', 'ignore_ament_install']
[0.216s] Level 1:colcon.colcon_core.package_identification:_identify(.) by extension 'ignore'
[0.216s] Level 1:colcon.colcon_core.package_identification:_identify(.) by extension 'ignore_ament_install'
[0.217s] Level 1:colcon.colcon_core.package_identification:_identify(.) by extensions ['colcon_pkg']
[0.217s] Level 1:colcon.colcon_core.package_identification:_identify(.) by extension 'colcon_pkg'
[0.218s] Level 1:colcon.colcon_core.package_identification:_identify(.) by extensions ['colcon_meta']
[0.218s] Level 1:colcon.colcon_core.package_identification:_identify(.) by extension 'colcon_meta'
[0.218s] Level 1:colcon.colcon_core.package_identification:_identify(.) by extensions ['ros']
[0.218s] Level 1:colcon.colcon_core.package_identification:_identify(.) by extension 'ros'
[0.243s] Level 1:colcon.colcon_core.package_identification:_identify(.) by extensions ['cmake', 'python']
[0.243s] Level 1:colcon.colcon_core.package_identification:_identify(.) by extension 'cmake'
[0.243s] Level 1:colcon.colcon_core.package_identification:_identify(.) by extension 'python'
[0.244s] Level 1:colcon.colcon_core.package_identification:_identify(.) by extensions ['python_setup_py']
[0.244s] Level 1:colcon.colcon_core.package_identification:_identify(.) by extension 'python_setup_py'
[0.245s] Level 1:colcon.colcon_core.package_identification:_identify(build) by extensions ['ignore', 'ignore_ament_install']
[0.245s] Level 1:colcon.colcon_core.package_identification:_identify(build) by extension 'ignore'
[0.245s] Level 1:colcon.colcon_core.package_identification:_identify(build) ignored
[0.247s] Level 1:colcon.colcon_core.package_identification:_identify(bumperbot_bringup) by extensions ['ignore', 'ignore_ament_install']
[0.247s] Level 1:colcon.colcon_core.package_identification:_identify(bumperbot_bringup) by extension 'ignore'
[0.248s] Level 1:colcon.colcon_core.package_identification:_identify(bumperbot_bringup) by extension 'ignore_ament_install'
[0.249s] Level 1:colcon.colcon_core.package_identification:_identify(bumperbot_bringup) by extensions ['colcon_pkg']
[0.249s] Level 1:colcon.colcon_core.package_identification:_identify(bumperbot_bringup) by extension 'colcon_pkg'
[0.249s] Level 1:colcon.colcon_core.package_identification:_identify(bumperbot_bringup) by extensions ['colcon_meta']
[0.249s] Level 1:colcon.colcon_core.package_identification:_identify(bumperbot_bringup) by extension 'colcon_meta'
[0.249s] Level 1:colcon.colcon_core.package_identification:_identify(bumperbot_bringup) by extensions ['ros']
[0.249s] Level 1:colcon.colcon_core.package_identification:_identify(bumperbot_bringup) by extension 'ros'
[0.269s] DEBUG:colcon.colcon_core.package_identification:Package 'bumperbot_bringup' with type 'ros.ament_cmake' and name 'bumperbot_bringup'
[0.271s] Level 1:colcon.colcon_core.package_identification:_identify(bumperbot_controller) by extensions ['ignore', 'ignore_ament_install']
[0.271s] Level 1:colcon.colcon_core.package_identification:_identify(bumperbot_controller) by extension 'ignore'
[0.272s] Level 1:colcon.colcon_core.package_identification:_identify(bumperbot_controller) by extension 'ignore_ament_install'
[0.272s] Level 1:colcon.colcon_core.package_identification:_identify(bumperbot_controller) by extensions ['colcon_pkg']
[0.272s] Level 1:colcon.colcon_core.package_identification:_identify(bumperbot_controller) by extension 'colcon_pkg'
[0.273s] Level 1:colcon.colcon_core.package_identification:_identify(bumperbot_controller) by extensions ['colcon_meta']
[0.273s] Level 1:colcon.colcon_core.package_identification:_identify(bumperbot_controller) by extension 'colcon_meta'
[0.273s] Level 1:colcon.colcon_core.package_identification:_identify(bumperbot_controller) by extensions ['ros']
[0.273s] Level 1:colcon.colcon_core.package_identification:_identify(bumperbot_controller) by extension 'ros'
[0.293s] DEBUG:colcon.colcon_core.package_identification:Package 'bumperbot_controller' with type 'ros.ament_cmake' and name 'bumperbot_controller'
[0.295s] Level 1:colcon.colcon_core.package_identification:_identify(bumperbot_cpp_examples) by extensions ['ignore', 'ignore_ament_install']
[0.295s] Level 1:colcon.colcon_core.package_identification:_identify(bumperbot_cpp_examples) by extension 'ignore'
[0.295s] Level 1:colcon.colcon_core.package_identification:_identify(bumperbot_cpp_examples) by extension 'ignore_ament_install'
[0.296s] Level 1:colcon.colcon_core.package_identification:_identify(bumperbot_cpp_examples) by extensions ['colcon_pkg']
[0.296s] Level 1:colcon.colcon_core.package_identification:_identify(bumperbot_cpp_examples) by extension 'colcon_pkg'
[0.297s] Level 1:colcon.colcon_core.package_identification:_identify(bumperbot_cpp_examples) by extensions ['colcon_meta']
[0.297s] Level 1:colcon.colcon_core.package_identification:_identify(bumperbot_cpp_examples) by extension 'colcon_meta'
[0.297s] Level 1:colcon.colcon_core.package_identification:_identify(bumperbot_cpp_examples) by extensions ['ros']
[0.297s] Level 1:colcon.colcon_core.package_identification:_identify(bumperbot_cpp_examples) by extension 'ros'
[0.300s] DEBUG:colcon.colcon_core.package_identification:Package 'bumperbot_cpp_examples' with type 'ros.ament_cmake' and name 'bumperbot_cpp_examples'
[0.302s] Level 1:colcon.colcon_core.package_identification:_identify(bumperbot_description) by extensions ['ignore', 'ignore_ament_install']
[0.302s] Level 1:colcon.colcon_core.package_identification:_identify(bumperbot_description) by extension 'ignore'
[0.303s] Level 1:colcon.colcon_core.package_identification:_identify(bumperbot_description) by extension 'ignore_ament_install'
[0.304s] Level 1:colcon.colcon_core.package_identification:_identify(bumperbot_description) by extensions ['colcon_pkg']
[0.304s] Level 1:colcon.colcon_core.package_identification:_identify(bumperbot_description) by extension 'colcon_pkg'
[0.304s] Level 1:colcon.colcon_core.package_identification:_identify(bumperbot_description) by extensions ['colcon_meta']
[0.304s] Level 1:colcon.colcon_core.package_identification:_identify(bumperbot_description) by extension 'colcon_meta'
[0.304s] Level 1:colcon.colcon_core.package_identification:_identify(bumperbot_description) by extensions ['ros']
[0.304s] Level 1:colcon.colcon_core.package_identification:_identify(bumperbot_description) by extension 'ros'
[0.309s] DEBUG:colcon.colcon_core.package_identification:Package 'bumperbot_description' with type 'ros.ament_cmake' and name 'bumperbot_description'
[0.331s] Level 1:colcon.colcon_core.package_identification:_identify(bumperbot_firmware) by extensions ['ignore', 'ignore_ament_install']
[0.331s] Level 1:colcon.colcon_core.package_identification:_identify(bumperbot_firmware) by extension 'ignore'
[0.332s] Level 1:colcon.colcon_core.package_identification:_identify(bumperbot_firmware) by extension 'ignore_ament_install'
[0.333s] Level 1:colcon.colcon_core.package_identification:_identify(bumperbot_firmware) by extensions ['colcon_pkg']
[0.333s] Level 1:colcon.colcon_core.package_identification:_identify(bumperbot_firmware) by extension 'colcon_pkg'
[0.333s] Level 1:colcon.colcon_core.package_identification:_identify(bumperbot_firmware) by extensions ['colcon_meta']
[0.333s] Level 1:colcon.colcon_core.package_identification:_identify(bumperbot_firmware) by extension 'colcon_meta'
[0.333s] Level 1:colcon.colcon_core.package_identification:_identify(bumperbot_firmware) by extensions ['ros']
[0.333s] Level 1:colcon.colcon_core.package_identification:_identify(bumperbot_firmware) by extension 'ros'
[0.345s] DEBUG:colcon.colcon_core.package_identification:Package 'bumperbot_firmware' with type 'ros.ament_cmake' and name 'bumperbot_firmware'
[0.347s] Level 1:colcon.colcon_core.package_identification:_identify(bumperbot_localization) by extensions ['ignore', 'ignore_ament_install']
[0.347s] Level 1:colcon.colcon_core.package_identification:_identify(bumperbot_localization) by extension 'ignore'
[0.348s] Level 1:colcon.colcon_core.package_identification:_identify(bumperbot_localization) by extension 'ignore_ament_install'
[0.349s] Level 1:colcon.colcon_core.package_identification:_identify(bumperbot_localization) by extensions ['colcon_pkg']
[0.349s] Level 1:colcon.colcon_core.package_identification:_identify(bumperbot_localization) by extension 'colcon_pkg'
[0.349s] Level 1:colcon.colcon_core.package_identification:_identify(bumperbot_localization) by extensions ['colcon_meta']
[0.349s] Level 1:colcon.colcon_core.package_identification:_identify(bumperbot_localization) by extension 'colcon_meta'
[0.349s] Level 1:colcon.colcon_core.package_identification:_identify(bumperbot_localization) by extensions ['ros']
[0.349s] Level 1:colcon.colcon_core.package_identification:_identify(bumperbot_localization) by extension 'ros'
[0.352s] DEBUG:colcon.colcon_core.package_identification:Package 'bumperbot_localization' with type 'ros.ament_cmake' and name 'bumperbot_localization'
[0.354s] Level 1:colcon.colcon_core.package_identification:_identify(bumperbot_mapping) by extensions ['ignore', 'ignore_ament_install']
[0.354s] Level 1:colcon.colcon_core.package_identification:_identify(bumperbot_mapping) by extension 'ignore'
[0.355s] Level 1:colcon.colcon_core.package_identification:_identify(bumperbot_mapping) by extension 'ignore_ament_install'
[0.356s] Level 1:colcon.colcon_core.package_identification:_identify(bumperbot_mapping) by extensions ['colcon_pkg']
[0.356s] Level 1:colcon.colcon_core.package_identification:_identify(bumperbot_mapping) by extension 'colcon_pkg'
[0.356s] Level 1:colcon.colcon_core.package_identification:_identify(bumperbot_mapping) by extensions ['colcon_meta']
[0.356s] Level 1:colcon.colcon_core.package_identification:_identify(bumperbot_mapping) by extension 'colcon_meta'
[0.356s] Level 1:colcon.colcon_core.package_identification:_identify(bumperbot_mapping) by extensions ['ros']
[0.356s] Level 1:colcon.colcon_core.package_identification:_identify(bumperbot_mapping) by extension 'ros'
[0.359s] DEBUG:colcon.colcon_core.package_identification:Package 'bumperbot_mapping' with type 'ros.ament_cmake' and name 'bumperbot_mapping'
[0.361s] Level 1:colcon.colcon_core.package_identification:_identify(bumperbot_motion) by extensions ['ignore', 'ignore_ament_install']
[0.361s] Level 1:colcon.colcon_core.package_identification:_identify(bumperbot_motion) by extension 'ignore'
[0.362s] Level 1:colcon.colcon_core.package_identification:_identify(bumperbot_motion) by extension 'ignore_ament_install'
[0.363s] Level 1:colcon.colcon_core.package_identification:_identify(bumperbot_motion) by extensions ['colcon_pkg']
[0.363s] Level 1:colcon.colcon_core.package_identification:_identify(bumperbot_motion) by extension 'colcon_pkg'
[0.363s] Level 1:colcon.colcon_core.package_identification:_identify(bumperbot_motion) by extensions ['colcon_meta']
[0.363s] Level 1:colcon.colcon_core.package_identification:_identify(bumperbot_motion) by extension 'colcon_meta'
[0.363s] Level 1:colcon.colcon_core.package_identification:_identify(bumperbot_motion) by extensions ['ros']
[0.363s] Level 1:colcon.colcon_core.package_identification:_identify(bumperbot_motion) by extension 'ros'
[0.376s] DEBUG:colcon.colcon_core.package_identification:Package 'bumperbot_motion' with type 'ros.ament_cmake' and name 'bumperbot_motion'
[0.378s] Level 1:colcon.colcon_core.package_identification:_identify(bumperbot_msgs) by extensions ['ignore', 'ignore_ament_install']
[0.378s] Level 1:colcon.colcon_core.package_identification:_identify(bumperbot_msgs) by extension 'ignore'
[0.379s] Level 1:colcon.colcon_core.package_identification:_identify(bumperbot_msgs) by extension 'ignore_ament_install'
[0.379s] Level 1:colcon.colcon_core.package_identification:_identify(bumperbot_msgs) by extensions ['colcon_pkg']
[0.380s] Level 1:colcon.colcon_core.package_identification:_identify(bumperbot_msgs) by extension 'colcon_pkg'
[0.380s] Level 1:colcon.colcon_core.package_identification:_identify(bumperbot_msgs) by extensions ['colcon_meta']
[0.380s] Level 1:colcon.colcon_core.package_identification:_identify(bumperbot_msgs) by extension 'colcon_meta'
[0.380s] Level 1:colcon.colcon_core.package_identification:_identify(bumperbot_msgs) by extensions ['ros']
[0.380s] Level 1:colcon.colcon_core.package_identification:_identify(bumperbot_msgs) by extension 'ros'
[0.383s] DEBUG:colcon.colcon_core.package_identification:Package 'bumperbot_msgs' with type 'ros.ament_cmake' and name 'bumperbot_msgs'
[0.385s] Level 1:colcon.colcon_core.package_identification:_identify(bumperbot_navigation) by extensions ['ignore', 'ignore_ament_install']
[0.385s] Level 1:colcon.colcon_core.package_identification:_identify(bumperbot_navigation) by extension 'ignore'
[0.385s] Level 1:colcon.colcon_core.package_identification:_identify(bumperbot_navigation) by extension 'ignore_ament_install'
[0.386s] Level 1:colcon.colcon_core.package_identification:_identify(bumperbot_navigation) by extensions ['colcon_pkg']
[0.386s] Level 1:colcon.colcon_core.package_identification:_identify(bumperbot_navigation) by extension 'colcon_pkg'
[0.386s] Level 1:colcon.colcon_core.package_identification:_identify(bumperbot_navigation) by extensions ['colcon_meta']
[0.386s] Level 1:colcon.colcon_core.package_identification:_identify(bumperbot_navigation) by extension 'colcon_meta'
[0.386s] Level 1:colcon.colcon_core.package_identification:_identify(bumperbot_navigation) by extensions ['ros']
[0.387s] Level 1:colcon.colcon_core.package_identification:_identify(bumperbot_navigation) by extension 'ros'
[0.399s] DEBUG:colcon.colcon_core.package_identification:Package 'bumperbot_navigation' with type 'ros.ament_cmake' and name 'bumperbot_navigation'
[0.401s] Level 1:colcon.colcon_core.package_identification:_identify(bumperbot_planning) by extensions ['ignore', 'ignore_ament_install']
[0.401s] Level 1:colcon.colcon_core.package_identification:_identify(bumperbot_planning) by extension 'ignore'
[0.402s] Level 1:colcon.colcon_core.package_identification:_identify(bumperbot_planning) by extension 'ignore_ament_install'
[0.403s] Level 1:colcon.colcon_core.package_identification:_identify(bumperbot_planning) by extensions ['colcon_pkg']
[0.403s] Level 1:colcon.colcon_core.package_identification:_identify(bumperbot_planning) by extension 'colcon_pkg'
[0.403s] Level 1:colcon.colcon_core.package_identification:_identify(bumperbot_planning) by extensions ['colcon_meta']
[0.403s] Level 1:colcon.colcon_core.package_identification:_identify(bumperbot_planning) by extension 'colcon_meta'
[0.403s] Level 1:colcon.colcon_core.package_identification:_identify(bumperbot_planning) by extensions ['ros']
[0.403s] Level 1:colcon.colcon_core.package_identification:_identify(bumperbot_planning) by extension 'ros'
[0.417s] DEBUG:colcon.colcon_core.package_identification:Package 'bumperbot_planning' with type 'ros.ament_cmake' and name 'bumperbot_planning'
[0.419s] Level 1:colcon.colcon_core.package_identification:_identify(bumperbot_py_examples) by extensions ['ignore', 'ignore_ament_install']
[0.419s] Level 1:colcon.colcon_core.package_identification:_identify(bumperbot_py_examples) by extension 'ignore'
[0.420s] Level 1:colcon.colcon_core.package_identification:_identify(bumperbot_py_examples) by extension 'ignore_ament_install'
[0.421s] Level 1:colcon.colcon_core.package_identification:_identify(bumperbot_py_examples) by extensions ['colcon_pkg']
[0.421s] Level 1:colcon.colcon_core.package_identification:_identify(bumperbot_py_examples) by extension 'colcon_pkg'
[0.421s] Level 1:colcon.colcon_core.package_identification:_identify(bumperbot_py_examples) by extensions ['colcon_meta']
[0.421s] Level 1:colcon.colcon_core.package_identification:_identify(bumperbot_py_examples) by extension 'colcon_meta'
[0.421s] Level 1:colcon.colcon_core.package_identification:_identify(bumperbot_py_examples) by extensions ['ros']
[0.421s] Level 1:colcon.colcon_core.package_identification:_identify(bumperbot_py_examples) by extension 'ros'
[0.435s] DEBUG:colcon.colcon_core.package_identification:Package 'bumperbot_py_examples' with type 'ros.ament_python' and name 'bumperbot_py_examples'
[0.436s] Level 1:colcon.colcon_core.package_identification:_identify(bumperbot_utils) by extensions ['ignore', 'ignore_ament_install']
[0.437s] Level 1:colcon.colcon_core.package_identification:_identify(bumperbot_utils) by extension 'ignore'
[0.437s] Level 1:colcon.colcon_core.package_identification:_identify(bumperbot_utils) by extension 'ignore_ament_install'
[0.438s] Level 1:colcon.colcon_core.package_identification:_identify(bumperbot_utils) by extensions ['colcon_pkg']
[0.438s] Level 1:colcon.colcon_core.package_identification:_identify(bumperbot_utils) by extension 'colcon_pkg'
[0.438s] Level 1:colcon.colcon_core.package_identification:_identify(bumperbot_utils) by extensions ['colcon_meta']
[0.438s] Level 1:colcon.colcon_core.package_identification:_identify(bumperbot_utils) by extension 'colcon_meta'
[0.438s] Level 1:colcon.colcon_core.package_identification:_identify(bumperbot_utils) by extensions ['ros']
[0.438s] Level 1:colcon.colcon_core.package_identification:_identify(bumperbot_utils) by extension 'ros'
[0.441s] DEBUG:colcon.colcon_core.package_identification:Package 'bumperbot_utils' with type 'ros.ament_cmake' and name 'bumperbot_utils'
[0.443s] Level 1:colcon.colcon_core.package_identification:_identify(install) by extensions ['ignore', 'ignore_ament_install']
[0.444s] Level 1:colcon.colcon_core.package_identification:_identify(install) by extension 'ignore'
[0.444s] Level 1:colcon.colcon_core.package_identification:_identify(install) ignored
[0.446s] Level 1:colcon.colcon_core.package_identification:_identify(log) by extensions ['ignore', 'ignore_ament_install']
[0.446s] Level 1:colcon.colcon_core.package_identification:_identify(log) by extension 'ignore'
[0.446s] Level 1:colcon.colcon_core.package_identification:_identify(log) ignored
[0.446s] Level 1:colcon.colcon_core.package_discovery:discover_packages(recursive) using defaults
[0.447s] Level 1:colcon.colcon_core.package_discovery:discover_packages(ignore) discover
[0.447s] Level 1:colcon.colcon_core.package_discovery:discover_packages(ignore) using defaults
[0.447s] Level 1:colcon.colcon_core.package_discovery:discover_packages(path) discover
[0.447s] Level 1:colcon.colcon_core.package_discovery:discover_packages(path) using defaults
[0.469s] Level 1:colcon.colcon_core.package_discovery:discover_packages(prefix_path) check parameters
[0.469s] Level 1:colcon.colcon_core.package_discovery:discover_packages(prefix_path) discover
[0.472s] DEBUG:colcon.colcon_installed_package_information.package_discovery:Found 466 installed packages in /opt/ros/jazzy
[0.473s] Level 1:colcon.colcon_core.package_discovery:discover_packages(prefix_path) using defaults
[0.536s] Level 5:colcon.colcon_core.verb:set package 'bumperbot_controller' build argument 'cmake_args' from command line to 'None'
[0.536s] Level 5:colcon.colcon_core.verb:set package 'bumperbot_controller' build argument 'cmake_target' from command line to 'None'
[0.536s] Level 5:colcon.colcon_core.verb:set package 'bumperbot_controller' build argument 'cmake_target_skip_unavailable' from command line to 'False'
[0.536s] Level 5:colcon.colcon_core.verb:set package 'bumperbot_controller' build argument 'cmake_clean_cache' from command line to 'False'
[0.536s] Level 5:colcon.colcon_core.verb:set package 'bumperbot_controller' build argument 'cmake_clean_first' from command line to 'False'
[0.536s] Level 5:colcon.colcon_core.verb:set package 'bumperbot_controller' build argument 'cmake_force_configure' from command line to 'False'
[0.536s] Level 5:colcon.colcon_core.verb:set package 'bumperbot_controller' build argument 'ament_cmake_args' from command line to 'None'
[0.536s] Level 5:colcon.colcon_core.verb:set package 'bumperbot_controller' build argument 'catkin_cmake_args' from command line to 'None'
[0.536s] Level 5:colcon.colcon_core.verb:set package 'bumperbot_controller' build argument 'catkin_skip_building_tests' from command line to 'False'
[0.536s] DEBUG:colcon.colcon_core.verb:Building package 'bumperbot_controller' with the following arguments: {'ament_cmake_args': None, 'build_base': '/home/eeiww/ud90uhak/bumperbot_ws/src/build/bumperbot_controller', 'catkin_cmake_args': None, 'catkin_skip_building_tests': False, 'cmake_args': None, 'cmake_clean_cache': False, 'cmake_clean_first': False, 'cmake_force_configure': False, 'cmake_target': None, 'cmake_target_skip_unavailable': False, 'install_base': '/home/eeiww/ud90uhak/bumperbot_ws/src/install/bumperbot_controller', 'merge_install': False, 'path': '/home/eeiww/ud90uhak/bumperbot_ws/src/bumperbot_controller', 'symlink_install': False, 'test_result_base': None}
[0.536s] Level 5:colcon.colcon_core.verb:set package 'bumperbot_description' build argument 'cmake_args' from command line to 'None'
[0.536s] Level 5:colcon.colcon_core.verb:set package 'bumperbot_description' build argument 'cmake_target' from command line to 'None'
[0.536s] Level 5:colcon.colcon_core.verb:set package 'bumperbot_description' build argument 'cmake_target_skip_unavailable' from command line to 'False'
[0.536s] Level 5:colcon.colcon_core.verb:set package 'bumperbot_description' build argument 'cmake_clean_cache' from command line to 'False'
[0.536s] Level 5:colcon.colcon_core.verb:set package 'bumperbot_description' build argument 'cmake_clean_first' from command line to 'False'
[0.536s] Level 5:colcon.colcon_core.verb:set package 'bumperbot_description' build argument 'cmake_force_configure' from command line to 'False'
[0.536s] Level 5:colcon.colcon_core.verb:set package 'bumperbot_description' build argument 'ament_cmake_args' from command line to 'None'
[0.536s] Level 5:colcon.colcon_core.verb:set package 'bumperbot_description' build argument 'catkin_cmake_args' from command line to 'None'
[0.536s] Level 5:colcon.colcon_core.verb:set package 'bumperbot_description' build argument 'catkin_skip_building_tests' from command line to 'False'
[0.536s] DEBUG:colcon.colcon_core.verb:Building package 'bumperbot_description' with the following arguments: {'ament_cmake_args': None, 'build_base': '/home/eeiww/ud90uhak/bumperbot_ws/src/build/bumperbot_description', 'catkin_cmake_args': None, 'catkin_skip_building_tests': False, 'cmake_args': None, 'cmake_clean_cache': False, 'cmake_clean_first': False, 'cmake_force_configure': False, 'cmake_target': None, 'cmake_target_skip_unavailable': False, 'install_base': '/home/eeiww/ud90uhak/bumperbot_ws/src/install/bumperbot_description', 'merge_install': False, 'path': '/home/eeiww/ud90uhak/bumperbot_ws/src/bumperbot_description', 'symlink_install': False, 'test_result_base': None}
[0.537s] Level 5:colcon.colcon_core.verb:set package 'bumperbot_firmware' build argument 'cmake_args' from command line to 'None'
[0.537s] Level 5:colcon.colcon_core.verb:set package 'bumperbot_firmware' build argument 'cmake_target' from command line to 'None'
[0.537s] Level 5:colcon.colcon_core.verb:set package 'bumperbot_firmware' build argument 'cmake_target_skip_unavailable' from command line to 'False'
[0.537s] Level 5:colcon.colcon_core.verb:set package 'bumperbot_firmware' build argument 'cmake_clean_cache' from command line to 'False'
[0.537s] Level 5:colcon.colcon_core.verb:set package 'bumperbot_firmware' build argument 'cmake_clean_first' from command line to 'False'
[0.537s] Level 5:colcon.colcon_core.verb:set package 'bumperbot_firmware' build argument 'cmake_force_configure' from command line to 'False'
[0.537s] Level 5:colcon.colcon_core.verb:set package 'bumperbot_firmware' build argument 'ament_cmake_args' from command line to 'None'
[0.537s] Level 5:colcon.colcon_core.verb:set package 'bumperbot_firmware' build argument 'catkin_cmake_args' from command line to 'None'
[0.537s] Level 5:colcon.colcon_core.verb:set package 'bumperbot_firmware' build argument 'catkin_skip_building_tests' from command line to 'False'
[0.537s] DEBUG:colcon.colcon_core.verb:Building package 'bumperbot_firmware' with the following arguments: {'ament_cmake_args': None, 'build_base': '/home/eeiww/ud90uhak/bumperbot_ws/src/build/bumperbot_firmware', 'catkin_cmake_args': None, 'catkin_skip_building_tests': False, 'cmake_args': None, 'cmake_clean_cache': False, 'cmake_clean_first': False, 'cmake_force_configure': False, 'cmake_target': None, 'cmake_target_skip_unavailable': False, 'install_base': '/home/eeiww/ud90uhak/bumperbot_ws/src/install/bumperbot_firmware', 'merge_install': False, 'path': '/home/eeiww/ud90uhak/bumperbot_ws/src/bumperbot_firmware', 'symlink_install': False, 'test_result_base': None}
[0.537s] Level 5:colcon.colcon_core.verb:set package 'bumperbot_localization' build argument 'cmake_args' from command line to 'None'
[0.537s] Level 5:colcon.colcon_core.verb:set package 'bumperbot_localization' build argument 'cmake_target' from command line to 'None'
[0.537s] Level 5:colcon.colcon_core.verb:set package 'bumperbot_localization' build argument 'cmake_target_skip_unavailable' from command line to 'False'
[0.537s] Level 5:colcon.colcon_core.verb:set package 'bumperbot_localization' build argument 'cmake_clean_cache' from command line to 'False'
[0.537s] Level 5:colcon.colcon_core.verb:set package 'bumperbot_localization' build argument 'cmake_clean_first' from command line to 'False'
[0.537s] Level 5:colcon.colcon_core.verb:set package 'bumperbot_localization' build argument 'cmake_force_configure' from command line to 'False'
[0.537s] Level 5:colcon.colcon_core.verb:set package 'bumperbot_localization' build argument 'ament_cmake_args' from command line to 'None'
[0.537s] Level 5:colcon.colcon_core.verb:set package 'bumperbot_localization' build argument 'catkin_cmake_args' from command line to 'None'
[0.537s] Level 5:colcon.colcon_core.verb:set package 'bumperbot_localization' build argument 'catkin_skip_building_tests' from command line to 'False'
[0.537s] DEBUG:colcon.colcon_core.verb:Building package 'bumperbot_localization' with the following arguments: {'ament_cmake_args': None, 'build_base': '/home/eeiww/ud90uhak/bumperbot_ws/src/build/bumperbot_localization', 'catkin_cmake_args': None, 'catkin_skip_building_tests': False, 'cmake_args': None, 'cmake_clean_cache': False, 'cmake_clean_first': False, 'cmake_force_configure': False, 'cmake_target': None, 'cmake_target_skip_unavailable': False, 'install_base': '/home/eeiww/ud90uhak/bumperbot_ws/src/install/bumperbot_localization', 'merge_install': False, 'path': '/home/eeiww/ud90uhak/bumperbot_ws/src/bumperbot_localization', 'symlink_install': False, 'test_result_base': None}
[0.537s] Level 5:colcon.colcon_core.verb:set package 'bumperbot_mapping' build argument 'cmake_args' from command line to 'None'
[0.537s] Level 5:colcon.colcon_core.verb:set package 'bumperbot_mapping' build argument 'cmake_target' from command line to 'None'
[0.537s] Level 5:colcon.colcon_core.verb:set package 'bumperbot_mapping' build argument 'cmake_target_skip_unavailable' from command line to 'False'
[0.537s] Level 5:colcon.colcon_core.verb:set package 'bumperbot_mapping' build argument 'cmake_clean_cache' from command line to 'False'
[0.537s] Level 5:colcon.colcon_core.verb:set package 'bumperbot_mapping' build argument 'cmake_clean_first' from command line to 'False'
[0.537s] Level 5:colcon.colcon_core.verb:set package 'bumperbot_mapping' build argument 'cmake_force_configure' from command line to 'False'
[0.537s] Level 5:colcon.colcon_core.verb:set package 'bumperbot_mapping' build argument 'ament_cmake_args' from command line to 'None'
[0.537s] Level 5:colcon.colcon_core.verb:set package 'bumperbot_mapping' build argument 'catkin_cmake_args' from command line to 'None'
[0.537s] Level 5:colcon.colcon_core.verb:set package 'bumperbot_mapping' build argument 'catkin_skip_building_tests' from command line to 'False'
[0.538s] DEBUG:colcon.colcon_core.verb:Building package 'bumperbot_mapping' with the following arguments: {'ament_cmake_args': None, 'build_base': '/home/eeiww/ud90uhak/bumperbot_ws/src/build/bumperbot_mapping', 'catkin_cmake_args': None, 'catkin_skip_building_tests': False, 'cmake_args': None, 'cmake_clean_cache': False, 'cmake_clean_first': False, 'cmake_force_configure': False, 'cmake_target': None, 'cmake_target_skip_unavailable': False, 'install_base': '/home/eeiww/ud90uhak/bumperbot_ws/src/install/bumperbot_mapping', 'merge_install': False, 'path': '/home/eeiww/ud90uhak/bumperbot_ws/src/bumperbot_mapping', 'symlink_install': False, 'test_result_base': None}
[0.538s] Level 5:colcon.colcon_core.verb:set package 'bumperbot_motion' build argument 'cmake_args' from command line to 'None'
[0.538s] Level 5:colcon.colcon_core.verb:set package 'bumperbot_motion' build argument 'cmake_target' from command line to 'None'
[0.538s] Level 5:colcon.colcon_core.verb:set package 'bumperbot_motion' build argument 'cmake_target_skip_unavailable' from command line to 'False'
[0.538s] Level 5:colcon.colcon_core.verb:set package 'bumperbot_motion' build argument 'cmake_clean_cache' from command line to 'False'
[0.538s] Level 5:colcon.colcon_core.verb:set package 'bumperbot_motion' build argument 'cmake_clean_first' from command line to 'False'
[0.538s] Level 5:colcon.colcon_core.verb:set package 'bumperbot_motion' build argument 'cmake_force_configure' from command line to 'False'
[0.538s] Level 5:colcon.colcon_core.verb:set package 'bumperbot_motion' build argument 'ament_cmake_args' from command line to 'None'
[0.538s] Level 5:colcon.colcon_core.verb:set package 'bumperbot_motion' build argument 'catkin_cmake_args' from command line to 'None'
[0.538s] Level 5:colcon.colcon_core.verb:set package 'bumperbot_motion' build argument 'catkin_skip_building_tests' from command line to 'False'
[0.538s] DEBUG:colcon.colcon_core.verb:Building package 'bumperbot_motion' with the following arguments: {'ament_cmake_args': None, 'build_base': '/home/eeiww/ud90uhak/bumperbot_ws/src/build/bumperbot_motion', 'catkin_cmake_args': None, 'catkin_skip_building_tests': False, 'cmake_args': None, 'cmake_clean_cache': False, 'cmake_clean_first': False, 'cmake_force_configure': False, 'cmake_target': None, 'cmake_target_skip_unavailable': False, 'install_base': '/home/eeiww/ud90uhak/bumperbot_ws/src/install/bumperbot_motion', 'merge_install': False, 'path': '/home/eeiww/ud90uhak/bumperbot_ws/src/bumperbot_motion', 'symlink_install': False, 'test_result_base': None}
[0.538s] Level 5:colcon.colcon_core.verb:set package 'bumperbot_msgs' build argument 'cmake_args' from command line to 'None'
[0.538s] Level 5:colcon.colcon_core.verb:set package 'bumperbot_msgs' build argument 'cmake_target' from command line to 'None'
[0.538s] Level 5:colcon.colcon_core.verb:set package 'bumperbot_msgs' build argument 'cmake_target_skip_unavailable' from command line to 'False'
[0.538s] Level 5:colcon.colcon_core.verb:set package 'bumperbot_msgs' build argument 'cmake_clean_cache' from command line to 'False'
[0.538s] Level 5:colcon.colcon_core.verb:set package 'bumperbot_msgs' build argument 'cmake_clean_first' from command line to 'False'
[0.538s] Level 5:colcon.colcon_core.verb:set package 'bumperbot_msgs' build argument 'cmake_force_configure' from command line to 'False'
[0.538s] Level 5:colcon.colcon_core.verb:set package 'bumperbot_msgs' build argument 'ament_cmake_args' from command line to 'None'
[0.538s] Level 5:colcon.colcon_core.verb:set package 'bumperbot_msgs' build argument 'catkin_cmake_args' from command line to 'None'
[0.538s] Level 5:colcon.colcon_core.verb:set package 'bumperbot_msgs' build argument 'catkin_skip_building_tests' from command line to 'False'
[0.538s] DEBUG:colcon.colcon_core.verb:Building package 'bumperbot_msgs' with the following arguments: {'ament_cmake_args': None, 'build_base': '/home/eeiww/ud90uhak/bumperbot_ws/src/build/bumperbot_msgs', 'catkin_cmake_args': None, 'catkin_skip_building_tests': False, 'cmake_args': None, 'cmake_clean_cache': False, 'cmake_clean_first': False, 'cmake_force_configure': False, 'cmake_target': None, 'cmake_target_skip_unavailable': False, 'install_base': '/home/eeiww/ud90uhak/bumperbot_ws/src/install/bumperbot_msgs', 'merge_install': False, 'path': '/home/eeiww/ud90uhak/bumperbot_ws/src/bumperbot_msgs', 'symlink_install': False, 'test_result_base': None}
[0.538s] Level 5:colcon.colcon_core.verb:set package 'bumperbot_planning' build argument 'cmake_args' from command line to 'None'
[0.538s] Level 5:colcon.colcon_core.verb:set package 'bumperbot_planning' build argument 'cmake_target' from command line to 'None'
[0.538s] Level 5:colcon.colcon_core.verb:set package 'bumperbot_planning' build argument 'cmake_target_skip_unavailable' from command line to 'False'
[0.539s] Level 5:colcon.colcon_core.verb:set package 'bumperbot_planning' build argument 'cmake_clean_cache' from command line to 'False'
[0.539s] Level 5:colcon.colcon_core.verb:set package 'bumperbot_planning' build argument 'cmake_clean_first' from command line to 'False'
[0.539s] Level 5:colcon.colcon_core.verb:set package 'bumperbot_planning' build argument 'cmake_force_configure' from command line to 'False'
[0.539s] Level 5:colcon.colcon_core.verb:set package 'bumperbot_planning' build argument 'ament_cmake_args' from command line to 'None'
[0.539s] Level 5:colcon.colcon_core.verb:set package 'bumperbot_planning' build argument 'catkin_cmake_args' from command line to 'None'
[0.539s] Level 5:colcon.colcon_core.verb:set package 'bumperbot_planning' build argument 'catkin_skip_building_tests' from command line to 'False'
[0.539s] DEBUG:colcon.colcon_core.verb:Building package 'bumperbot_planning' with the following arguments: {'ament_cmake_args': None, 'build_base': '/home/eeiww/ud90uhak/bumperbot_ws/src/build/bumperbot_planning', 'catkin_cmake_args': None, 'catkin_skip_building_tests': False, 'cmake_args': None, 'cmake_clean_cache': False, 'cmake_clean_first': False, 'cmake_force_configure': False, 'cmake_target': None, 'cmake_target_skip_unavailable': False, 'install_base': '/home/eeiww/ud90uhak/bumperbot_ws/src/install/bumperbot_planning', 'merge_install': False, 'path': '/home/eeiww/ud90uhak/bumperbot_ws/src/bumperbot_planning', 'symlink_install': False, 'test_result_base': None}
[0.539s] Level 5:colcon.colcon_core.verb:set package 'bumperbot_utils' build argument 'cmake_args' from command line to 'None'
[0.539s] Level 5:colcon.colcon_core.verb:set package 'bumperbot_utils' build argument 'cmake_target' from command line to 'None'
[0.539s] Level 5:colcon.colcon_core.verb:set package 'bumperbot_utils' build argument 'cmake_target_skip_unavailable' from command line to 'False'
[0.539s] Level 5:colcon.colcon_core.verb:set package 'bumperbot_utils' build argument 'cmake_clean_cache' from command line to 'False'
[0.539s] Level 5:colcon.colcon_core.verb:set package 'bumperbot_utils' build argument 'cmake_clean_first' from command line to 'False'
[0.539s] Level 5:colcon.colcon_core.verb:set package 'bumperbot_utils' build argument 'cmake_force_configure' from command line to 'False'
[0.539s] Level 5:colcon.colcon_core.verb:set package 'bumperbot_utils' build argument 'ament_cmake_args' from command line to 'None'
[0.539s] Level 5:colcon.colcon_core.verb:set package 'bumperbot_utils' build argument 'catkin_cmake_args' from command line to 'None'
[0.539s] Level 5:colcon.colcon_core.verb:set package 'bumperbot_utils' build argument 'catkin_skip_building_tests' from command line to 'False'
[0.539s] DEBUG:colcon.colcon_core.verb:Building package 'bumperbot_utils' with the following arguments: {'ament_cmake_args': None, 'build_base': '/home/eeiww/ud90uhak/bumperbot_ws/src/build/bumperbot_utils', 'catkin_cmake_args': None, 'catkin_skip_building_tests': False, 'cmake_args': None, 'cmake_clean_cache': False, 'cmake_clean_first': False, 'cmake_force_configure': False, 'cmake_target': None, 'cmake_target_skip_unavailable': False, 'install_base': '/home/eeiww/ud90uhak/bumperbot_ws/src/install/bumperbot_utils', 'merge_install': False, 'path': '/home/eeiww/ud90uhak/bumperbot_ws/src/bumperbot_utils', 'symlink_install': False, 'test_result_base': None}
[0.539s] Level 5:colcon.colcon_core.verb:set package 'bumperbot_bringup' build argument 'cmake_args' from command line to 'None'
[0.539s] Level 5:colcon.colcon_core.verb:set package 'bumperbot_bringup' build argument 'cmake_target' from command line to 'None'
[0.539s] Level 5:colcon.colcon_core.verb:set package 'bumperbot_bringup' build argument 'cmake_target_skip_unavailable' from command line to 'False'
[0.539s] Level 5:colcon.colcon_core.verb:set package 'bumperbot_bringup' build argument 'cmake_clean_cache' from command line to 'False'
[0.539s] Level 5:colcon.colcon_core.verb:set package 'bumperbot_bringup' build argument 'cmake_clean_first' from command line to 'False'
[0.539s] Level 5:colcon.colcon_core.verb:set package 'bumperbot_bringup' build argument 'cmake_force_configure' from command line to 'False'
[0.539s] Level 5:colcon.colcon_core.verb:set package 'bumperbot_bringup' build argument 'ament_cmake_args' from command line to 'None'
[0.539s] Level 5:colcon.colcon_core.verb:set package 'bumperbot_bringup' build argument 'catkin_cmake_args' from command line to 'None'
[0.539s] Level 5:colcon.colcon_core.verb:set package 'bumperbot_bringup' build argument 'catkin_skip_building_tests' from command line to 'False'
[0.539s] DEBUG:colcon.colcon_core.verb:Building package 'bumperbot_bringup' with the following arguments: {'ament_cmake_args': None, 'build_base': '/home/eeiww/ud90uhak/bumperbot_ws/src/build/bumperbot_bringup', 'catkin_cmake_args': None, 'catkin_skip_building_tests': False, 'cmake_args': None, 'cmake_clean_cache': False, 'cmake_clean_first': False, 'cmake_force_configure': False, 'cmake_target': None, 'cmake_target_skip_unavailable': False, 'install_base': '/home/eeiww/ud90uhak/bumperbot_ws/src/install/bumperbot_bringup', 'merge_install': False, 'path': '/home/eeiww/ud90uhak/bumperbot_ws/src/bumperbot_bringup', 'symlink_install': False, 'test_result_base': None}
[0.540s] Level 5:colcon.colcon_core.verb:set package 'bumperbot_cpp_examples' build argument 'cmake_args' from command line to 'None'
[0.540s] Level 5:colcon.colcon_core.verb:set package 'bumperbot_cpp_examples' build argument 'cmake_target' from command line to 'None'
[0.540s] Level 5:colcon.colcon_core.verb:set package 'bumperbot_cpp_examples' build argument 'cmake_target_skip_unavailable' from command line to 'False'
[0.540s] Level 5:colcon.colcon_core.verb:set package 'bumperbot_cpp_examples' build argument 'cmake_clean_cache' from command line to 'False'
[0.540s] Level 5:colcon.colcon_core.verb:set package 'bumperbot_cpp_examples' build argument 'cmake_clean_first' from command line to 'False'
[0.540s] Level 5:colcon.colcon_core.verb:set package 'bumperbot_cpp_examples' build argument 'cmake_force_configure' from command line to 'False'
[0.540s] Level 5:colcon.colcon_core.verb:set package 'bumperbot_cpp_examples' build argument 'ament_cmake_args' from command line to 'None'
[0.540s] Level 5:colcon.colcon_core.verb:set package 'bumperbot_cpp_examples' build argument 'catkin_cmake_args' from command line to 'None'
[0.540s] Level 5:colcon.colcon_core.verb:set package 'bumperbot_cpp_examples' build argument 'catkin_skip_building_tests' from command line to 'False'
[0.540s] DEBUG:colcon.colcon_core.verb:Building package 'bumperbot_cpp_examples' with the following arguments: {'ament_cmake_args': None, 'build_base': '/home/eeiww/ud90uhak/bumperbot_ws/src/build/bumperbot_cpp_examples', 'catkin_cmake_args': None, 'catkin_skip_building_tests': False, 'cmake_args': None, 'cmake_clean_cache': False, 'cmake_clean_first': False, 'cmake_force_configure': False, 'cmake_target': None, 'cmake_target_skip_unavailable': False, 'install_base': '/home/eeiww/ud90uhak/bumperbot_ws/src/install/bumperbot_cpp_examples', 'merge_install': False, 'path': '/home/eeiww/ud90uhak/bumperbot_ws/src/bumperbot_cpp_examples', 'symlink_install': False, 'test_result_base': None}
[0.540s] Level 5:colcon.colcon_core.verb:set package 'bumperbot_navigation' build argument 'cmake_args' from command line to 'None'
[0.540s] Level 5:colcon.colcon_core.verb:set package 'bumperbot_navigation' build argument 'cmake_target' from command line to 'None'
[0.540s] Level 5:colcon.colcon_core.verb:set package 'bumperbot_navigation' build argument 'cmake_target_skip_unavailable' from command line to 'False'
[0.540s] Level 5:colcon.colcon_core.verb:set package 'bumperbot_navigation' build argument 'cmake_clean_cache' from command line to 'False'
[0.540s] Level 5:colcon.colcon_core.verb:set package 'bumperbot_navigation' build argument 'cmake_clean_first' from command line to 'False'
[0.540s] Level 5:colcon.colcon_core.verb:set package 'bumperbot_navigation' build argument 'cmake_force_configure' from command line to 'False'
[0.540s] Level 5:colcon.colcon_core.verb:set package 'bumperbot_navigation' build argument 'ament_cmake_args' from command line to 'None'
[0.540s] Level 5:colcon.colcon_core.verb:set package 'bumperbot_navigation' build argument 'catkin_cmake_args' from command line to 'None'
[0.540s] Level 5:colcon.colcon_core.verb:set package 'bumperbot_navigation' build argument 'catkin_skip_building_tests' from command line to 'False'
[0.540s] DEBUG:colcon.colcon_core.verb:Building package 'bumperbot_navigation' with the following arguments: {'ament_cmake_args': None, 'build_base': '/home/eeiww/ud90uhak/bumperbot_ws/src/build/bumperbot_navigation', 'catkin_cmake_args': None, 'catkin_skip_building_tests': False, 'cmake_args': None, 'cmake_clean_cache': False, 'cmake_clean_first': False, 'cmake_force_configure': False, 'cmake_target': None, 'cmake_target_skip_unavailable': False, 'install_base': '/home/eeiww/ud90uhak/bumperbot_ws/src/install/bumperbot_navigation', 'merge_install': False, 'path': '/home/eeiww/ud90uhak/bumperbot_ws/src/bumperbot_navigation', 'symlink_install': False, 'test_result_base': None}
[0.540s] Level 5:colcon.colcon_core.verb:set package 'bumperbot_py_examples' build argument 'cmake_args' from command line to 'None'
[0.540s] Level 5:colcon.colcon_core.verb:set package 'bumperbot_py_examples' build argument 'cmake_target' from command line to 'None'
[0.540s] Level 5:colcon.colcon_core.verb:set package 'bumperbot_py_examples' build argument 'cmake_target_skip_unavailable' from command line to 'False'
[0.540s] Level 5:colcon.colcon_core.verb:set package 'bumperbot_py_examples' build argument 'cmake_clean_cache' from command line to 'False'
[0.540s] Level 5:colcon.colcon_core.verb:set package 'bumperbot_py_examples' build argument 'cmake_clean_first' from command line to 'False'
[0.540s] Level 5:colcon.colcon_core.verb:set package 'bumperbot_py_examples' build argument 'cmake_force_configure' from command line to 'False'
[0.540s] Level 5:colcon.colcon_core.verb:set package 'bumperbot_py_examples' build argument 'ament_cmake_args' from command line to 'None'
[0.540s] Level 5:colcon.colcon_core.verb:set package 'bumperbot_py_examples' build argument 'catkin_cmake_args' from command line to 'None'
[0.540s] Level 5:colcon.colcon_core.verb:set package 'bumperbot_py_examples' build argument 'catkin_skip_building_tests' from command line to 'False'
[0.540s] DEBUG:colcon.colcon_core.verb:Building package 'bumperbot_py_examples' with the following arguments: {'ament_cmake_args': None, 'build_base': '/home/eeiww/ud90uhak/bumperbot_ws/src/build/bumperbot_py_examples', 'catkin_cmake_args': None, 'catkin_skip_building_tests': False, 'cmake_args': None, 'cmake_clean_cache': False, 'cmake_clean_first': False, 'cmake_force_configure': False, 'cmake_target': None, 'cmake_target_skip_unavailable': False, 'install_base': '/home/eeiww/ud90uhak/bumperbot_ws/src/install/bumperbot_py_examples', 'merge_install': False, 'path': '/home/eeiww/ud90uhak/bumperbot_ws/src/bumperbot_py_examples', 'symlink_install': False, 'test_result_base': None}
[0.541s] INFO:colcon.colcon_core.executor:Executing jobs using 'parallel' executor
[0.541s] DEBUG:colcon.colcon_parallel_executor.executor.parallel:run_until_complete
[0.541s] INFO:colcon.colcon_ros.task.ament_cmake.build:Building ROS package in '/home/eeiww/ud90uhak/bumperbot_ws/src/bumperbot_msgs' with build type 'ament_cmake'
[0.542s] INFO:colcon.colcon_cmake.task.cmake.build:Building CMake package in '/home/eeiww/ud90uhak/bumperbot_ws/src/bumperbot_msgs'
[0.545s] INFO:colcon.colcon_core.plugin_system:Skipping extension 'colcon_core.shell.bat': Not used on non-Windows systems
[0.545s] INFO:colcon.colcon_core.shell:Skip shell extension 'powershell' for command environment: Not usable outside of PowerShell
[0.545s] DEBUG:colcon.colcon_core.shell:Skip shell extension 'dsv' for command environment
[0.555s] INFO:colcon.colcon_ros.task.ament_cmake.build:Building ROS package in '/home/eeiww/ud90uhak/bumperbot_ws/src/bumperbot_controller' with build type 'ament_cmake'
[0.555s] INFO:colcon.colcon_cmake.task.cmake.build:Building CMake package in '/home/eeiww/ud90uhak/bumperbot_ws/src/bumperbot_controller'
[0.555s] INFO:colcon.colcon_core.shell:Skip shell extension 'powershell' for command environment: Not usable outside of PowerShell
[0.555s] DEBUG:colcon.colcon_core.shell:Skip shell extension 'dsv' for command environment
[0.562s] INFO:colcon.colcon_ros.task.ament_cmake.build:Building ROS package in '/home/eeiww/ud90uhak/bumperbot_ws/src/bumperbot_description' with build type 'ament_cmake'
[0.562s] INFO:colcon.colcon_cmake.task.cmake.build:Building CMake package in '/home/eeiww/ud90uhak/bumperbot_ws/src/bumperbot_description'
[0.562s] INFO:colcon.colcon_core.shell:Skip shell extension 'powershell' for command environment: Not usable outside of PowerShell
[0.562s] DEBUG:colcon.colcon_core.shell:Skip shell extension 'dsv' for command environment
[0.569s] INFO:colcon.colcon_ros.task.ament_cmake.build:Building ROS package in '/home/eeiww/ud90uhak/bumperbot_ws/src/bumperbot_firmware' with build type 'ament_cmake'
[0.569s] INFO:colcon.colcon_cmake.task.cmake.build:Building CMake package in '/home/eeiww/ud90uhak/bumperbot_ws/src/bumperbot_firmware'
[0.569s] INFO:colcon.colcon_core.shell:Skip shell extension 'powershell' for command environment: Not usable outside of PowerShell
[0.569s] DEBUG:colcon.colcon_core.shell:Skip shell extension 'dsv' for command environment
[0.576s] INFO:colcon.colcon_ros.task.ament_cmake.build:Building ROS package in '/home/eeiww/ud90uhak/bumperbot_ws/src/bumperbot_localization' with build type 'ament_cmake'
[0.576s] INFO:colcon.colcon_cmake.task.cmake.build:Building CMake package in '/home/eeiww/ud90uhak/bumperbot_ws/src/bumperbot_localization'
[0.576s] INFO:colcon.colcon_core.shell:Skip shell extension 'powershell' for command environment: Not usable outside of PowerShell
[0.576s] DEBUG:colcon.colcon_core.shell:Skip shell extension 'dsv' for command environment
[0.583s] INFO:colcon.colcon_ros.task.ament_cmake.build:Building ROS package in '/home/eeiww/ud90uhak/bumperbot_ws/src/bumperbot_mapping' with build type 'ament_cmake'
[0.583s] INFO:colcon.colcon_cmake.task.cmake.build:Building CMake package in '/home/eeiww/ud90uhak/bumperbot_ws/src/bumperbot_mapping'
[0.583s] INFO:colcon.colcon_core.shell:Skip shell extension 'powershell' for command environment: Not usable outside of PowerShell
[0.583s] DEBUG:colcon.colcon_core.shell:Skip shell extension 'dsv' for command environment
[0.590s] INFO:colcon.colcon_ros.task.ament_cmake.build:Building ROS package in '/home/eeiww/ud90uhak/bumperbot_ws/src/bumperbot_planning' with build type 'ament_cmake'
[0.590s] INFO:colcon.colcon_cmake.task.cmake.build:Building CMake package in '/home/eeiww/ud90uhak/bumperbot_ws/src/bumperbot_planning'
[0.590s] INFO:colcon.colcon_core.shell:Skip shell extension 'powershell' for command environment: Not usable outside of PowerShell
[0.590s] DEBUG:colcon.colcon_core.shell:Skip shell extension 'dsv' for command environment
[0.597s] INFO:colcon.colcon_ros.task.ament_cmake.build:Building ROS package in '/home/eeiww/ud90uhak/bumperbot_ws/src/bumperbot_motion' with build type 'ament_cmake'
[0.597s] INFO:colcon.colcon_cmake.task.cmake.build:Building CMake package in '/home/eeiww/ud90uhak/bumperbot_ws/src/bumperbot_motion'
[0.597s] INFO:colcon.colcon_core.shell:Skip shell extension 'powershell' for command environment: Not usable outside of PowerShell
[0.597s] DEBUG:colcon.colcon_core.shell:Skip shell extension 'dsv' for command environment
[0.644s] DEBUG:colcon.colcon_core.event_handler.log_command:Invoking command in '/home/eeiww/ud90uhak/bumperbot_ws/src/build/bumperbot_msgs': CMAKE_PREFIX_PATH=${CMAKE_PREFIX_PATH}:/opt/ros/jazzy DEBUGINFOD_URLS=https://debuginfod.ubuntu.com /usr/bin/cmake --build /home/eeiww/ud90uhak/bumperbot_ws/src/build/bumperbot_msgs -- -j8 -l8
[0.676s] DEBUG:colcon.colcon_core.event_handler.log_command:Invoking command in '/home/eeiww/ud90uhak/bumperbot_ws/src/build/bumperbot_controller': CMAKE_PREFIX_PATH=${CMAKE_PREFIX_PATH}:/opt/ros/jazzy DEBUGINFOD_URLS=https://debuginfod.ubuntu.com /usr/bin/cmake --build /home/eeiww/ud90uhak/bumperbot_ws/src/build/bumperbot_controller -- -j8 -l8
[0.699s] DEBUG:colcon.colcon_core.event_handler.log_command:Invoking command in '/home/eeiww/ud90uhak/bumperbot_ws/src/build/bumperbot_description': CMAKE_PREFIX_PATH=${CMAKE_PREFIX_PATH}:/opt/ros/jazzy DEBUGINFOD_URLS=https://debuginfod.ubuntu.com /usr/bin/cmake --build /home/eeiww/ud90uhak/bumperbot_ws/src/build/bumperbot_description -- -j8 -l8
[0.729s] DEBUG:colcon.colcon_core.event_handler.log_command:Invoking command in '/home/eeiww/ud90uhak/bumperbot_ws/src/build/bumperbot_firmware': CMAKE_PREFIX_PATH=${CMAKE_PREFIX_PATH}:/opt/ros/jazzy DEBUGINFOD_URLS=https://debuginfod.ubuntu.com /usr/bin/cmake --build /home/eeiww/ud90uhak/bumperbot_ws/src/build/bumperbot_firmware -- -j8 -l8
[0.772s] DEBUG:colcon.colcon_core.event_handler.log_command:Invoking command in '/home/eeiww/ud90uhak/bumperbot_ws/src/build/bumperbot_localization': CMAKE_PREFIX_PATH=${CMAKE_PREFIX_PATH}:/opt/ros/jazzy DEBUGINFOD_URLS=https://debuginfod.ubuntu.com /usr/bin/cmake --build /home/eeiww/ud90uhak/bumperbot_ws/src/build/bumperbot_localization -- -j8 -l8
[0.803s] DEBUG:colcon.colcon_core.event_handler.log_command:Invoking command in '/home/eeiww/ud90uhak/bumperbot_ws/src/build/bumperbot_mapping': CMAKE_PREFIX_PATH=${CMAKE_PREFIX_PATH}:/opt/ros/jazzy DEBUGINFOD_URLS=https://debuginfod.ubuntu.com /usr/bin/cmake --build /home/eeiww/ud90uhak/bumperbot_ws/src/build/bumperbot_mapping -- -j8 -l8
[0.831s] DEBUG:colcon.colcon_core.event_handler.log_command:Invoking command in '/home/eeiww/ud90uhak/bumperbot_ws/src/build/bumperbot_planning': CMAKE_PREFIX_PATH=${CMAKE_PREFIX_PATH}:/opt/ros/jazzy DEBUGINFOD_URLS=https://debuginfod.ubuntu.com /usr/bin/cmake --build /home/eeiww/ud90uhak/bumperbot_ws/src/build/bumperbot_planning -- -j8 -l8
[0.831s] DEBUG:colcon.colcon_core.event_handler.log_command:Invoked command in '/home/eeiww/ud90uhak/bumperbot_ws/src/build/bumperbot_description' returned '0': CMAKE_PREFIX_PATH=${CMAKE_PREFIX_PATH}:/opt/ros/jazzy DEBUGINFOD_URLS=https://debuginfod.ubuntu.com /usr/bin/cmake --build /home/eeiww/ud90uhak/bumperbot_ws/src/build/bumperbot_description -- -j8 -l8
[0.855s] DEBUG:colcon.colcon_core.event_handler.log_command:Invoking command in '/home/eeiww/ud90uhak/bumperbot_ws/src/build/bumperbot_description': CMAKE_PREFIX_PATH=${CMAKE_PREFIX_PATH}:/opt/ros/jazzy DEBUGINFOD_URLS=https://debuginfod.ubuntu.com /usr/bin/cmake --install /home/eeiww/ud90uhak/bumperbot_ws/src/build/bumperbot_description
[0.901s] DEBUG:colcon.colcon_core.event_handler.log_command:Invoking command in '/home/eeiww/ud90uhak/bumperbot_ws/src/build/bumperbot_motion': CMAKE_PREFIX_PATH=${CMAKE_PREFIX_PATH}:/opt/ros/jazzy DEBUGINFOD_URLS=https://debuginfod.ubuntu.com /usr/bin/cmake --build /home/eeiww/ud90uhak/bumperbot_ws/src/build/bumperbot_motion -- -j8 -l8
[1.459s] DEBUG:colcon.colcon_core.event_handler.log_command:Invoked command in '/home/eeiww/ud90uhak/bumperbot_ws/src/build/bumperbot_firmware' returned '0': CMAKE_PREFIX_PATH=${CMAKE_PREFIX_PATH}:/opt/ros/jazzy DEBUGINFOD_URLS=https://debuginfod.ubuntu.com /usr/bin/cmake --build /home/eeiww/ud90uhak/bumperbot_ws/src/build/bumperbot_firmware -- -j8 -l8
[1.483s] DEBUG:colcon.colcon_core.event_handler.log_command:Invoking command in '/home/eeiww/ud90uhak/bumperbot_ws/src/build/bumperbot_firmware': CMAKE_PREFIX_PATH=${CMAKE_PREFIX_PATH}:/opt/ros/jazzy DEBUGINFOD_URLS=https://debuginfod.ubuntu.com /usr/bin/cmake --install /home/eeiww/ud90uhak/bumperbot_ws/src/build/bumperbot_firmware
[1.502s] DEBUG:colcon.colcon_core.event_handler.log_command:Invoked command in '/home/eeiww/ud90uhak/bumperbot_ws/src/build/bumperbot_controller' returned '0': CMAKE_PREFIX_PATH=${CMAKE_PREFIX_PATH}:/opt/ros/jazzy DEBUGINFOD_URLS=https://debuginfod.ubuntu.com /usr/bin/cmake --build /home/eeiww/ud90uhak/bumperbot_ws/src/build/bumperbot_controller -- -j8 -l8
[1.509s] DEBUG:colcon.colcon_core.event_handler.log_command:Invoking command in '/home/eeiww/ud90uhak/bumperbot_ws/src/build/bumperbot_controller': CMAKE_PREFIX_PATH=${CMAKE_PREFIX_PATH}:/opt/ros/jazzy DEBUGINFOD_URLS=https://debuginfod.ubuntu.com /usr/bin/cmake --install /home/eeiww/ud90uhak/bumperbot_ws/src/build/bumperbot_controller
[1.516s] DEBUG:colcon.colcon_core.event_handler.log_command:Invoked command in '/home/eeiww/ud90uhak/bumperbot_ws/src/build/bumperbot_localization' returned '0': CMAKE_PREFIX_PATH=${CMAKE_PREFIX_PATH}:/opt/ros/jazzy DEBUGINFOD_URLS=https://debuginfod.ubuntu.com /usr/bin/cmake --build /home/eeiww/ud90uhak/bumperbot_ws/src/build/bumperbot_localization -- -j8 -l8
[1.545s] DEBUG:colcon.colcon_core.event_handler.log_command:Invoking command in '/home/eeiww/ud90uhak/bumperbot_ws/src/build/bumperbot_localization': CMAKE_PREFIX_PATH=${CMAKE_PREFIX_PATH}:/opt/ros/jazzy DEBUGINFOD_URLS=https://debuginfod.ubuntu.com /usr/bin/cmake --install /home/eeiww/ud90uhak/bumperbot_ws/src/build/bumperbot_localization
[1.579s] DEBUG:colcon.colcon_core.event_handler.log_command:Invoked command in '/home/eeiww/ud90uhak/bumperbot_ws/src/build/bumperbot_mapping' returned '0': CMAKE_PREFIX_PATH=${CMAKE_PREFIX_PATH}:/opt/ros/jazzy DEBUGINFOD_URLS=https://debuginfod.ubuntu.com /usr/bin/cmake --build /home/eeiww/ud90uhak/bumperbot_ws/src/build/bumperbot_mapping -- -j8 -l8
[1.587s] DEBUG:colcon.colcon_core.event_handler.log_command:Invoking command in '/home/eeiww/ud90uhak/bumperbot_ws/src/build/bumperbot_mapping': CMAKE_PREFIX_PATH=${CMAKE_PREFIX_PATH}:/opt/ros/jazzy DEBUGINFOD_URLS=https://debuginfod.ubuntu.com /usr/bin/cmake --install /home/eeiww/ud90uhak/bumperbot_ws/src/build/bumperbot_mapping
[1.678s] Level 1:colcon.colcon_core.environment:create_environment_scripts_only(bumperbot_firmware)
[1.680s] DEBUG:colcon.colcon_core.event_handler.log_command:Invoked command in '/home/eeiww/ud90uhak/bumperbot_ws/src/build/bumperbot_firmware' returned '0': CMAKE_PREFIX_PATH=${CMAKE_PREFIX_PATH}:/opt/ros/jazzy DEBUGINFOD_URLS=https://debuginfod.ubuntu.com /usr/bin/cmake --install /home/eeiww/ud90uhak/bumperbot_ws/src/build/bumperbot_firmware
[1.683s] Level 1:colcon.colcon_core.environment:checking '/home/eeiww/ud90uhak/bumperbot_ws/src/install/bumperbot_firmware' for CMake module files
[1.697s] Level 1:colcon.colcon_core.environment:checking '/home/eeiww/ud90uhak/bumperbot_ws/src/install/bumperbot_firmware' for CMake config files
[1.699s] Level 1:colcon.colcon_core.shell:create_environment_hook('bumperbot_firmware', 'cmake_prefix_path')
[1.699s] INFO:colcon.colcon_core.shell:Creating environment hook '/home/eeiww/ud90uhak/bumperbot_ws/src/install/bumperbot_firmware/share/bumperbot_firmware/hook/cmake_prefix_path.ps1'
[1.702s] INFO:colcon.colcon_core.shell:Creating environment descriptor '/home/eeiww/ud90uhak/bumperbot_ws/src/install/bumperbot_firmware/share/bumperbot_firmware/hook/cmake_prefix_path.dsv'
[1.705s] INFO:colcon.colcon_core.shell:Creating environment hook '/home/eeiww/ud90uhak/bumperbot_ws/src/install/bumperbot_firmware/share/bumperbot_firmware/hook/cmake_prefix_path.sh'
[1.709s] Level 1:colcon.colcon_core.environment:checking '/home/eeiww/ud90uhak/bumperbot_ws/src/install/bumperbot_firmware/lib'
[1.710s] Level 1:colcon.colcon_core.shell:create_environment_hook('bumperbot_firmware', 'ld_library_path_lib')
[1.710s] INFO:colcon.colcon_core.shell:Creating environment hook '/home/eeiww/ud90uhak/bumperbot_ws/src/install/bumperbot_firmware/share/bumperbot_firmware/hook/ld_library_path_lib.ps1'
[1.713s] INFO:colcon.colcon_core.shell:Creating environment descriptor '/home/eeiww/ud90uhak/bumperbot_ws/src/install/bumperbot_firmware/share/bumperbot_firmware/hook/ld_library_path_lib.dsv'
[1.716s] INFO:colcon.colcon_core.shell:Creating environment hook '/home/eeiww/ud90uhak/bumperbot_ws/src/install/bumperbot_firmware/share/bumperbot_firmware/hook/ld_library_path_lib.sh'
[1.719s] Level 1:colcon.colcon_core.environment:checking '/home/eeiww/ud90uhak/bumperbot_ws/src/install/bumperbot_firmware/bin'
[1.719s] Level 1:colcon.colcon_core.environment:checking '/home/eeiww/ud90uhak/bumperbot_ws/src/install/bumperbot_firmware/lib/pkgconfig/bumperbot_firmware.pc'
[1.720s] Level 1:colcon.colcon_core.environment:checking '/home/eeiww/ud90uhak/bumperbot_ws/src/install/bumperbot_firmware/lib/python3.12/site-packages'
[1.720s] Level 1:colcon.colcon_core.shell:create_environment_hook('bumperbot_firmware', 'pythonpath')
[1.720s] INFO:colcon.colcon_core.shell:Creating environment hook '/home/eeiww/ud90uhak/bumperbot_ws/src/install/bumperbot_firmware/share/bumperbot_firmware/hook/pythonpath.ps1'
[1.723s] INFO:colcon.colcon_core.shell:Creating environment descriptor '/home/eeiww/ud90uhak/bumperbot_ws/src/install/bumperbot_firmware/share/bumperbot_firmware/hook/pythonpath.dsv'
[1.725s] INFO:colcon.colcon_core.shell:Creating environment hook '/home/eeiww/ud90uhak/bumperbot_ws/src/install/bumperbot_firmware/share/bumperbot_firmware/hook/pythonpath.sh'
[1.727s] Level 1:colcon.colcon_core.environment:checking '/home/eeiww/ud90uhak/bumperbot_ws/src/install/bumperbot_firmware/bin'
[1.728s] INFO:colcon.colcon_core.shell:Creating package script '/home/eeiww/ud90uhak/bumperbot_ws/src/install/bumperbot_firmware/share/bumperbot_firmware/package.ps1'
[1.731s] INFO:colcon.colcon_core.shell:Creating package descriptor '/home/eeiww/ud90uhak/bumperbot_ws/src/install/bumperbot_firmware/share/bumperbot_firmware/package.dsv'
[1.733s] INFO:colcon.colcon_core.shell:Creating package script '/home/eeiww/ud90uhak/bumperbot_ws/src/install/bumperbot_firmware/share/bumperbot_firmware/package.sh'
[1.736s] INFO:colcon.colcon_core.shell:Creating package script '/home/eeiww/ud90uhak/bumperbot_ws/src/install/bumperbot_firmware/share/bumperbot_firmware/package.bash'
[1.738s] INFO:colcon.colcon_core.shell:Creating package script '/home/eeiww/ud90uhak/bumperbot_ws/src/install/bumperbot_firmware/share/bumperbot_firmware/package.zsh'
[1.741s] Level 1:colcon.colcon_core.environment:create_file_with_runtime_dependencies(/home/eeiww/ud90uhak/bumperbot_ws/src/install/bumperbot_firmware/share/colcon-core/packages/bumperbot_firmware)
[1.745s] Level 1:colcon.colcon_core.environment:create_environment_scripts_only(bumperbot_firmware)
[1.745s] Level 1:colcon.colcon_core.environment:checking '/home/eeiww/ud90uhak/bumperbot_ws/src/install/bumperbot_firmware' for CMake module files
[1.747s] Level 1:colcon.colcon_core.environment:checking '/home/eeiww/ud90uhak/bumperbot_ws/src/install/bumperbot_firmware' for CMake config files
[1.752s] Level 1:colcon.colcon_core.shell:create_environment_hook('bumperbot_firmware', 'cmake_prefix_path')
[1.752s] INFO:colcon.colcon_core.shell:Creating environment hook '/home/eeiww/ud90uhak/bumperbot_ws/src/install/bumperbot_firmware/share/bumperbot_firmware/hook/cmake_prefix_path.ps1'
[1.754s] INFO:colcon.colcon_core.shell:Creating environment descriptor '/home/eeiww/ud90uhak/bumperbot_ws/src/install/bumperbot_firmware/share/bumperbot_firmware/hook/cmake_prefix_path.dsv'
[1.756s] INFO:colcon.colcon_core.shell:Creating environment hook '/home/eeiww/ud90uhak/bumperbot_ws/src/install/bumperbot_firmware/share/bumperbot_firmware/hook/cmake_prefix_path.sh'
[1.759s] Level 1:colcon.colcon_core.environment:checking '/home/eeiww/ud90uhak/bumperbot_ws/src/install/bumperbot_firmware/lib'
[1.759s] Level 1:colcon.colcon_core.shell:create_environment_hook('bumperbot_firmware', 'ld_library_path_lib')
[1.759s] INFO:colcon.colcon_core.shell:Creating environment hook '/home/eeiww/ud90uhak/bumperbot_ws/src/install/bumperbot_firmware/share/bumperbot_firmware/hook/ld_library_path_lib.ps1'
[1.761s] INFO:colcon.colcon_core.shell:Creating environment descriptor '/home/eeiww/ud90uhak/bumperbot_ws/src/install/bumperbot_firmware/share/bumperbot_firmware/hook/ld_library_path_lib.dsv'
[1.763s] INFO:colcon.colcon_core.shell:Creating environment hook '/home/eeiww/ud90uhak/bumperbot_ws/src/install/bumperbot_firmware/share/bumperbot_firmware/hook/ld_library_path_lib.sh'
[1.766s] Level 1:colcon.colcon_core.environment:checking '/home/eeiww/ud90uhak/bumperbot_ws/src/install/bumperbot_firmware/bin'
[1.766s] Level 1:colcon.colcon_core.environment:checking '/home/eeiww/ud90uhak/bumperbot_ws/src/install/bumperbot_firmware/lib/pkgconfig/bumperbot_firmware.pc'
[1.766s] Level 1:colcon.colcon_core.environment:checking '/home/eeiww/ud90uhak/bumperbot_ws/src/install/bumperbot_firmware/lib/python3.12/site-packages'
[1.766s] Level 1:colcon.colcon_core.shell:create_environment_hook('bumperbot_firmware', 'pythonpath')
[1.766s] INFO:colcon.colcon_core.shell:Creating environment hook '/home/eeiww/ud90uhak/bumperbot_ws/src/install/bumperbot_firmware/share/bumperbot_firmware/hook/pythonpath.ps1'
[1.769s] INFO:colcon.colcon_core.shell:Creating environment descriptor '/home/eeiww/ud90uhak/bumperbot_ws/src/install/bumperbot_firmware/share/bumperbot_firmware/hook/pythonpath.dsv'
[1.771s] INFO:colcon.colcon_core.shell:Creating environment hook '/home/eeiww/ud90uhak/bumperbot_ws/src/install/bumperbot_firmware/share/bumperbot_firmware/hook/pythonpath.sh'
[1.773s] Level 1:colcon.colcon_core.environment:checking '/home/eeiww/ud90uhak/bumperbot_ws/src/install/bumperbot_firmware/bin'
[1.774s] INFO:colcon.colcon_core.shell:Creating package script '/home/eeiww/ud90uhak/bumperbot_ws/src/install/bumperbot_firmware/share/bumperbot_firmware/package.ps1'
[1.776s] INFO:colcon.colcon_core.shell:Creating package descriptor '/home/eeiww/ud90uhak/bumperbot_ws/src/install/bumperbot_firmware/share/bumperbot_firmware/package.dsv'
[1.779s] INFO:colcon.colcon_core.shell:Creating package script '/home/eeiww/ud90uhak/bumperbot_ws/src/install/bumperbot_firmware/share/bumperbot_firmware/package.sh'
[1.781s] INFO:colcon.colcon_core.shell:Creating package script '/home/eeiww/ud90uhak/bumperbot_ws/src/install/bumperbot_firmware/share/bumperbot_firmware/package.bash'
[1.783s] INFO:colcon.colcon_core.shell:Creating package script '/home/eeiww/ud90uhak/bumperbot_ws/src/install/bumperbot_firmware/share/bumperbot_firmware/package.zsh'
[1.786s] Level 1:colcon.colcon_core.environment:create_file_with_runtime_dependencies(/home/eeiww/ud90uhak/bumperbot_ws/src/install/bumperbot_firmware/share/colcon-core/packages/bumperbot_firmware)
[1.788s] INFO:colcon.colcon_ros.task.ament_cmake.build:Building ROS package in '/home/eeiww/ud90uhak/bumperbot_ws/src/bumperbot_utils' with build type 'ament_cmake'
[1.788s] INFO:colcon.colcon_cmake.task.cmake.build:Building CMake package in '/home/eeiww/ud90uhak/bumperbot_ws/src/bumperbot_utils'
[1.788s] INFO:colcon.colcon_core.shell:Skip shell extension 'powershell' for command environment: Not usable outside of PowerShell
[1.789s] DEBUG:colcon.colcon_core.shell:Skip shell extension 'dsv' for command environment
[1.811s] Level 1:colcon.colcon_core.environment:create_environment_scripts_only(bumperbot_controller)
[1.811s] Level 1:colcon.colcon_core.environment:checking '/home/eeiww/ud90uhak/bumperbot_ws/src/install/bumperbot_controller' for CMake module files
[1.814s] DEBUG:colcon.colcon_core.event_handler.log_command:Invoked command in '/home/eeiww/ud90uhak/bumperbot_ws/src/build/bumperbot_controller' returned '0': CMAKE_PREFIX_PATH=${CMAKE_PREFIX_PATH}:/opt/ros/jazzy DEBUGINFOD_URLS=https://debuginfod.ubuntu.com /usr/bin/cmake --install /home/eeiww/ud90uhak/bumperbot_ws/src/build/bumperbot_controller
[1.821s] Level 1:colcon.colcon_core.environment:checking '/home/eeiww/ud90uhak/bumperbot_ws/src/install/bumperbot_controller' for CMake config files
[1.829s] Level 1:colcon.colcon_core.shell:create_environment_hook('bumperbot_controller', 'cmake_prefix_path')
[1.829s] INFO:colcon.colcon_core.shell:Creating environment hook '/home/eeiww/ud90uhak/bumperbot_ws/src/install/bumperbot_controller/share/bumperbot_controller/hook/cmake_prefix_path.ps1'
[1.832s] INFO:colcon.colcon_core.shell:Creating environment descriptor '/home/eeiww/ud90uhak/bumperbot_ws/src/install/bumperbot_controller/share/bumperbot_controller/hook/cmake_prefix_path.dsv'
[1.835s] INFO:colcon.colcon_core.shell:Creating environment hook '/home/eeiww/ud90uhak/bumperbot_ws/src/install/bumperbot_controller/share/bumperbot_controller/hook/cmake_prefix_path.sh'
[1.838s] Level 1:colcon.colcon_core.environment:checking '/home/eeiww/ud90uhak/bumperbot_ws/src/install/bumperbot_controller/lib'
[1.839s] Level 1:colcon.colcon_core.environment:checking '/home/eeiww/ud90uhak/bumperbot_ws/src/install/bumperbot_controller/bin'
[1.840s] Level 1:colcon.colcon_core.environment:checking '/home/eeiww/ud90uhak/bumperbot_ws/src/install/bumperbot_controller/lib/pkgconfig/bumperbot_controller.pc'
[1.840s] Level 1:colcon.colcon_core.environment:checking '/home/eeiww/ud90uhak/bumperbot_ws/src/install/bumperbot_controller/lib/python3.12/site-packages'
[1.840s] Level 1:colcon.colcon_core.shell:create_environment_hook('bumperbot_controller', 'pythonpath')
[1.840s] INFO:colcon.colcon_core.shell:Creating environment hook '/home/eeiww/ud90uhak/bumperbot_ws/src/install/bumperbot_controller/share/bumperbot_controller/hook/pythonpath.ps1'
[1.843s] INFO:colcon.colcon_core.shell:Creating environment descriptor '/home/eeiww/ud90uhak/bumperbot_ws/src/install/bumperbot_controller/share/bumperbot_controller/hook/pythonpath.dsv'
[1.846s] INFO:colcon.colcon_core.shell:Creating environment hook '/home/eeiww/ud90uhak/bumperbot_ws/src/install/bumperbot_controller/share/bumperbot_controller/hook/pythonpath.sh'
[1.849s] Level 1:colcon.colcon_core.environment:checking '/home/eeiww/ud90uhak/bumperbot_ws/src/install/bumperbot_controller/bin'
[1.849s] INFO:colcon.colcon_core.shell:Creating package script '/home/eeiww/ud90uhak/bumperbot_ws/src/install/bumperbot_controller/share/bumperbot_controller/package.ps1'
[1.852s] INFO:colcon.colcon_core.shell:Creating package descriptor '/home/eeiww/ud90uhak/bumperbot_ws/src/install/bumperbot_controller/share/bumperbot_controller/package.dsv'
[1.854s] INFO:colcon.colcon_core.shell:Creating package script '/home/eeiww/ud90uhak/bumperbot_ws/src/install/bumperbot_controller/share/bumperbot_controller/package.sh'
[1.856s] INFO:colcon.colcon_core.shell:Creating package script '/home/eeiww/ud90uhak/bumperbot_ws/src/install/bumperbot_controller/share/bumperbot_controller/package.bash'
[1.859s] INFO:colcon.colcon_core.shell:Creating package script '/home/eeiww/ud90uhak/bumperbot_ws/src/install/bumperbot_controller/share/bumperbot_controller/package.zsh'
[1.860s] Level 1:colcon.colcon_core.environment:create_file_with_runtime_dependencies(/home/eeiww/ud90uhak/bumperbot_ws/src/install/bumperbot_controller/share/colcon-core/packages/bumperbot_controller)
[1.864s] Level 1:colcon.colcon_core.environment:create_environment_scripts_only(bumperbot_controller)
[1.864s] Level 1:colcon.colcon_core.environment:checking '/home/eeiww/ud90uhak/bumperbot_ws/src/install/bumperbot_controller' for CMake module files
[1.865s] Level 1:colcon.colcon_core.environment:checking '/home/eeiww/ud90uhak/bumperbot_ws/src/install/bumperbot_controller' for CMake config files
[1.871s] Level 1:colcon.colcon_core.shell:create_environment_hook('bumperbot_controller', 'cmake_prefix_path')
[1.871s] INFO:colcon.colcon_core.shell:Creating environment hook '/home/eeiww/ud90uhak/bumperbot_ws/src/install/bumperbot_controller/share/bumperbot_controller/hook/cmake_prefix_path.ps1'
[1.873s] INFO:colcon.colcon_core.shell:Creating environment descriptor '/home/eeiww/ud90uhak/bumperbot_ws/src/install/bumperbot_controller/share/bumperbot_controller/hook/cmake_prefix_path.dsv'
[1.875s] INFO:colcon.colcon_core.shell:Creating environment hook '/home/eeiww/ud90uhak/bumperbot_ws/src/install/bumperbot_controller/share/bumperbot_controller/hook/cmake_prefix_path.sh'
[1.878s] Level 1:colcon.colcon_core.environment:checking '/home/eeiww/ud90uhak/bumperbot_ws/src/install/bumperbot_controller/lib'
[1.878s] Level 1:colcon.colcon_core.environment:checking '/home/eeiww/ud90uhak/bumperbot_ws/src/install/bumperbot_controller/bin'
[1.878s] Level 1:colcon.colcon_core.environment:checking '/home/eeiww/ud90uhak/bumperbot_ws/src/install/bumperbot_controller/lib/pkgconfig/bumperbot_controller.pc'
[1.879s] Level 1:colcon.colcon_core.environment:checking '/home/eeiww/ud90uhak/bumperbot_ws/src/install/bumperbot_controller/lib/python3.12/site-packages'
[1.879s] Level 1:colcon.colcon_core.shell:create_environment_hook('bumperbot_controller', 'pythonpath')
[1.879s] INFO:colcon.colcon_core.shell:Creating environment hook '/home/eeiww/ud90uhak/bumperbot_ws/src/install/bumperbot_controller/share/bumperbot_controller/hook/pythonpath.ps1'
[1.881s] INFO:colcon.colcon_core.shell:Creating environment descriptor '/home/eeiww/ud90uhak/bumperbot_ws/src/install/bumperbot_controller/share/bumperbot_controller/hook/pythonpath.dsv'
[1.884s] INFO:colcon.colcon_core.shell:Creating environment hook '/home/eeiww/ud90uhak/bumperbot_ws/src/install/bumperbot_controller/share/bumperbot_controller/hook/pythonpath.sh'
[1.886s] Level 1:colcon.colcon_core.environment:checking '/home/eeiww/ud90uhak/bumperbot_ws/src/install/bumperbot_controller/bin'
[1.886s] INFO:colcon.colcon_core.shell:Creating package script '/home/eeiww/ud90uhak/bumperbot_ws/src/install/bumperbot_controller/share/bumperbot_controller/package.ps1'
[1.888s] INFO:colcon.colcon_core.shell:Creating package descriptor '/home/eeiww/ud90uhak/bumperbot_ws/src/install/bumperbot_controller/share/bumperbot_controller/package.dsv'
[1.891s] INFO:colcon.colcon_core.shell:Creating package script '/home/eeiww/ud90uhak/bumperbot_ws/src/install/bumperbot_controller/share/bumperbot_controller/package.sh'
[1.893s] INFO:colcon.colcon_core.shell:Creating package script '/home/eeiww/ud90uhak/bumperbot_ws/src/install/bumperbot_controller/share/bumperbot_controller/package.bash'
[1.895s] INFO:colcon.colcon_core.shell:Creating package script '/home/eeiww/ud90uhak/bumperbot_ws/src/install/bumperbot_controller/share/bumperbot_controller/package.zsh'
[1.898s] Level 1:colcon.colcon_core.environment:create_file_with_runtime_dependencies(/home/eeiww/ud90uhak/bumperbot_ws/src/install/bumperbot_controller/share/colcon-core/packages/bumperbot_controller)
[1.904s] DEBUG:colcon.colcon_core.event_handler.log_command:Invoked command in '/home/eeiww/ud90uhak/bumperbot_ws/src/build/bumperbot_msgs' returned '0': CMAKE_PREFIX_PATH=${CMAKE_PREFIX_PATH}:/opt/ros/jazzy DEBUGINFOD_URLS=https://debuginfod.ubuntu.com /usr/bin/cmake --build /home/eeiww/ud90uhak/bumperbot_ws/src/build/bumperbot_msgs -- -j8 -l8
[1.909s] DEBUG:colcon.colcon_core.event_handler.log_command:Invoking command in '/home/eeiww/ud90uhak/bumperbot_ws/src/build/bumperbot_msgs': CMAKE_PREFIX_PATH=${CMAKE_PREFIX_PATH}:/opt/ros/jazzy DEBUGINFOD_URLS=https://debuginfod.ubuntu.com /usr/bin/cmake --install /home/eeiww/ud90uhak/bumperbot_ws/src/build/bumperbot_msgs
[1.919s] Level 1:colcon.colcon_core.environment:create_environment_scripts_only(bumperbot_localization)
[1.920s] Level 1:colcon.colcon_core.environment:checking '/home/eeiww/ud90uhak/bumperbot_ws/src/install/bumperbot_localization' for CMake module files
[1.920s] DEBUG:colcon.colcon_core.event_handler.log_command:Invoked command in '/home/eeiww/ud90uhak/bumperbot_ws/src/build/bumperbot_localization' returned '0': CMAKE_PREFIX_PATH=${CMAKE_PREFIX_PATH}:/opt/ros/jazzy DEBUGINFOD_URLS=https://debuginfod.ubuntu.com /usr/bin/cmake --install /home/eeiww/ud90uhak/bumperbot_ws/src/build/bumperbot_localization
[1.926s] Level 1:colcon.colcon_core.environment:checking '/home/eeiww/ud90uhak/bumperbot_ws/src/install/bumperbot_localization' for CMake config files
[1.934s] Level 1:colcon.colcon_core.shell:create_environment_hook('bumperbot_localization', 'cmake_prefix_path')
[1.934s] INFO:colcon.colcon_core.shell:Creating environment hook '/home/eeiww/ud90uhak/bumperbot_ws/src/install/bumperbot_localization/share/bumperbot_localization/hook/cmake_prefix_path.ps1'
[1.937s] INFO:colcon.colcon_core.shell:Creating environment descriptor '/home/eeiww/ud90uhak/bumperbot_ws/src/install/bumperbot_localization/share/bumperbot_localization/hook/cmake_prefix_path.dsv'
[1.939s] INFO:colcon.colcon_core.shell:Creating environment hook '/home/eeiww/ud90uhak/bumperbot_ws/src/install/bumperbot_localization/share/bumperbot_localization/hook/cmake_prefix_path.sh'
[1.943s] Level 1:colcon.colcon_core.environment:checking '/home/eeiww/ud90uhak/bumperbot_ws/src/install/bumperbot_localization/lib'
[1.944s] Level 1:colcon.colcon_core.environment:checking '/home/eeiww/ud90uhak/bumperbot_ws/src/install/bumperbot_localization/bin'
[1.944s] Level 1:colcon.colcon_core.shell:create_environment_hook('bumperbot_localization', 'path')
[1.945s] INFO:colcon.colcon_core.shell:Creating environment hook '/home/eeiww/ud90uhak/bumperbot_ws/src/install/bumperbot_localization/share/bumperbot_localization/hook/path.ps1'
[1.947s] INFO:colcon.colcon_core.shell:Creating environment descriptor '/home/eeiww/ud90uhak/bumperbot_ws/src/install/bumperbot_localization/share/bumperbot_localization/hook/path.dsv'
[1.950s] INFO:colcon.colcon_core.shell:Creating environment hook '/home/eeiww/ud90uhak/bumperbot_ws/src/install/bumperbot_localization/share/bumperbot_localization/hook/path.sh'
[1.953s] Level 1:colcon.colcon_core.environment:checking '/home/eeiww/ud90uhak/bumperbot_ws/src/install/bumperbot_localization/lib/pkgconfig/bumperbot_localization.pc'
[1.954s] Level 1:colcon.colcon_core.environment:checking '/home/eeiww/ud90uhak/bumperbot_ws/src/install/bumperbot_localization/lib/python3.12/site-packages'
[1.954s] Level 1:colcon.colcon_core.shell:create_environment_hook('bumperbot_localization', 'pythonpath')
[1.954s] INFO:colcon.colcon_core.shell:Creating environment hook '/home/eeiww/ud90uhak/bumperbot_ws/src/install/bumperbot_localization/share/bumperbot_localization/hook/pythonpath.ps1'
[1.957s] INFO:colcon.colcon_core.shell:Creating environment descriptor '/home/eeiww/ud90uhak/bumperbot_ws/src/install/bumperbot_localization/share/bumperbot_localization/hook/pythonpath.dsv'
[1.959s] INFO:colcon.colcon_core.shell:Creating environment hook '/home/eeiww/ud90uhak/bumperbot_ws/src/install/bumperbot_localization/share/bumperbot_localization/hook/pythonpath.sh'
[1.962s] Level 1:colcon.colcon_core.environment:checking '/home/eeiww/ud90uhak/bumperbot_ws/src/install/bumperbot_localization/bin'
[1.962s] Level 1:colcon.colcon_core.shell:create_environment_hook('bumperbot_localization', 'pythonscriptspath')
[1.963s] INFO:colcon.colcon_core.shell:Creating environment hook '/home/eeiww/ud90uhak/bumperbot_ws/src/install/bumperbot_localization/share/bumperbot_localization/hook/pythonscriptspath.ps1'
[1.965s] INFO:colcon.colcon_core.shell:Creating environment descriptor '/home/eeiww/ud90uhak/bumperbot_ws/src/install/bumperbot_localization/share/bumperbot_localization/hook/pythonscriptspath.dsv'
[1.967s] INFO:colcon.colcon_core.shell:Creating environment hook '/home/eeiww/ud90uhak/bumperbot_ws/src/install/bumperbot_localization/share/bumperbot_localization/hook/pythonscriptspath.sh'
[1.970s] INFO:colcon.colcon_core.shell:Creating package script '/home/eeiww/ud90uhak/bumperbot_ws/src/install/bumperbot_localization/share/bumperbot_localization/package.ps1'
[1.973s] INFO:colcon.colcon_core.shell:Creating package descriptor '/home/eeiww/ud90uhak/bumperbot_ws/src/install/bumperbot_localization/share/bumperbot_localization/package.dsv'
[1.975s] INFO:colcon.colcon_core.shell:Creating package script '/home/eeiww/ud90uhak/bumperbot_ws/src/install/bumperbot_localization/share/bumperbot_localization/package.sh'
[1.978s] INFO:colcon.colcon_core.shell:Creating package script '/home/eeiww/ud90uhak/bumperbot_ws/src/install/bumperbot_localization/share/bumperbot_localization/package.bash'
[1.981s] INFO:colcon.colcon_core.shell:Creating package script '/home/eeiww/ud90uhak/bumperbot_ws/src/install/bumperbot_localization/share/bumperbot_localization/package.zsh'
[1.983s] Level 1:colcon.colcon_core.environment:create_file_with_runtime_dependencies(/home/eeiww/ud90uhak/bumperbot_ws/src/install/bumperbot_localization/share/colcon-core/packages/bumperbot_localization)
[1.987s] Level 1:colcon.colcon_core.environment:create_environment_scripts_only(bumperbot_localization)
[1.987s] Level 1:colcon.colcon_core.environment:checking '/home/eeiww/ud90uhak/bumperbot_ws/src/install/bumperbot_localization' for CMake module files
[1.989s] Level 1:colcon.colcon_core.environment:checking '/home/eeiww/ud90uhak/bumperbot_ws/src/install/bumperbot_localization' for CMake config files
[1.995s] Level 1:colcon.colcon_core.shell:create_environment_hook('bumperbot_localization', 'cmake_prefix_path')
[1.995s] INFO:colcon.colcon_core.shell:Creating environment hook '/home/eeiww/ud90uhak/bumperbot_ws/src/install/bumperbot_localization/share/bumperbot_localization/hook/cmake_prefix_path.ps1'
[1.998s] INFO:colcon.colcon_core.shell:Creating environment descriptor '/home/eeiww/ud90uhak/bumperbot_ws/src/install/bumperbot_localization/share/bumperbot_localization/hook/cmake_prefix_path.dsv'
[1.999s] INFO:colcon.colcon_core.shell:Creating environment hook '/home/eeiww/ud90uhak/bumperbot_ws/src/install/bumperbot_localization/share/bumperbot_localization/hook/cmake_prefix_path.sh'
[2.002s] Level 1:colcon.colcon_core.environment:checking '/home/eeiww/ud90uhak/bumperbot_ws/src/install/bumperbot_localization/lib'
[2.003s] Level 1:colcon.colcon_core.environment:checking '/home/eeiww/ud90uhak/bumperbot_ws/src/install/bumperbot_localization/bin'
[2.003s] Level 1:colcon.colcon_core.shell:create_environment_hook('bumperbot_localization', 'path')
[2.003s] INFO:colcon.colcon_core.shell:Creating environment hook '/home/eeiww/ud90uhak/bumperbot_ws/src/install/bumperbot_localization/share/bumperbot_localization/hook/path.ps1'
[2.005s] INFO:colcon.colcon_core.shell:Creating environment descriptor '/home/eeiww/ud90uhak/bumperbot_ws/src/install/bumperbot_localization/share/bumperbot_localization/hook/path.dsv'
[2.007s] INFO:colcon.colcon_core.shell:Creating environment hook '/home/eeiww/ud90uhak/bumperbot_ws/src/install/bumperbot_localization/share/bumperbot_localization/hook/path.sh'
[2.009s] Level 1:colcon.colcon_core.environment:checking '/home/eeiww/ud90uhak/bumperbot_ws/src/install/bumperbot_localization/lib/pkgconfig/bumperbot_localization.pc'
[2.010s] Level 1:colcon.colcon_core.environment:checking '/home/eeiww/ud90uhak/bumperbot_ws/src/install/bumperbot_localization/lib/python3.12/site-packages'
[2.010s] Level 1:colcon.colcon_core.shell:create_environment_hook('bumperbot_localization', 'pythonpath')
[2.010s] INFO:colcon.colcon_core.shell:Creating environment hook '/home/eeiww/ud90uhak/bumperbot_ws/src/install/bumperbot_localization/share/bumperbot_localization/hook/pythonpath.ps1'
[2.013s] INFO:colcon.colcon_core.shell:Creating environment descriptor '/home/eeiww/ud90uhak/bumperbot_ws/src/install/bumperbot_localization/share/bumperbot_localization/hook/pythonpath.dsv'
[2.015s] INFO:colcon.colcon_core.shell:Creating environment hook '/home/eeiww/ud90uhak/bumperbot_ws/src/install/bumperbot_localization/share/bumperbot_localization/hook/pythonpath.sh'
[2.017s] Level 1:colcon.colcon_core.environment:checking '/home/eeiww/ud90uhak/bumperbot_ws/src/install/bumperbot_localization/bin'
[2.018s] Level 1:colcon.colcon_core.shell:create_environment_hook('bumperbot_localization', 'pythonscriptspath')
[2.018s] INFO:colcon.colcon_core.shell:Creating environment hook '/home/eeiww/ud90uhak/bumperbot_ws/src/install/bumperbot_localization/share/bumperbot_localization/hook/pythonscriptspath.ps1'
[2.021s] INFO:colcon.colcon_core.shell:Creating environment descriptor '/home/eeiww/ud90uhak/bumperbot_ws/src/install/bumperbot_localization/share/bumperbot_localization/hook/pythonscriptspath.dsv'
[2.023s] INFO:colcon.colcon_core.shell:Creating environment hook '/home/eeiww/ud90uhak/bumperbot_ws/src/install/bumperbot_localization/share/bumperbot_localization/hook/pythonscriptspath.sh'
[2.026s] INFO:colcon.colcon_core.shell:Creating package script '/home/eeiww/ud90uhak/bumperbot_ws/src/install/bumperbot_localization/share/bumperbot_localization/package.ps1'
[2.029s] INFO:colcon.colcon_core.shell:Creating package descriptor '/home/eeiww/ud90uhak/bumperbot_ws/src/install/bumperbot_localization/share/bumperbot_localization/package.dsv'
[2.031s] INFO:colcon.colcon_core.shell:Creating package script '/home/eeiww/ud90uhak/bumperbot_ws/src/install/bumperbot_localization/share/bumperbot_localization/package.sh'
[2.034s] INFO:colcon.colcon_core.shell:Creating package script '/home/eeiww/ud90uhak/bumperbot_ws/src/install/bumperbot_localization/share/bumperbot_localization/package.bash'
[2.036s] INFO:colcon.colcon_core.shell:Creating package script '/home/eeiww/ud90uhak/bumperbot_ws/src/install/bumperbot_localization/share/bumperbot_localization/package.zsh'
[2.038s] Level 1:colcon.colcon_core.environment:create_file_with_runtime_dependencies(/home/eeiww/ud90uhak/bumperbot_ws/src/install/bumperbot_localization/share/colcon-core/packages/bumperbot_localization)
[2.041s] Level 1:colcon.colcon_core.environment:create_environment_scripts_only(bumperbot_mapping)
[2.041s] Level 1:colcon.colcon_core.environment:checking '/home/eeiww/ud90uhak/bumperbot_ws/src/install/bumperbot_mapping' for CMake module files
[2.046s] DEBUG:colcon.colcon_core.event_handler.log_command:Invoked command in '/home/eeiww/ud90uhak/bumperbot_ws/src/build/bumperbot_mapping' returned '0': CMAKE_PREFIX_PATH=${CMAKE_PREFIX_PATH}:/opt/ros/jazzy DEBUGINFOD_URLS=https://debuginfod.ubuntu.com /usr/bin/cmake --install /home/eeiww/ud90uhak/bumperbot_ws/src/build/bumperbot_mapping
[2.047s] Level 1:colcon.colcon_core.environment:checking '/home/eeiww/ud90uhak/bumperbot_ws/src/install/bumperbot_mapping' for CMake config files
[2.050s] Level 1:colcon.colcon_core.shell:create_environment_hook('bumperbot_mapping', 'cmake_prefix_path')
[2.050s] INFO:colcon.colcon_core.shell:Creating environment hook '/home/eeiww/ud90uhak/bumperbot_ws/src/install/bumperbot_mapping/share/bumperbot_mapping/hook/cmake_prefix_path.ps1'
[2.053s] INFO:colcon.colcon_core.shell:Creating environment descriptor '/home/eeiww/ud90uhak/bumperbot_ws/src/install/bumperbot_mapping/share/bumperbot_mapping/hook/cmake_prefix_path.dsv'
[2.056s] INFO:colcon.colcon_core.shell:Creating environment hook '/home/eeiww/ud90uhak/bumperbot_ws/src/install/bumperbot_mapping/share/bumperbot_mapping/hook/cmake_prefix_path.sh'
[2.059s] Level 1:colcon.colcon_core.environment:checking '/home/eeiww/ud90uhak/bumperbot_ws/src/install/bumperbot_mapping/lib'
[2.060s] Level 1:colcon.colcon_core.environment:checking '/home/eeiww/ud90uhak/bumperbot_ws/src/install/bumperbot_mapping/bin'
[2.060s] Level 1:colcon.colcon_core.environment:checking '/home/eeiww/ud90uhak/bumperbot_ws/src/install/bumperbot_mapping/lib/pkgconfig/bumperbot_mapping.pc'
[2.060s] Level 1:colcon.colcon_core.environment:checking '/home/eeiww/ud90uhak/bumperbot_ws/src/install/bumperbot_mapping/lib/python3.12/site-packages'
[2.061s] Level 1:colcon.colcon_core.shell:create_environment_hook('bumperbot_mapping', 'pythonpath')
[2.061s] INFO:colcon.colcon_core.shell:Creating environment hook '/home/eeiww/ud90uhak/bumperbot_ws/src/install/bumperbot_mapping/share/bumperbot_mapping/hook/pythonpath.ps1'
[2.063s] INFO:colcon.colcon_core.shell:Creating environment descriptor '/home/eeiww/ud90uhak/bumperbot_ws/src/install/bumperbot_mapping/share/bumperbot_mapping/hook/pythonpath.dsv'
[2.066s] INFO:colcon.colcon_core.shell:Creating environment hook '/home/eeiww/ud90uhak/bumperbot_ws/src/install/bumperbot_mapping/share/bumperbot_mapping/hook/pythonpath.sh'
[2.069s] Level 1:colcon.colcon_core.environment:checking '/home/eeiww/ud90uhak/bumperbot_ws/src/install/bumperbot_mapping/bin'
[2.069s] INFO:colcon.colcon_core.shell:Creating package script '/home/eeiww/ud90uhak/bumperbot_ws/src/install/bumperbot_mapping/share/bumperbot_mapping/package.ps1'
[2.072s] INFO:colcon.colcon_core.shell:Creating package descriptor '/home/eeiww/ud90uhak/bumperbot_ws/src/install/bumperbot_mapping/share/bumperbot_mapping/package.dsv'
[2.074s] INFO:colcon.colcon_core.shell:Creating package script '/home/eeiww/ud90uhak/bumperbot_ws/src/install/bumperbot_mapping/share/bumperbot_mapping/package.sh'
[2.076s] INFO:colcon.colcon_core.shell:Creating package script '/home/eeiww/ud90uhak/bumperbot_ws/src/install/bumperbot_mapping/share/bumperbot_mapping/package.bash'
[2.078s] INFO:colcon.colcon_core.shell:Creating package script '/home/eeiww/ud90uhak/bumperbot_ws/src/install/bumperbot_mapping/share/bumperbot_mapping/package.zsh'
[2.080s] Level 1:colcon.colcon_core.environment:create_file_with_runtime_dependencies(/home/eeiww/ud90uhak/bumperbot_ws/src/install/bumperbot_mapping/share/colcon-core/packages/bumperbot_mapping)
[2.084s] Level 1:colcon.colcon_core.environment:create_environment_scripts_only(bumperbot_mapping)
[2.085s] Level 1:colcon.colcon_core.environment:checking '/home/eeiww/ud90uhak/bumperbot_ws/src/install/bumperbot_mapping' for CMake module files
[2.086s] Level 1:colcon.colcon_core.environment:checking '/home/eeiww/ud90uhak/bumperbot_ws/src/install/bumperbot_mapping' for CMake config files
[2.089s] Level 1:colcon.colcon_core.shell:create_environment_hook('bumperbot_mapping', 'cmake_prefix_path')
[2.089s] INFO:colcon.colcon_core.shell:Creating environment hook '/home/eeiww/ud90uhak/bumperbot_ws/src/install/bumperbot_mapping/share/bumperbot_mapping/hook/cmake_prefix_path.ps1'
[2.091s] INFO:colcon.colcon_core.shell:Creating environment descriptor '/home/eeiww/ud90uhak/bumperbot_ws/src/install/bumperbot_mapping/share/bumperbot_mapping/hook/cmake_prefix_path.dsv'
[2.093s] INFO:colcon.colcon_core.shell:Creating environment hook '/home/eeiww/ud90uhak/bumperbot_ws/src/install/bumperbot_mapping/share/bumperbot_mapping/hook/cmake_prefix_path.sh'
[2.096s] Level 1:colcon.colcon_core.environment:checking '/home/eeiww/ud90uhak/bumperbot_ws/src/install/bumperbot_mapping/lib'
[2.096s] Level 1:colcon.colcon_core.environment:checking '/home/eeiww/ud90uhak/bumperbot_ws/src/install/bumperbot_mapping/bin'
[2.096s] Level 1:colcon.colcon_core.environment:checking '/home/eeiww/ud90uhak/bumperbot_ws/src/install/bumperbot_mapping/lib/pkgconfig/bumperbot_mapping.pc'
[2.097s] Level 1:colcon.colcon_core.environment:checking '/home/eeiww/ud90uhak/bumperbot_ws/src/install/bumperbot_mapping/lib/python3.12/site-packages'
[2.097s] Level 1:colcon.colcon_core.shell:create_environment_hook('bumperbot_mapping', 'pythonpath')
[2.097s] INFO:colcon.colcon_core.shell:Creating environment hook '/home/eeiww/ud90uhak/bumperbot_ws/src/install/bumperbot_mapping/share/bumperbot_mapping/hook/pythonpath.ps1'
[2.099s] INFO:colcon.colcon_core.shell:Creating environment descriptor '/home/eeiww/ud90uhak/bumperbot_ws/src/install/bumperbot_mapping/share/bumperbot_mapping/hook/pythonpath.dsv'
[2.101s] INFO:colcon.colcon_core.shell:Creating environment hook '/home/eeiww/ud90uhak/bumperbot_ws/src/install/bumperbot_mapping/share/bumperbot_mapping/hook/pythonpath.sh'
[2.104s] Level 1:colcon.colcon_core.environment:checking '/home/eeiww/ud90uhak/bumperbot_ws/src/install/bumperbot_mapping/bin'
[2.104s] INFO:colcon.colcon_core.shell:Creating package script '/home/eeiww/ud90uhak/bumperbot_ws/src/install/bumperbot_mapping/share/bumperbot_mapping/package.ps1'
[2.107s] INFO:colcon.colcon_core.shell:Creating package descriptor '/home/eeiww/ud90uhak/bumperbot_ws/src/install/bumperbot_mapping/share/bumperbot_mapping/package.dsv'
[2.109s] INFO:colcon.colcon_core.shell:Creating package script '/home/eeiww/ud90uhak/bumperbot_ws/src/install/bumperbot_mapping/share/bumperbot_mapping/package.sh'
[2.112s] INFO:colcon.colcon_core.shell:Creating package script '/home/eeiww/ud90uhak/bumperbot_ws/src/install/bumperbot_mapping/share/bumperbot_mapping/package.bash'
[2.114s] INFO:colcon.colcon_core.shell:Creating package script '/home/eeiww/ud90uhak/bumperbot_ws/src/install/bumperbot_mapping/share/bumperbot_mapping/package.zsh'
[2.117s] Level 1:colcon.colcon_core.environment:create_file_with_runtime_dependencies(/home/eeiww/ud90uhak/bumperbot_ws/src/install/bumperbot_mapping/share/colcon-core/packages/bumperbot_mapping)
[2.141s] DEBUG:colcon.colcon_core.event_handler.log_command:Invoking command in '/home/eeiww/ud90uhak/bumperbot_ws/src/build/bumperbot_utils': CMAKE_PREFIX_PATH=${CMAKE_PREFIX_PATH}:/opt/ros/jazzy DEBUGINFOD_URLS=https://debuginfod.ubuntu.com /usr/bin/cmake --build /home/eeiww/ud90uhak/bumperbot_ws/src/build/bumperbot_utils -- -j8 -l8
[2.508s] Level 1:colcon.colcon_core.environment:create_environment_scripts_only(bumperbot_msgs)
[2.508s] DEBUG:colcon.colcon_core.event_handler.log_command:Invoked command in '/home/eeiww/ud90uhak/bumperbot_ws/src/build/bumperbot_msgs' returned '0': CMAKE_PREFIX_PATH=${CMAKE_PREFIX_PATH}:/opt/ros/jazzy DEBUGINFOD_URLS=https://debuginfod.ubuntu.com /usr/bin/cmake --install /home/eeiww/ud90uhak/bumperbot_ws/src/build/bumperbot_msgs
[2.508s] Level 1:colcon.colcon_core.environment:checking '/home/eeiww/ud90uhak/bumperbot_ws/src/install/bumperbot_msgs' for CMake module files
[2.519s] Level 1:colcon.colcon_core.environment:checking '/home/eeiww/ud90uhak/bumperbot_ws/src/install/bumperbot_msgs' for CMake config files
[2.522s] Level 1:colcon.colcon_core.shell:create_environment_hook('bumperbot_msgs', 'cmake_prefix_path')
[2.522s] INFO:colcon.colcon_core.shell:Creating environment hook '/home/eeiww/ud90uhak/bumperbot_ws/src/install/bumperbot_msgs/share/bumperbot_msgs/hook/cmake_prefix_path.ps1'
[2.525s] INFO:colcon.colcon_core.shell:Creating environment descriptor '/home/eeiww/ud90uhak/bumperbot_ws/src/install/bumperbot_msgs/share/bumperbot_msgs/hook/cmake_prefix_path.dsv'
[2.528s] INFO:colcon.colcon_core.shell:Creating environment hook '/home/eeiww/ud90uhak/bumperbot_ws/src/install/bumperbot_msgs/share/bumperbot_msgs/hook/cmake_prefix_path.sh'
[2.531s] Level 1:colcon.colcon_core.environment:checking '/home/eeiww/ud90uhak/bumperbot_ws/src/install/bumperbot_msgs/lib'
[2.533s] Level 1:colcon.colcon_core.shell:create_environment_hook('bumperbot_msgs', 'ld_library_path_lib')
[2.533s] INFO:colcon.colcon_core.shell:Creating environment hook '/home/eeiww/ud90uhak/bumperbot_ws/src/install/bumperbot_msgs/share/bumperbot_msgs/hook/ld_library_path_lib.ps1'
[2.536s] INFO:colcon.colcon_core.shell:Creating environment descriptor '/home/eeiww/ud90uhak/bumperbot_ws/src/install/bumperbot_msgs/share/bumperbot_msgs/hook/ld_library_path_lib.dsv'
[2.538s] INFO:colcon.colcon_core.shell:Creating environment hook '/home/eeiww/ud90uhak/bumperbot_ws/src/install/bumperbot_msgs/share/bumperbot_msgs/hook/ld_library_path_lib.sh'
[2.541s] Level 1:colcon.colcon_core.environment:checking '/home/eeiww/ud90uhak/bumperbot_ws/src/install/bumperbot_msgs/bin'
[2.542s] Level 1:colcon.colcon_core.environment:checking '/home/eeiww/ud90uhak/bumperbot_ws/src/install/bumperbot_msgs/lib/pkgconfig/bumperbot_msgs.pc'
[2.542s] Level 1:colcon.colcon_core.environment:checking '/home/eeiww/ud90uhak/bumperbot_ws/src/install/bumperbot_msgs/lib/python3.12/site-packages'
[2.542s] Level 1:colcon.colcon_core.shell:create_environment_hook('bumperbot_msgs', 'pythonpath')
[2.543s] INFO:colcon.colcon_core.shell:Creating environment hook '/home/eeiww/ud90uhak/bumperbot_ws/src/install/bumperbot_msgs/share/bumperbot_msgs/hook/pythonpath.ps1'
[2.545s] INFO:colcon.colcon_core.shell:Creating environment descriptor '/home/eeiww/ud90uhak/bumperbot_ws/src/install/bumperbot_msgs/share/bumperbot_msgs/hook/pythonpath.dsv'
[2.548s] INFO:colcon.colcon_core.shell:Creating environment hook '/home/eeiww/ud90uhak/bumperbot_ws/src/install/bumperbot_msgs/share/bumperbot_msgs/hook/pythonpath.sh'
[2.551s] Level 1:colcon.colcon_core.environment:checking '/home/eeiww/ud90uhak/bumperbot_ws/src/install/bumperbot_msgs/bin'
[2.551s] INFO:colcon.colcon_core.shell:Creating package script '/home/eeiww/ud90uhak/bumperbot_ws/src/install/bumperbot_msgs/share/bumperbot_msgs/package.ps1'
[2.554s] INFO:colcon.colcon_core.shell:Creating package descriptor '/home/eeiww/ud90uhak/bumperbot_ws/src/install/bumperbot_msgs/share/bumperbot_msgs/package.dsv'
[2.557s] INFO:colcon.colcon_core.shell:Creating package script '/home/eeiww/ud90uhak/bumperbot_ws/src/install/bumperbot_msgs/share/bumperbot_msgs/package.sh'
[2.560s] INFO:colcon.colcon_core.shell:Creating package script '/home/eeiww/ud90uhak/bumperbot_ws/src/install/bumperbot_msgs/share/bumperbot_msgs/package.bash'
[2.562s] INFO:colcon.colcon_core.shell:Creating package script '/home/eeiww/ud90uhak/bumperbot_ws/src/install/bumperbot_msgs/share/bumperbot_msgs/package.zsh'
[2.564s] Level 1:colcon.colcon_core.environment:create_file_with_runtime_dependencies(/home/eeiww/ud90uhak/bumperbot_ws/src/install/bumperbot_msgs/share/colcon-core/packages/bumperbot_msgs)
[2.569s] Level 1:colcon.colcon_core.environment:create_environment_scripts_only(bumperbot_msgs)
[2.569s] Level 1:colcon.colcon_core.environment:checking '/home/eeiww/ud90uhak/bumperbot_ws/src/install/bumperbot_msgs' for CMake module files
[2.571s] Level 1:colcon.colcon_core.environment:checking '/home/eeiww/ud90uhak/bumperbot_ws/src/install/bumperbot_msgs' for CMake config files
[2.573s] Level 1:colcon.colcon_core.shell:create_environment_hook('bumperbot_msgs', 'cmake_prefix_path')
[2.573s] INFO:colcon.colcon_core.shell:Creating environment hook '/home/eeiww/ud90uhak/bumperbot_ws/src/install/bumperbot_msgs/share/bumperbot_msgs/hook/cmake_prefix_path.ps1'
[2.575s] INFO:colcon.colcon_core.shell:Creating environment descriptor '/home/eeiww/ud90uhak/bumperbot_ws/src/install/bumperbot_msgs/share/bumperbot_msgs/hook/cmake_prefix_path.dsv'
[2.578s] INFO:colcon.colcon_core.shell:Creating environment hook '/home/eeiww/ud90uhak/bumperbot_ws/src/install/bumperbot_msgs/share/bumperbot_msgs/hook/cmake_prefix_path.sh'
[2.581s] Level 1:colcon.colcon_core.environment:checking '/home/eeiww/ud90uhak/bumperbot_ws/src/install/bumperbot_msgs/lib'
[2.581s] Level 1:colcon.colcon_core.shell:create_environment_hook('bumperbot_msgs', 'ld_library_path_lib')
[2.582s] INFO:colcon.colcon_core.shell:Creating environment hook '/home/eeiww/ud90uhak/bumperbot_ws/src/install/bumperbot_msgs/share/bumperbot_msgs/hook/ld_library_path_lib.ps1'
[2.584s] INFO:colcon.colcon_core.shell:Creating environment descriptor '/home/eeiww/ud90uhak/bumperbot_ws/src/install/bumperbot_msgs/share/bumperbot_msgs/hook/ld_library_path_lib.dsv'
[2.586s] INFO:colcon.colcon_core.shell:Creating environment hook '/home/eeiww/ud90uhak/bumperbot_ws/src/install/bumperbot_msgs/share/bumperbot_msgs/hook/ld_library_path_lib.sh'
[2.589s] Level 1:colcon.colcon_core.environment:checking '/home/eeiww/ud90uhak/bumperbot_ws/src/install/bumperbot_msgs/bin'
[2.589s] Level 1:colcon.colcon_core.environment:checking '/home/eeiww/ud90uhak/bumperbot_ws/src/install/bumperbot_msgs/lib/pkgconfig/bumperbot_msgs.pc'
[2.589s] Level 1:colcon.colcon_core.environment:checking '/home/eeiww/ud90uhak/bumperbot_ws/src/install/bumperbot_msgs/lib/python3.12/site-packages'
[2.589s] Level 1:colcon.colcon_core.shell:create_environment_hook('bumperbot_msgs', 'pythonpath')
[2.589s] INFO:colcon.colcon_core.shell:Creating environment hook '/home/eeiww/ud90uhak/bumperbot_ws/src/install/bumperbot_msgs/share/bumperbot_msgs/hook/pythonpath.ps1'
[2.592s] INFO:colcon.colcon_core.shell:Creating environment descriptor '/home/eeiww/ud90uhak/bumperbot_ws/src/install/bumperbot_msgs/share/bumperbot_msgs/hook/pythonpath.dsv'
[2.594s] INFO:colcon.colcon_core.shell:Creating environment hook '/home/eeiww/ud90uhak/bumperbot_ws/src/install/bumperbot_msgs/share/bumperbot_msgs/hook/pythonpath.sh'
[2.596s] Level 1:colcon.colcon_core.environment:checking '/home/eeiww/ud90uhak/bumperbot_ws/src/install/bumperbot_msgs/bin'
[2.597s] INFO:colcon.colcon_core.shell:Creating package script '/home/eeiww/ud90uhak/bumperbot_ws/src/install/bumperbot_msgs/share/bumperbot_msgs/package.ps1'
[2.599s] INFO:colcon.colcon_core.shell:Creating package descriptor '/home/eeiww/ud90uhak/bumperbot_ws/src/install/bumperbot_msgs/share/bumperbot_msgs/package.dsv'
[2.602s] INFO:colcon.colcon_core.shell:Creating package script '/home/eeiww/ud90uhak/bumperbot_ws/src/install/bumperbot_msgs/share/bumperbot_msgs/package.sh'
[2.604s] INFO:colcon.colcon_core.shell:Creating package script '/home/eeiww/ud90uhak/bumperbot_ws/src/install/bumperbot_msgs/share/bumperbot_msgs/package.bash'
[2.606s] INFO:colcon.colcon_core.shell:Creating package script '/home/eeiww/ud90uhak/bumperbot_ws/src/install/bumperbot_msgs/share/bumperbot_msgs/package.zsh'
[2.609s] Level 1:colcon.colcon_core.environment:create_file_with_runtime_dependencies(/home/eeiww/ud90uhak/bumperbot_ws/src/install/bumperbot_msgs/share/colcon-core/packages/bumperbot_msgs)
[2.611s] INFO:colcon.colcon_ros.task.ament_cmake.build:Building ROS package in '/home/eeiww/ud90uhak/bumperbot_ws/src/bumperbot_cpp_examples' with build type 'ament_cmake'
[2.611s] INFO:colcon.colcon_cmake.task.cmake.build:Building CMake package in '/home/eeiww/ud90uhak/bumperbot_ws/src/bumperbot_cpp_examples'
[2.611s] INFO:colcon.colcon_core.shell:Skip shell extension 'powershell' for command environment: Not usable outside of PowerShell
[2.611s] DEBUG:colcon.colcon_core.shell:Skip shell extension 'dsv' for command environment
[2.634s] INFO:colcon.colcon_ros.task.ament_python.build:Building ROS package in '/home/eeiww/ud90uhak/bumperbot_ws/src/bumperbot_py_examples' with build type 'ament_python'
[2.634s] Level 1:colcon.colcon_core.shell:create_environment_hook('bumperbot_py_examples', 'ament_prefix_path')
[2.634s] INFO:colcon.colcon_core.shell:Creating environment hook '/home/eeiww/ud90uhak/bumperbot_ws/src/install/bumperbot_py_examples/share/bumperbot_py_examples/hook/ament_prefix_path.ps1'
[2.640s] INFO:colcon.colcon_core.shell:Creating environment descriptor '/home/eeiww/ud90uhak/bumperbot_ws/src/install/bumperbot_py_examples/share/bumperbot_py_examples/hook/ament_prefix_path.dsv'
[2.643s] INFO:colcon.colcon_core.shell:Creating environment hook '/home/eeiww/ud90uhak/bumperbot_ws/src/install/bumperbot_py_examples/share/bumperbot_py_examples/hook/ament_prefix_path.sh'
[2.645s] INFO:colcon.colcon_core.shell:Skip shell extension 'powershell' for command environment: Not usable outside of PowerShell
[2.646s] DEBUG:colcon.colcon_core.shell:Skip shell extension 'dsv' for command environment
[2.691s] DEBUG:colcon.colcon_core.event_handler.log_command:Invoking command in '/home/eeiww/ud90uhak/bumperbot_ws/src/build/bumperbot_cpp_examples': AMENT_PREFIX_PATH=/home/eeiww/ud90uhak/bumperbot_ws/src/install/bumperbot_msgs:${AMENT_PREFIX_PATH} CMAKE_PREFIX_PATH=/home/eeiww/ud90uhak/bumperbot_ws/src/install/bumperbot_msgs:/opt/ros/jazzy/opt/gz_sim_vendor:/opt/ros/jazzy/opt/gz_sensors_vendor:/opt/ros/jazzy/opt/gz_physics_vendor:/opt/ros/jazzy/opt/sdformat_vendor:/opt/ros/jazzy/opt/gz_gui_vendor:/opt/ros/jazzy/opt/gz_transport_vendor:/opt/ros/jazzy/opt/gz_rendering_vendor:/opt/ros/jazzy/opt/gz_plugin_vendor:/opt/ros/jazzy/opt/gz_fuel_tools_vendor:/opt/ros/jazzy/opt/gz_msgs_vendor:/opt/ros/jazzy/opt/gz_common_vendor:/opt/ros/jazzy/opt/gz_math_vendor:/opt/ros/jazzy/opt/gz_utils_vendor:/opt/ros/jazzy/opt/gz_tools_vendor:/opt/ros/jazzy/opt/gz_ogre_next_vendor:/opt/ros/jazzy/opt/gz_dartsim_vendor:/opt/ros/jazzy/opt/gz_cmake_vendor:/opt/ros/jazzy DEBUGINFOD_URLS=https://debuginfod.ubuntu.com LD_LIBRARY_PATH=/home/eeiww/ud90uhak/bumperbot_ws/src/install/bumperbot_msgs/lib:${LD_LIBRARY_PATH} PYTHONPATH=/home/eeiww/ud90uhak/bumperbot_ws/src/install/bumperbot_msgs/lib/python3.12/site-packages:${PYTHONPATH} /usr/bin/cmake --build /home/eeiww/ud90uhak/bumperbot_ws/src/build/bumperbot_cpp_examples -- -j8 -l8
[2.985s] INFO:colcon.colcon_core.task.python.build:Building Python package in '/home/eeiww/ud90uhak/bumperbot_ws/src/bumperbot_py_examples'
[2.985s] INFO:colcon.colcon_core.shell:Skip shell extension 'powershell' for command environment: Not usable outside of PowerShell
[2.985s] DEBUG:colcon.colcon_core.shell:Skip shell extension 'dsv' for command environment
[2.998s] DEBUG:colcon.colcon_core.event_handler.log_command:Invoked command in '/home/eeiww/ud90uhak/bumperbot_ws/src/build/bumperbot_utils' returned '0': CMAKE_PREFIX_PATH=${CMAKE_PREFIX_PATH}:/opt/ros/jazzy DEBUGINFOD_URLS=https://debuginfod.ubuntu.com /usr/bin/cmake --build /home/eeiww/ud90uhak/bumperbot_ws/src/build/bumperbot_utils -- -j8 -l8
[3.026s] DEBUG:colcon.colcon_core.event_handler.log_command:Invoking command in '/home/eeiww/ud90uhak/bumperbot_ws/src/build/bumperbot_utils': CMAKE_PREFIX_PATH=${CMAKE_PREFIX_PATH}:/opt/ros/jazzy DEBUGINFOD_URLS=https://debuginfod.ubuntu.com /usr/bin/cmake --install /home/eeiww/ud90uhak/bumperbot_ws/src/build/bumperbot_utils
[3.029s] DEBUG:colcon.colcon_core.event_handler.log_command:Invoked command in '/home/eeiww/ud90uhak/bumperbot_ws/src/build/bumperbot_cpp_examples' returned '0': AMENT_PREFIX_PATH=/home/eeiww/ud90uhak/bumperbot_ws/src/install/bumperbot_msgs:${AMENT_PREFIX_PATH} CMAKE_PREFIX_PATH=/home/eeiww/ud90uhak/bumperbot_ws/src/install/bumperbot_msgs:/opt/ros/jazzy/opt/gz_sim_vendor:/opt/ros/jazzy/opt/gz_sensors_vendor:/opt/ros/jazzy/opt/gz_physics_vendor:/opt/ros/jazzy/opt/sdformat_vendor:/opt/ros/jazzy/opt/gz_gui_vendor:/opt/ros/jazzy/opt/gz_transport_vendor:/opt/ros/jazzy/opt/gz_rendering_vendor:/opt/ros/jazzy/opt/gz_plugin_vendor:/opt/ros/jazzy/opt/gz_fuel_tools_vendor:/opt/ros/jazzy/opt/gz_msgs_vendor:/opt/ros/jazzy/opt/gz_common_vendor:/opt/ros/jazzy/opt/gz_math_vendor:/opt/ros/jazzy/opt/gz_utils_vendor:/opt/ros/jazzy/opt/gz_tools_vendor:/opt/ros/jazzy/opt/gz_ogre_next_vendor:/opt/ros/jazzy/opt/gz_dartsim_vendor:/opt/ros/jazzy/opt/gz_cmake_vendor:/opt/ros/jazzy DEBUGINFOD_URLS=https://debuginfod.ubuntu.com LD_LIBRARY_PATH=/home/eeiww/ud90uhak/bumperbot_ws/src/install/bumperbot_msgs/lib:${LD_LIBRARY_PATH} PYTHONPATH=/home/eeiww/ud90uhak/bumperbot_ws/src/install/bumperbot_msgs/lib/python3.12/site-packages:${PYTHONPATH} /usr/bin/cmake --build /home/eeiww/ud90uhak/bumperbot_ws/src/build/bumperbot_cpp_examples -- -j8 -l8
[3.052s] DEBUG:colcon.colcon_core.event_handler.log_command:Invoking command in '/home/eeiww/ud90uhak/bumperbot_ws/src/build/bumperbot_cpp_examples': AMENT_PREFIX_PATH=/home/eeiww/ud90uhak/bumperbot_ws/src/install/bumperbot_msgs:${AMENT_PREFIX_PATH} CMAKE_PREFIX_PATH=/home/eeiww/ud90uhak/bumperbot_ws/src/install/bumperbot_msgs:/opt/ros/jazzy/opt/gz_sim_vendor:/opt/ros/jazzy/opt/gz_sensors_vendor:/opt/ros/jazzy/opt/gz_physics_vendor:/opt/ros/jazzy/opt/sdformat_vendor:/opt/ros/jazzy/opt/gz_gui_vendor:/opt/ros/jazzy/opt/gz_transport_vendor:/opt/ros/jazzy/opt/gz_rendering_vendor:/opt/ros/jazzy/opt/gz_plugin_vendor:/opt/ros/jazzy/opt/gz_fuel_tools_vendor:/opt/ros/jazzy/opt/gz_msgs_vendor:/opt/ros/jazzy/opt/gz_common_vendor:/opt/ros/jazzy/opt/gz_math_vendor:/opt/ros/jazzy/opt/gz_utils_vendor:/opt/ros/jazzy/opt/gz_tools_vendor:/opt/ros/jazzy/opt/gz_ogre_next_vendor:/opt/ros/jazzy/opt/gz_dartsim_vendor:/opt/ros/jazzy/opt/gz_cmake_vendor:/opt/ros/jazzy DEBUGINFOD_URLS=https://debuginfod.ubuntu.com LD_LIBRARY_PATH=/home/eeiww/ud90uhak/bumperbot_ws/src/install/bumperbot_msgs/lib:${LD_LIBRARY_PATH} PYTHONPATH=/home/eeiww/ud90uhak/bumperbot_ws/src/install/bumperbot_msgs/lib/python3.12/site-packages:${PYTHONPATH} /usr/bin/cmake --install /home/eeiww/ud90uhak/bumperbot_ws/src/build/bumperbot_cpp_examples
[3.055s] Level 1:colcon.colcon_core.environment:create_environment_scripts_only(bumperbot_description)
[3.056s] Level 1:colcon.colcon_core.environment:checking '/home/eeiww/ud90uhak/bumperbot_ws/src/install/bumperbot_description' for CMake module files
[3.056s] DEBUG:colcon.colcon_core.event_handler.log_command:Invoked command in '/home/eeiww/ud90uhak/bumperbot_ws/src/build/bumperbot_description' returned '0': CMAKE_PREFIX_PATH=${CMAKE_PREFIX_PATH}:/opt/ros/jazzy DEBUGINFOD_URLS=https://debuginfod.ubuntu.com /usr/bin/cmake --install /home/eeiww/ud90uhak/bumperbot_ws/src/build/bumperbot_description
[3.060s] Level 1:colcon.colcon_core.environment:checking '/home/eeiww/ud90uhak/bumperbot_ws/src/install/bumperbot_description' for CMake config files
[3.065s] Level 1:colcon.colcon_core.shell:create_environment_hook('bumperbot_description', 'cmake_prefix_path')
[3.065s] INFO:colcon.colcon_core.shell:Creating environment hook '/home/eeiww/ud90uhak/bumperbot_ws/src/install/bumperbot_description/share/bumperbot_description/hook/cmake_prefix_path.ps1'
[3.068s] INFO:colcon.colcon_core.shell:Creating environment descriptor '/home/eeiww/ud90uhak/bumperbot_ws/src/install/bumperbot_description/share/bumperbot_description/hook/cmake_prefix_path.dsv'
[3.070s] INFO:colcon.colcon_core.shell:Creating environment hook '/home/eeiww/ud90uhak/bumperbot_ws/src/install/bumperbot_description/share/bumperbot_description/hook/cmake_prefix_path.sh'
[3.073s] Level 1:colcon.colcon_core.environment:checking '/home/eeiww/ud90uhak/bumperbot_ws/src/install/bumperbot_description/bin'
[3.074s] Level 1:colcon.colcon_core.environment:checking '/home/eeiww/ud90uhak/bumperbot_ws/src/install/bumperbot_description/lib/pkgconfig/bumperbot_description.pc'
[3.074s] Level 1:colcon.colcon_core.environment:checking '/home/eeiww/ud90uhak/bumperbot_ws/src/install/bumperbot_description/lib/python3.12/site-packages'
[3.074s] Level 1:colcon.colcon_core.environment:checking '/home/eeiww/ud90uhak/bumperbot_ws/src/install/bumperbot_description/bin'
[3.074s] INFO:colcon.colcon_core.shell:Creating package script '/home/eeiww/ud90uhak/bumperbot_ws/src/install/bumperbot_description/share/bumperbot_description/package.ps1'
[3.077s] INFO:colcon.colcon_core.shell:Creating package descriptor '/home/eeiww/ud90uhak/bumperbot_ws/src/install/bumperbot_description/share/bumperbot_description/package.dsv'
[3.079s] INFO:colcon.colcon_core.shell:Creating package script '/home/eeiww/ud90uhak/bumperbot_ws/src/install/bumperbot_description/share/bumperbot_description/package.sh'
[3.081s] INFO:colcon.colcon_core.shell:Creating package script '/home/eeiww/ud90uhak/bumperbot_ws/src/install/bumperbot_description/share/bumperbot_description/package.bash'
[3.083s] INFO:colcon.colcon_core.shell:Creating package script '/home/eeiww/ud90uhak/bumperbot_ws/src/install/bumperbot_description/share/bumperbot_description/package.zsh'
[3.085s] Level 1:colcon.colcon_core.environment:create_file_with_runtime_dependencies(/home/eeiww/ud90uhak/bumperbot_ws/src/install/bumperbot_description/share/colcon-core/packages/bumperbot_description)
[3.089s] Level 1:colcon.colcon_core.environment:create_environment_scripts_only(bumperbot_description)
[3.089s] Level 1:colcon.colcon_core.environment:checking '/home/eeiww/ud90uhak/bumperbot_ws/src/install/bumperbot_description' for CMake module files
[3.091s] Level 1:colcon.colcon_core.environment:checking '/home/eeiww/ud90uhak/bumperbot_ws/src/install/bumperbot_description' for CMake config files
[3.094s] Level 1:colcon.colcon_core.shell:create_environment_hook('bumperbot_description', 'cmake_prefix_path')
[3.094s] INFO:colcon.colcon_core.shell:Creating environment hook '/home/eeiww/ud90uhak/bumperbot_ws/src/install/bumperbot_description/share/bumperbot_description/hook/cmake_prefix_path.ps1'
[3.097s] INFO:colcon.colcon_core.shell:Creating environment descriptor '/home/eeiww/ud90uhak/bumperbot_ws/src/install/bumperbot_description/share/bumperbot_description/hook/cmake_prefix_path.dsv'
[3.099s] INFO:colcon.colcon_core.shell:Creating environment hook '/home/eeiww/ud90uhak/bumperbot_ws/src/install/bumperbot_description/share/bumperbot_description/hook/cmake_prefix_path.sh'
[3.101s] Level 1:colcon.colcon_core.environment:checking '/home/eeiww/ud90uhak/bumperbot_ws/src/install/bumperbot_description/bin'
[3.101s] Level 1:colcon.colcon_core.environment:checking '/home/eeiww/ud90uhak/bumperbot_ws/src/install/bumperbot_description/lib/pkgconfig/bumperbot_description.pc'
[3.102s] Level 1:colcon.colcon_core.environment:checking '/home/eeiww/ud90uhak/bumperbot_ws/src/install/bumperbot_description/lib/python3.12/site-packages'
[3.102s] Level 1:colcon.colcon_core.environment:checking '/home/eeiww/ud90uhak/bumperbot_ws/src/install/bumperbot_description/bin'
[3.102s] INFO:colcon.colcon_core.shell:Creating package script '/home/eeiww/ud90uhak/bumperbot_ws/src/install/bumperbot_description/share/bumperbot_description/package.ps1'
[3.105s] INFO:colcon.colcon_core.shell:Creating package descriptor '/home/eeiww/ud90uhak/bumperbot_ws/src/install/bumperbot_description/share/bumperbot_description/package.dsv'
[3.107s] INFO:colcon.colcon_core.shell:Creating package script '/home/eeiww/ud90uhak/bumperbot_ws/src/install/bumperbot_description/share/bumperbot_description/package.sh'
[3.109s] INFO:colcon.colcon_core.shell:Creating package script '/home/eeiww/ud90uhak/bumperbot_ws/src/install/bumperbot_description/share/bumperbot_description/package.bash'
[3.112s] INFO:colcon.colcon_core.shell:Creating package script '/home/eeiww/ud90uhak/bumperbot_ws/src/install/bumperbot_description/share/bumperbot_description/package.zsh'
[3.114s] Level 1:colcon.colcon_core.environment:create_file_with_runtime_dependencies(/home/eeiww/ud90uhak/bumperbot_ws/src/install/bumperbot_description/share/colcon-core/packages/bumperbot_description)
[3.116s] INFO:colcon.colcon_ros.task.ament_cmake.build:Building ROS package in '/home/eeiww/ud90uhak/bumperbot_ws/src/bumperbot_bringup' with build type 'ament_cmake'
[3.117s] INFO:colcon.colcon_cmake.task.cmake.build:Building CMake package in '/home/eeiww/ud90uhak/bumperbot_ws/src/bumperbot_bringup'
[3.117s] INFO:colcon.colcon_core.shell:Skip shell extension 'powershell' for command environment: Not usable outside of PowerShell
[3.117s] DEBUG:colcon.colcon_core.shell:Skip shell extension 'dsv' for command environment
[3.208s] DEBUG:colcon.colcon_core.event_handler.log_command:Invoking command in '/home/eeiww/ud90uhak/bumperbot_ws/src/build/bumperbot_bringup': AMENT_PREFIX_PATH=/home/eeiww/ud90uhak/bumperbot_ws/src/install/bumperbot_mapping:/home/eeiww/ud90uhak/bumperbot_ws/src/install/bumperbot_localization:/home/eeiww/ud90uhak/bumperbot_ws/src/install/bumperbot_firmware:/home/eeiww/ud90uhak/bumperbot_ws/src/install/bumperbot_description:/home/eeiww/ud90uhak/bumperbot_ws/src/install/bumperbot_controller:${AMENT_PREFIX_PATH} CMAKE_PREFIX_PATH=/home/eeiww/ud90uhak/bumperbot_ws/src/install/bumperbot_mapping:/home/eeiww/ud90uhak/bumperbot_ws/src/install/bumperbot_localization:/home/eeiww/ud90uhak/bumperbot_ws/src/install/bumperbot_firmware:/home/eeiww/ud90uhak/bumperbot_ws/src/install/bumperbot_description:/home/eeiww/ud90uhak/bumperbot_ws/src/install/bumperbot_controller:/opt/ros/jazzy/opt/gz_sim_vendor:/opt/ros/jazzy/opt/gz_sensors_vendor:/opt/ros/jazzy/opt/gz_physics_vendor:/opt/ros/jazzy/opt/sdformat_vendor:/opt/ros/jazzy/opt/gz_gui_vendor:/opt/ros/jazzy/opt/gz_transport_vendor:/opt/ros/jazzy/opt/gz_rendering_vendor:/opt/ros/jazzy/opt/gz_plugin_vendor:/opt/ros/jazzy/opt/gz_fuel_tools_vendor:/opt/ros/jazzy/opt/gz_msgs_vendor:/opt/ros/jazzy/opt/gz_common_vendor:/opt/ros/jazzy/opt/gz_math_vendor:/opt/ros/jazzy/opt/gz_utils_vendor:/opt/ros/jazzy/opt/gz_tools_vendor:/opt/ros/jazzy/opt/gz_ogre_next_vendor:/opt/ros/jazzy/opt/gz_dartsim_vendor:/opt/ros/jazzy/opt/gz_cmake_vendor:/opt/ros/jazzy DEBUGINFOD_URLS=https://debuginfod.ubuntu.com LD_LIBRARY_PATH=/home/eeiww/ud90uhak/bumperbot_ws/src/install/bumperbot_firmware/lib:${LD_LIBRARY_PATH} PATH=/home/eeiww/ud90uhak/bumperbot_ws/src/install/bumperbot_localization/bin:${PATH} PYTHONPATH=/home/eeiww/ud90uhak/bumperbot_ws/src/install/bumperbot_mapping/lib/python3.12/site-packages:/home/eeiww/ud90uhak/bumperbot_ws/src/install/bumperbot_localization/lib/python3.12/site-packages:/home/eeiww/ud90uhak/bumperbot_ws/src/install/bumperbot_firmware/lib/python3.12/site-packages:/home/eeiww/ud90uhak/bumperbot_ws/src/install/bumperbot_controller/lib/python3.12/site-packages:${PYTHONPATH} /usr/bin/cmake --build /home/eeiww/ud90uhak/bumperbot_ws/src/build/bumperbot_bringup -- -j8 -l8
[3.210s] Level 1:colcon.colcon_core.environment:create_environment_scripts_only(bumperbot_utils)
[3.210s] Level 1:colcon.colcon_core.environment:checking '/home/eeiww/ud90uhak/bumperbot_ws/src/install/bumperbot_utils' for CMake module files
[3.211s] DEBUG:colcon.colcon_core.event_handler.log_command:Invoked command in '/home/eeiww/ud90uhak/bumperbot_ws/src/build/bumperbot_utils' returned '0': CMAKE_PREFIX_PATH=${CMAKE_PREFIX_PATH}:/opt/ros/jazzy DEBUGINFOD_URLS=https://debuginfod.ubuntu.com /usr/bin/cmake --install /home/eeiww/ud90uhak/bumperbot_ws/src/build/bumperbot_utils
[3.217s] Level 1:colcon.colcon_core.environment:checking '/home/eeiww/ud90uhak/bumperbot_ws/src/install/bumperbot_utils' for CMake config files
[3.221s] Level 1:colcon.colcon_core.shell:create_environment_hook('bumperbot_utils', 'cmake_prefix_path')
[3.222s] INFO:colcon.colcon_core.shell:Creating environment hook '/home/eeiww/ud90uhak/bumperbot_ws/src/install/bumperbot_utils/share/bumperbot_utils/hook/cmake_prefix_path.ps1'
[3.224s] INFO:colcon.colcon_core.shell:Creating environment descriptor '/home/eeiww/ud90uhak/bumperbot_ws/src/install/bumperbot_utils/share/bumperbot_utils/hook/cmake_prefix_path.dsv'
[3.227s] INFO:colcon.colcon_core.shell:Creating environment hook '/home/eeiww/ud90uhak/bumperbot_ws/src/install/bumperbot_utils/share/bumperbot_utils/hook/cmake_prefix_path.sh'
[3.230s] Level 1:colcon.colcon_core.environment:checking '/home/eeiww/ud90uhak/bumperbot_ws/src/install/bumperbot_utils/lib'
[3.231s] Level 1:colcon.colcon_core.environment:checking '/home/eeiww/ud90uhak/bumperbot_ws/src/install/bumperbot_utils/bin'
[3.231s] Level 1:colcon.colcon_core.environment:checking '/home/eeiww/ud90uhak/bumperbot_ws/src/install/bumperbot_utils/lib/pkgconfig/bumperbot_utils.pc'
[3.232s] Level 1:colcon.colcon_core.environment:checking '/home/eeiww/ud90uhak/bumperbot_ws/src/install/bumperbot_utils/lib/python3.12/site-packages'
[3.232s] Level 1:colcon.colcon_core.shell:create_environment_hook('bumperbot_utils', 'pythonpath')
[3.232s] INFO:colcon.colcon_core.shell:Creating environment hook '/home/eeiww/ud90uhak/bumperbot_ws/src/install/bumperbot_utils/share/bumperbot_utils/hook/pythonpath.ps1'
[3.234s] INFO:colcon.colcon_core.shell:Creating environment descriptor '/home/eeiww/ud90uhak/bumperbot_ws/src/install/bumperbot_utils/share/bumperbot_utils/hook/pythonpath.dsv'
[3.237s] INFO:colcon.colcon_core.shell:Creating environment hook '/home/eeiww/ud90uhak/bumperbot_ws/src/install/bumperbot_utils/share/bumperbot_utils/hook/pythonpath.sh'
[3.239s] Level 1:colcon.colcon_core.environment:checking '/home/eeiww/ud90uhak/bumperbot_ws/src/install/bumperbot_utils/bin'
[3.239s] INFO:colcon.colcon_core.shell:Creating package script '/home/eeiww/ud90uhak/bumperbot_ws/src/install/bumperbot_utils/share/bumperbot_utils/package.ps1'
[3.242s] INFO:colcon.colcon_core.shell:Creating package descriptor '/home/eeiww/ud90uhak/bumperbot_ws/src/install/bumperbot_utils/share/bumperbot_utils/package.dsv'
[3.245s] INFO:colcon.colcon_core.shell:Creating package script '/home/eeiww/ud90uhak/bumperbot_ws/src/install/bumperbot_utils/share/bumperbot_utils/package.sh'
[3.247s] INFO:colcon.colcon_core.shell:Creating package script '/home/eeiww/ud90uhak/bumperbot_ws/src/install/bumperbot_utils/share/bumperbot_utils/package.bash'
[3.250s] INFO:colcon.colcon_core.shell:Creating package script '/home/eeiww/ud90uhak/bumperbot_ws/src/install/bumperbot_utils/share/bumperbot_utils/package.zsh'
[3.253s] Level 1:colcon.colcon_core.environment:create_file_with_runtime_dependencies(/home/eeiww/ud90uhak/bumperbot_ws/src/install/bumperbot_utils/share/colcon-core/packages/bumperbot_utils)
[3.261s] Level 1:colcon.colcon_core.environment:create_environment_scripts_only(bumperbot_utils)
[3.261s] Level 1:colcon.colcon_core.environment:checking '/home/eeiww/ud90uhak/bumperbot_ws/src/install/bumperbot_utils' for CMake module files
[3.262s] Level 1:colcon.colcon_core.environment:checking '/home/eeiww/ud90uhak/bumperbot_ws/src/install/bumperbot_utils' for CMake config files
[3.266s] Level 1:colcon.colcon_core.shell:create_environment_hook('bumperbot_utils', 'cmake_prefix_path')
[3.266s] INFO:colcon.colcon_core.shell:Creating environment hook '/home/eeiww/ud90uhak/bumperbot_ws/src/install/bumperbot_utils/share/bumperbot_utils/hook/cmake_prefix_path.ps1'
[3.268s] INFO:colcon.colcon_core.shell:Creating environment descriptor '/home/eeiww/ud90uhak/bumperbot_ws/src/install/bumperbot_utils/share/bumperbot_utils/hook/cmake_prefix_path.dsv'
[3.271s] INFO:colcon.colcon_core.shell:Creating environment hook '/home/eeiww/ud90uhak/bumperbot_ws/src/install/bumperbot_utils/share/bumperbot_utils/hook/cmake_prefix_path.sh'
[3.274s] Level 1:colcon.colcon_core.environment:checking '/home/eeiww/ud90uhak/bumperbot_ws/src/install/bumperbot_utils/lib'
[3.274s] Level 1:colcon.colcon_core.environment:checking '/home/eeiww/ud90uhak/bumperbot_ws/src/install/bumperbot_utils/bin'
[3.274s] Level 1:colcon.colcon_core.environment:checking '/home/eeiww/ud90uhak/bumperbot_ws/src/install/bumperbot_utils/lib/pkgconfig/bumperbot_utils.pc'
[3.274s] Level 1:colcon.colcon_core.environment:checking '/home/eeiww/ud90uhak/bumperbot_ws/src/install/bumperbot_utils/lib/python3.12/site-packages'
[3.274s] Level 1:colcon.colcon_core.shell:create_environment_hook('bumperbot_utils', 'pythonpath')
[3.275s] INFO:colcon.colcon_core.shell:Creating environment hook '/home/eeiww/ud90uhak/bumperbot_ws/src/install/bumperbot_utils/share/bumperbot_utils/hook/pythonpath.ps1'
[3.277s] INFO:colcon.colcon_core.shell:Creating environment descriptor '/home/eeiww/ud90uhak/bumperbot_ws/src/install/bumperbot_utils/share/bumperbot_utils/hook/pythonpath.dsv'
[3.279s] INFO:colcon.colcon_core.shell:Creating environment hook '/home/eeiww/ud90uhak/bumperbot_ws/src/install/bumperbot_utils/share/bumperbot_utils/hook/pythonpath.sh'
[3.282s] Level 1:colcon.colcon_core.environment:checking '/home/eeiww/ud90uhak/bumperbot_ws/src/install/bumperbot_utils/bin'
[3.282s] INFO:colcon.colcon_core.shell:Creating package script '/home/eeiww/ud90uhak/bumperbot_ws/src/install/bumperbot_utils/share/bumperbot_utils/package.ps1'
[3.285s] INFO:colcon.colcon_core.shell:Creating package descriptor '/home/eeiww/ud90uhak/bumperbot_ws/src/install/bumperbot_utils/share/bumperbot_utils/package.dsv'
[3.288s] INFO:colcon.colcon_core.shell:Creating package script '/home/eeiww/ud90uhak/bumperbot_ws/src/install/bumperbot_utils/share/bumperbot_utils/package.sh'
[3.290s] INFO:colcon.colcon_core.shell:Creating package script '/home/eeiww/ud90uhak/bumperbot_ws/src/install/bumperbot_utils/share/bumperbot_utils/package.bash'
[3.293s] INFO:colcon.colcon_core.shell:Creating package script '/home/eeiww/ud90uhak/bumperbot_ws/src/install/bumperbot_utils/share/bumperbot_utils/package.zsh'
[3.295s] Level 1:colcon.colcon_core.environment:create_file_with_runtime_dependencies(/home/eeiww/ud90uhak/bumperbot_ws/src/install/bumperbot_utils/share/colcon-core/packages/bumperbot_utils)
[3.298s] Level 1:colcon.colcon_core.environment:create_environment_scripts_only(bumperbot_cpp_examples)
[3.298s] Level 1:colcon.colcon_core.environment:checking '/home/eeiww/ud90uhak/bumperbot_ws/src/install/bumperbot_cpp_examples' for CMake module files
[3.303s] DEBUG:colcon.colcon_core.event_handler.log_command:Invoked command in '/home/eeiww/ud90uhak/bumperbot_ws/src/build/bumperbot_cpp_examples' returned '0': AMENT_PREFIX_PATH=/home/eeiww/ud90uhak/bumperbot_ws/src/install/bumperbot_msgs:${AMENT_PREFIX_PATH} CMAKE_PREFIX_PATH=/home/eeiww/ud90uhak/bumperbot_ws/src/install/bumperbot_msgs:/opt/ros/jazzy/opt/gz_sim_vendor:/opt/ros/jazzy/opt/gz_sensors_vendor:/opt/ros/jazzy/opt/gz_physics_vendor:/opt/ros/jazzy/opt/sdformat_vendor:/opt/ros/jazzy/opt/gz_gui_vendor:/opt/ros/jazzy/opt/gz_transport_vendor:/opt/ros/jazzy/opt/gz_rendering_vendor:/opt/ros/jazzy/opt/gz_plugin_vendor:/opt/ros/jazzy/opt/gz_fuel_tools_vendor:/opt/ros/jazzy/opt/gz_msgs_vendor:/opt/ros/jazzy/opt/gz_common_vendor:/opt/ros/jazzy/opt/gz_math_vendor:/opt/ros/jazzy/opt/gz_utils_vendor:/opt/ros/jazzy/opt/gz_tools_vendor:/opt/ros/jazzy/opt/gz_ogre_next_vendor:/opt/ros/jazzy/opt/gz_dartsim_vendor:/opt/ros/jazzy/opt/gz_cmake_vendor:/opt/ros/jazzy DEBUGINFOD_URLS=https://debuginfod.ubuntu.com LD_LIBRARY_PATH=/home/eeiww/ud90uhak/bumperbot_ws/src/install/bumperbot_msgs/lib:${LD_LIBRARY_PATH} PYTHONPATH=/home/eeiww/ud90uhak/bumperbot_ws/src/install/bumperbot_msgs/lib/python3.12/site-packages:${PYTHONPATH} /usr/bin/cmake --install /home/eeiww/ud90uhak/bumperbot_ws/src/build/bumperbot_cpp_examples
[3.304s] Level 1:colcon.colcon_core.environment:checking '/home/eeiww/ud90uhak/bumperbot_ws/src/install/bumperbot_cpp_examples' for CMake config files
[3.312s] Level 1:colcon.colcon_core.shell:create_environment_hook('bumperbot_cpp_examples', 'cmake_prefix_path')
[3.312s] INFO:colcon.colcon_core.shell:Creating environment hook '/home/eeiww/ud90uhak/bumperbot_ws/src/install/bumperbot_cpp_examples/share/bumperbot_cpp_examples/hook/cmake_prefix_path.ps1'
[3.316s] INFO:colcon.colcon_core.shell:Creating environment descriptor '/home/eeiww/ud90uhak/bumperbot_ws/src/install/bumperbot_cpp_examples/share/bumperbot_cpp_examples/hook/cmake_prefix_path.dsv'
[3.318s] INFO:colcon.colcon_core.shell:Creating environment hook '/home/eeiww/ud90uhak/bumperbot_ws/src/install/bumperbot_cpp_examples/share/bumperbot_cpp_examples/hook/cmake_prefix_path.sh'
[3.322s] Level 1:colcon.colcon_core.environment:checking '/home/eeiww/ud90uhak/bumperbot_ws/src/install/bumperbot_cpp_examples/lib'
[3.322s] Level 1:colcon.colcon_core.environment:checking '/home/eeiww/ud90uhak/bumperbot_ws/src/install/bumperbot_cpp_examples/bin'
[3.323s] Level 1:colcon.colcon_core.environment:checking '/home/eeiww/ud90uhak/bumperbot_ws/src/install/bumperbot_cpp_examples/lib/pkgconfig/bumperbot_cpp_examples.pc'
[3.324s] Level 1:colcon.colcon_core.environment:checking '/home/eeiww/ud90uhak/bumperbot_ws/src/install/bumperbot_cpp_examples/lib/python3.12/site-packages'
[3.324s] Level 1:colcon.colcon_core.environment:checking '/home/eeiww/ud90uhak/bumperbot_ws/src/install/bumperbot_cpp_examples/bin'
[3.324s] INFO:colcon.colcon_core.shell:Creating package script '/home/eeiww/ud90uhak/bumperbot_ws/src/install/bumperbot_cpp_examples/share/bumperbot_cpp_examples/package.ps1'
[3.327s] INFO:colcon.colcon_core.shell:Creating package descriptor '/home/eeiww/ud90uhak/bumperbot_ws/src/install/bumperbot_cpp_examples/share/bumperbot_cpp_examples/package.dsv'
[3.330s] INFO:colcon.colcon_core.shell:Creating package script '/home/eeiww/ud90uhak/bumperbot_ws/src/install/bumperbot_cpp_examples/share/bumperbot_cpp_examples/package.sh'
[3.332s] INFO:colcon.colcon_core.shell:Creating package script '/home/eeiww/ud90uhak/bumperbot_ws/src/install/bumperbot_cpp_examples/share/bumperbot_cpp_examples/package.bash'
[3.335s] INFO:colcon.colcon_core.shell:Creating package script '/home/eeiww/ud90uhak/bumperbot_ws/src/install/bumperbot_cpp_examples/share/bumperbot_cpp_examples/package.zsh'
[3.337s] Level 1:colcon.colcon_core.environment:create_file_with_runtime_dependencies(/home/eeiww/ud90uhak/bumperbot_ws/src/install/bumperbot_cpp_examples/share/colcon-core/packages/bumperbot_cpp_examples)
[3.341s] Level 1:colcon.colcon_core.environment:create_environment_scripts_only(bumperbot_cpp_examples)
[3.342s] Level 1:colcon.colcon_core.environment:checking '/home/eeiww/ud90uhak/bumperbot_ws/src/install/bumperbot_cpp_examples' for CMake module files
[3.343s] Level 1:colcon.colcon_core.environment:checking '/home/eeiww/ud90uhak/bumperbot_ws/src/install/bumperbot_cpp_examples' for CMake config files
[3.351s] Level 1:colcon.colcon_core.shell:create_environment_hook('bumperbot_cpp_examples', 'cmake_prefix_path')
[3.351s] INFO:colcon.colcon_core.shell:Creating environment hook '/home/eeiww/ud90uhak/bumperbot_ws/src/install/bumperbot_cpp_examples/share/bumperbot_cpp_examples/hook/cmake_prefix_path.ps1'
[3.353s] INFO:colcon.colcon_core.shell:Creating environment descriptor '/home/eeiww/ud90uhak/bumperbot_ws/src/install/bumperbot_cpp_examples/share/bumperbot_cpp_examples/hook/cmake_prefix_path.dsv'
[3.355s] INFO:colcon.colcon_core.shell:Creating environment hook '/home/eeiww/ud90uhak/bumperbot_ws/src/install/bumperbot_cpp_examples/share/bumperbot_cpp_examples/hook/cmake_prefix_path.sh'
[3.358s] Level 1:colcon.colcon_core.environment:checking '/home/eeiww/ud90uhak/bumperbot_ws/src/install/bumperbot_cpp_examples/lib'
[3.358s] Level 1:colcon.colcon_core.environment:checking '/home/eeiww/ud90uhak/bumperbot_ws/src/install/bumperbot_cpp_examples/bin'
[3.358s] Level 1:colcon.colcon_core.environment:checking '/home/eeiww/ud90uhak/bumperbot_ws/src/install/bumperbot_cpp_examples/lib/pkgconfig/bumperbot_cpp_examples.pc'
[3.359s] Level 1:colcon.colcon_core.environment:checking '/home/eeiww/ud90uhak/bumperbot_ws/src/install/bumperbot_cpp_examples/lib/python3.12/site-packages'
[3.359s] Level 1:colcon.colcon_core.environment:checking '/home/eeiww/ud90uhak/bumperbot_ws/src/install/bumperbot_cpp_examples/bin'
[3.359s] INFO:colcon.colcon_core.shell:Creating package script '/home/eeiww/ud90uhak/bumperbot_ws/src/install/bumperbot_cpp_examples/share/bumperbot_cpp_examples/package.ps1'
[3.362s] INFO:colcon.colcon_core.shell:Creating package descriptor '/home/eeiww/ud90uhak/bumperbot_ws/src/install/bumperbot_cpp_examples/share/bumperbot_cpp_examples/package.dsv'
[3.364s] INFO:colcon.colcon_core.shell:Creating package script '/home/eeiww/ud90uhak/bumperbot_ws/src/install/bumperbot_cpp_examples/share/bumperbot_cpp_examples/package.sh'
[3.367s] INFO:colcon.colcon_core.shell:Creating package script '/home/eeiww/ud90uhak/bumperbot_ws/src/install/bumperbot_cpp_examples/share/bumperbot_cpp_examples/package.bash'
[3.369s] INFO:colcon.colcon_core.shell:Creating package script '/home/eeiww/ud90uhak/bumperbot_ws/src/install/bumperbot_cpp_examples/share/bumperbot_cpp_examples/package.zsh'
[3.371s] Level 1:colcon.colcon_core.environment:create_file_with_runtime_dependencies(/home/eeiww/ud90uhak/bumperbot_ws/src/install/bumperbot_cpp_examples/share/colcon-core/packages/bumperbot_cpp_examples)
[3.378s] DEBUG:colcon.colcon_core.event_handler.log_command:Invoked command in '/home/eeiww/ud90uhak/bumperbot_ws/src/build/bumperbot_bringup' returned '0': AMENT_PREFIX_PATH=/home/eeiww/ud90uhak/bumperbot_ws/src/install/bumperbot_mapping:/home/eeiww/ud90uhak/bumperbot_ws/src/install/bumperbot_localization:/home/eeiww/ud90uhak/bumperbot_ws/src/install/bumperbot_firmware:/home/eeiww/ud90uhak/bumperbot_ws/src/install/bumperbot_description:/home/eeiww/ud90uhak/bumperbot_ws/src/install/bumperbot_controller:${AMENT_PREFIX_PATH} CMAKE_PREFIX_PATH=/home/eeiww/ud90uhak/bumperbot_ws/src/install/bumperbot_mapping:/home/eeiww/ud90uhak/bumperbot_ws/src/install/bumperbot_localization:/home/eeiww/ud90uhak/bumperbot_ws/src/install/bumperbot_firmware:/home/eeiww/ud90uhak/bumperbot_ws/src/install/bumperbot_description:/home/eeiww/ud90uhak/bumperbot_ws/src/install/bumperbot_controller:/opt/ros/jazzy/opt/gz_sim_vendor:/opt/ros/jazzy/opt/gz_sensors_vendor:/opt/ros/jazzy/opt/gz_physics_vendor:/opt/ros/jazzy/opt/sdformat_vendor:/opt/ros/jazzy/opt/gz_gui_vendor:/opt/ros/jazzy/opt/gz_transport_vendor:/opt/ros/jazzy/opt/gz_rendering_vendor:/opt/ros/jazzy/opt/gz_plugin_vendor:/opt/ros/jazzy/opt/gz_fuel_tools_vendor:/opt/ros/jazzy/opt/gz_msgs_vendor:/opt/ros/jazzy/opt/gz_common_vendor:/opt/ros/jazzy/opt/gz_math_vendor:/opt/ros/jazzy/opt/gz_utils_vendor:/opt/ros/jazzy/opt/gz_tools_vendor:/opt/ros/jazzy/opt/gz_ogre_next_vendor:/opt/ros/jazzy/opt/gz_dartsim_vendor:/opt/ros/jazzy/opt/gz_cmake_vendor:/opt/ros/jazzy DEBUGINFOD_URLS=https://debuginfod.ubuntu.com LD_LIBRARY_PATH=/home/eeiww/ud90uhak/bumperbot_ws/src/install/bumperbot_firmware/lib:${LD_LIBRARY_PATH} PATH=/home/eeiww/ud90uhak/bumperbot_ws/src/install/bumperbot_localization/bin:${PATH} PYTHONPATH=/home/eeiww/ud90uhak/bumperbot_ws/src/install/bumperbot_mapping/lib/python3.12/site-packages:/home/eeiww/ud90uhak/bumperbot_ws/src/install/bumperbot_localization/lib/python3.12/site-packages:/home/eeiww/ud90uhak/bumperbot_ws/src/install/bumperbot_firmware/lib/python3.12/site-packages:/home/eeiww/ud90uhak/bumperbot_ws/src/install/bumperbot_controller/lib/python3.12/site-packages:${PYTHONPATH} /usr/bin/cmake --build /home/eeiww/ud90uhak/bumperbot_ws/src/build/bumperbot_bringup -- -j8 -l8
[3.381s] DEBUG:colcon.colcon_core.event_handler.log_command:Invoking command in '/home/eeiww/ud90uhak/bumperbot_ws/src/build/bumperbot_bringup': AMENT_PREFIX_PATH=/home/eeiww/ud90uhak/bumperbot_ws/src/install/bumperbot_mapping:/home/eeiww/ud90uhak/bumperbot_ws/src/install/bumperbot_localization:/home/eeiww/ud90uhak/bumperbot_ws/src/install/bumperbot_firmware:/home/eeiww/ud90uhak/bumperbot_ws/src/install/bumperbot_description:/home/eeiww/ud90uhak/bumperbot_ws/src/install/bumperbot_controller:${AMENT_PREFIX_PATH} CMAKE_PREFIX_PATH=/home/eeiww/ud90uhak/bumperbot_ws/src/install/bumperbot_mapping:/home/eeiww/ud90uhak/bumperbot_ws/src/install/bumperbot_localization:/home/eeiww/ud90uhak/bumperbot_ws/src/install/bumperbot_firmware:/home/eeiww/ud90uhak/bumperbot_ws/src/install/bumperbot_description:/home/eeiww/ud90uhak/bumperbot_ws/src/install/bumperbot_controller:/opt/ros/jazzy/opt/gz_sim_vendor:/opt/ros/jazzy/opt/gz_sensors_vendor:/opt/ros/jazzy/opt/gz_physics_vendor:/opt/ros/jazzy/opt/sdformat_vendor:/opt/ros/jazzy/opt/gz_gui_vendor:/opt/ros/jazzy/opt/gz_transport_vendor:/opt/ros/jazzy/opt/gz_rendering_vendor:/opt/ros/jazzy/opt/gz_plugin_vendor:/opt/ros/jazzy/opt/gz_fuel_tools_vendor:/opt/ros/jazzy/opt/gz_msgs_vendor:/opt/ros/jazzy/opt/gz_common_vendor:/opt/ros/jazzy/opt/gz_math_vendor:/opt/ros/jazzy/opt/gz_utils_vendor:/opt/ros/jazzy/opt/gz_tools_vendor:/opt/ros/jazzy/opt/gz_ogre_next_vendor:/opt/ros/jazzy/opt/gz_dartsim_vendor:/opt/ros/jazzy/opt/gz_cmake_vendor:/opt/ros/jazzy DEBUGINFOD_URLS=https://debuginfod.ubuntu.com LD_LIBRARY_PATH=/home/eeiww/ud90uhak/bumperbot_ws/src/install/bumperbot_firmware/lib:${LD_LIBRARY_PATH} PATH=/home/eeiww/ud90uhak/bumperbot_ws/src/install/bumperbot_localization/bin:${PATH} PYTHONPATH=/home/eeiww/ud90uhak/bumperbot_ws/src/install/bumperbot_mapping/lib/python3.12/site-packages:/home/eeiww/ud90uhak/bumperbot_ws/src/install/bumperbot_localization/lib/python3.12/site-packages:/home/eeiww/ud90uhak/bumperbot_ws/src/install/bumperbot_firmware/lib/python3.12/site-packages:/home/eeiww/ud90uhak/bumperbot_ws/src/install/bumperbot_controller/lib/python3.12/site-packages:${PYTHONPATH} /usr/bin/cmake --install /home/eeiww/ud90uhak/bumperbot_ws/src/build/bumperbot_bringup
[3.437s] Level 1:colcon.colcon_core.environment:create_environment_scripts_only(bumperbot_bringup)
[3.437s] Level 1:colcon.colcon_core.environment:checking '/home/eeiww/ud90uhak/bumperbot_ws/src/install/bumperbot_bringup' for CMake module files
[3.437s] DEBUG:colcon.colcon_core.event_handler.log_command:Invoked command in '/home/eeiww/ud90uhak/bumperbot_ws/src/build/bumperbot_bringup' returned '0': AMENT_PREFIX_PATH=/home/eeiww/ud90uhak/bumperbot_ws/src/install/bumperbot_mapping:/home/eeiww/ud90uhak/bumperbot_ws/src/install/bumperbot_localization:/home/eeiww/ud90uhak/bumperbot_ws/src/install/bumperbot_firmware:/home/eeiww/ud90uhak/bumperbot_ws/src/install/bumperbot_description:/home/eeiww/ud90uhak/bumperbot_ws/src/install/bumperbot_controller:${AMENT_PREFIX_PATH} CMAKE_PREFIX_PATH=/home/eeiww/ud90uhak/bumperbot_ws/src/install/bumperbot_mapping:/home/eeiww/ud90uhak/bumperbot_ws/src/install/bumperbot_localization:/home/eeiww/ud90uhak/bumperbot_ws/src/install/bumperbot_firmware:/home/eeiww/ud90uhak/bumperbot_ws/src/install/bumperbot_description:/home/eeiww/ud90uhak/bumperbot_ws/src/install/bumperbot_controller:/opt/ros/jazzy/opt/gz_sim_vendor:/opt/ros/jazzy/opt/gz_sensors_vendor:/opt/ros/jazzy/opt/gz_physics_vendor:/opt/ros/jazzy/opt/sdformat_vendor:/opt/ros/jazzy/opt/gz_gui_vendor:/opt/ros/jazzy/opt/gz_transport_vendor:/opt/ros/jazzy/opt/gz_rendering_vendor:/opt/ros/jazzy/opt/gz_plugin_vendor:/opt/ros/jazzy/opt/gz_fuel_tools_vendor:/opt/ros/jazzy/opt/gz_msgs_vendor:/opt/ros/jazzy/opt/gz_common_vendor:/opt/ros/jazzy/opt/gz_math_vendor:/opt/ros/jazzy/opt/gz_utils_vendor:/opt/ros/jazzy/opt/gz_tools_vendor:/opt/ros/jazzy/opt/gz_ogre_next_vendor:/opt/ros/jazzy/opt/gz_dartsim_vendor:/opt/ros/jazzy/opt/gz_cmake_vendor:/opt/ros/jazzy DEBUGINFOD_URLS=https://debuginfod.ubuntu.com LD_LIBRARY_PATH=/home/eeiww/ud90uhak/bumperbot_ws/src/install/bumperbot_firmware/lib:${LD_LIBRARY_PATH} PATH=/home/eeiww/ud90uhak/bumperbot_ws/src/install/bumperbot_localization/bin:${PATH} PYTHONPATH=/home/eeiww/ud90uhak/bumperbot_ws/src/install/bumperbot_mapping/lib/python3.12/site-packages:/home/eeiww/ud90uhak/bumperbot_ws/src/install/bumperbot_localization/lib/python3.12/site-packages:/home/eeiww/ud90uhak/bumperbot_ws/src/install/bumperbot_firmware/lib/python3.12/site-packages:/home/eeiww/ud90uhak/bumperbot_ws/src/install/bumperbot_controller/lib/python3.12/site-packages:${PYTHONPATH} /usr/bin/cmake --install /home/eeiww/ud90uhak/bumperbot_ws/src/build/bumperbot_bringup
[3.441s] Level 1:colcon.colcon_core.environment:checking '/home/eeiww/ud90uhak/bumperbot_ws/src/install/bumperbot_bringup' for CMake config files
[3.444s] Level 1:colcon.colcon_core.shell:create_environment_hook('bumperbot_bringup', 'cmake_prefix_path')
[3.444s] INFO:colcon.colcon_core.shell:Creating environment hook '/home/eeiww/ud90uhak/bumperbot_ws/src/install/bumperbot_bringup/share/bumperbot_bringup/hook/cmake_prefix_path.ps1'
[3.448s] INFO:colcon.colcon_core.shell:Creating environment descriptor '/home/eeiww/ud90uhak/bumperbot_ws/src/install/bumperbot_bringup/share/bumperbot_bringup/hook/cmake_prefix_path.dsv'
[3.452s] INFO:colcon.colcon_core.shell:Creating environment hook '/home/eeiww/ud90uhak/bumperbot_ws/src/install/bumperbot_bringup/share/bumperbot_bringup/hook/cmake_prefix_path.sh'
[3.456s] Level 1:colcon.colcon_core.environment:checking '/home/eeiww/ud90uhak/bumperbot_ws/src/install/bumperbot_bringup/bin'
[3.457s] Level 1:colcon.colcon_core.environment:checking '/home/eeiww/ud90uhak/bumperbot_ws/src/install/bumperbot_bringup/lib/pkgconfig/bumperbot_bringup.pc'
[3.457s] Level 1:colcon.colcon_core.environment:checking '/home/eeiww/ud90uhak/bumperbot_ws/src/install/bumperbot_bringup/lib/python3.12/site-packages'
[3.457s] Level 1:colcon.colcon_core.environment:checking '/home/eeiww/ud90uhak/bumperbot_ws/src/install/bumperbot_bringup/bin'
[3.457s] INFO:colcon.colcon_core.shell:Creating package script '/home/eeiww/ud90uhak/bumperbot_ws/src/install/bumperbot_bringup/share/bumperbot_bringup/package.ps1'
[3.462s] INFO:colcon.colcon_core.shell:Creating package descriptor '/home/eeiww/ud90uhak/bumperbot_ws/src/install/bumperbot_bringup/share/bumperbot_bringup/package.dsv'
[3.465s] INFO:colcon.colcon_core.shell:Creating package script '/home/eeiww/ud90uhak/bumperbot_ws/src/install/bumperbot_bringup/share/bumperbot_bringup/package.sh'
[3.467s] INFO:colcon.colcon_core.shell:Creating package script '/home/eeiww/ud90uhak/bumperbot_ws/src/install/bumperbot_bringup/share/bumperbot_bringup/package.bash'
[3.470s] INFO:colcon.colcon_core.shell:Creating package script '/home/eeiww/ud90uhak/bumperbot_ws/src/install/bumperbot_bringup/share/bumperbot_bringup/package.zsh'
[3.473s] Level 1:colcon.colcon_core.environment:create_file_with_runtime_dependencies(/home/eeiww/ud90uhak/bumperbot_ws/src/install/bumperbot_bringup/share/colcon-core/packages/bumperbot_bringup)
[3.477s] Level 1:colcon.colcon_core.environment:create_environment_scripts_only(bumperbot_bringup)
[3.477s] Level 1:colcon.colcon_core.environment:checking '/home/eeiww/ud90uhak/bumperbot_ws/src/install/bumperbot_bringup' for CMake module files
[3.479s] Level 1:colcon.colcon_core.environment:checking '/home/eeiww/ud90uhak/bumperbot_ws/src/install/bumperbot_bringup' for CMake config files
[3.480s] Level 1:colcon.colcon_core.shell:create_environment_hook('bumperbot_bringup', 'cmake_prefix_path')
[3.480s] INFO:colcon.colcon_core.shell:Creating environment hook '/home/eeiww/ud90uhak/bumperbot_ws/src/install/bumperbot_bringup/share/bumperbot_bringup/hook/cmake_prefix_path.ps1'
[3.483s] INFO:colcon.colcon_core.shell:Creating environment descriptor '/home/eeiww/ud90uhak/bumperbot_ws/src/install/bumperbot_bringup/share/bumperbot_bringup/hook/cmake_prefix_path.dsv'
[3.485s] INFO:colcon.colcon_core.shell:Creating environment hook '/home/eeiww/ud90uhak/bumperbot_ws/src/install/bumperbot_bringup/share/bumperbot_bringup/hook/cmake_prefix_path.sh'
[3.488s] Level 1:colcon.colcon_core.environment:checking '/home/eeiww/ud90uhak/bumperbot_ws/src/install/bumperbot_bringup/bin'
[3.488s] Level 1:colcon.colcon_core.environment:checking '/home/eeiww/ud90uhak/bumperbot_ws/src/install/bumperbot_bringup/lib/pkgconfig/bumperbot_bringup.pc'
[3.488s] Level 1:colcon.colcon_core.environment:checking '/home/eeiww/ud90uhak/bumperbot_ws/src/install/bumperbot_bringup/lib/python3.12/site-packages'
[3.488s] Level 1:colcon.colcon_core.environment:checking '/home/eeiww/ud90uhak/bumperbot_ws/src/install/bumperbot_bringup/bin'
[3.488s] INFO:colcon.colcon_core.shell:Creating package script '/home/eeiww/ud90uhak/bumperbot_ws/src/install/bumperbot_bringup/share/bumperbot_bringup/package.ps1'
[3.494s] INFO:colcon.colcon_core.shell:Creating package descriptor '/home/eeiww/ud90uhak/bumperbot_ws/src/install/bumperbot_bringup/share/bumperbot_bringup/package.dsv'
[3.497s] INFO:colcon.colcon_core.shell:Creating package script '/home/eeiww/ud90uhak/bumperbot_ws/src/install/bumperbot_bringup/share/bumperbot_bringup/package.sh'
[3.500s] INFO:colcon.colcon_core.shell:Creating package script '/home/eeiww/ud90uhak/bumperbot_ws/src/install/bumperbot_bringup/share/bumperbot_bringup/package.bash'
[3.503s] INFO:colcon.colcon_core.shell:Creating package script '/home/eeiww/ud90uhak/bumperbot_ws/src/install/bumperbot_bringup/share/bumperbot_bringup/package.zsh'
[3.505s] Level 1:colcon.colcon_core.environment:create_file_with_runtime_dependencies(/home/eeiww/ud90uhak/bumperbot_ws/src/install/bumperbot_bringup/share/colcon-core/packages/bumperbot_bringup)
[4.261s] DEBUG:colcon.colcon_core.event_handler.log_command:Invoking command in '/home/eeiww/ud90uhak/bumperbot_ws/src/bumperbot_py_examples': AMENT_PREFIX_PATH=/home/eeiww/ud90uhak/bumperbot_ws/src/install/bumperbot_msgs:${AMENT_PREFIX_PATH} CMAKE_PREFIX_PATH=/home/eeiww/ud90uhak/bumperbot_ws/src/install/bumperbot_msgs:${CMAKE_PREFIX_PATH} DEBUGINFOD_URLS=https://debuginfod.ubuntu.com LD_LIBRARY_PATH=/home/eeiww/ud90uhak/bumperbot_ws/src/install/bumperbot_msgs/lib:${LD_LIBRARY_PATH} PYTHONPATH=/home/eeiww/ud90uhak/bumperbot_ws/src/build/bumperbot_py_examples/prefix_override:/usr/lib/python3/dist-packages/colcon_core/task/python/colcon_distutils_commands:/home/eeiww/ud90uhak/bumperbot_ws/src/install/bumperbot_py_examples/lib/python3.12/site-packages:/home/eeiww/ud90uhak/bumperbot_ws/src/install/bumperbot_msgs/lib/python3.12/site-packages:${PYTHONPATH} /usr/bin/python3 -W ignore:setup.py install is deprecated -W ignore:easy_install command is deprecated setup.py egg_info --egg-base ../build/bumperbot_py_examples build --build-base /home/eeiww/ud90uhak/bumperbot_ws/src/build/bumperbot_py_examples/build install --record /home/eeiww/ud90uhak/bumperbot_ws/src/build/bumperbot_py_examples/install.log --single-version-externally-managed install_data
[5.259s] Level 1:colcon.colcon_core.environment:checking '/home/eeiww/ud90uhak/bumperbot_ws/src/install/bumperbot_py_examples' for CMake module files
[5.259s] DEBUG:colcon.colcon_core.event_handler.log_command:Invoked command in '/home/eeiww/ud90uhak/bumperbot_ws/src/bumperbot_py_examples' returned '0': AMENT_PREFIX_PATH=/home/eeiww/ud90uhak/bumperbot_ws/src/install/bumperbot_msgs:${AMENT_PREFIX_PATH} CMAKE_PREFIX_PATH=/home/eeiww/ud90uhak/bumperbot_ws/src/install/bumperbot_msgs:${CMAKE_PREFIX_PATH} DEBUGINFOD_URLS=https://debuginfod.ubuntu.com LD_LIBRARY_PATH=/home/eeiww/ud90uhak/bumperbot_ws/src/install/bumperbot_msgs/lib:${LD_LIBRARY_PATH} PYTHONPATH=/home/eeiww/ud90uhak/bumperbot_ws/src/build/bumperbot_py_examples/prefix_override:/usr/lib/python3/dist-packages/colcon_core/task/python/colcon_distutils_commands:/home/eeiww/ud90uhak/bumperbot_ws/src/install/bumperbot_py_examples/lib/python3.12/site-packages:/home/eeiww/ud90uhak/bumperbot_ws/src/install/bumperbot_msgs/lib/python3.12/site-packages:${PYTHONPATH} /usr/bin/python3 -W ignore:setup.py install is deprecated -W ignore:easy_install command is deprecated setup.py egg_info --egg-base ../build/bumperbot_py_examples build --build-base /home/eeiww/ud90uhak/bumperbot_ws/src/build/bumperbot_py_examples/build install --record /home/eeiww/ud90uhak/bumperbot_ws/src/build/bumperbot_py_examples/install.log --single-version-externally-managed install_data
[5.265s] Level 1:colcon.colcon_core.environment:checking '/home/eeiww/ud90uhak/bumperbot_ws/src/install/bumperbot_py_examples' for CMake config files
[5.279s] Level 1:colcon.colcon_core.environment:checking '/home/eeiww/ud90uhak/bumperbot_ws/src/install/bumperbot_py_examples/lib'
[5.280s] Level 1:colcon.colcon_core.environment:checking '/home/eeiww/ud90uhak/bumperbot_ws/src/install/bumperbot_py_examples/bin'
[5.280s] Level 1:colcon.colcon_core.environment:checking '/home/eeiww/ud90uhak/bumperbot_ws/src/install/bumperbot_py_examples/lib/pkgconfig/bumperbot_py_examples.pc'
[5.281s] Level 1:colcon.colcon_core.environment:checking '/home/eeiww/ud90uhak/bumperbot_ws/src/install/bumperbot_py_examples/lib/python3.12/site-packages'
[5.281s] Level 1:colcon.colcon_core.shell:create_environment_hook('bumperbot_py_examples', 'pythonpath')
[5.281s] INFO:colcon.colcon_core.shell:Creating environment hook '/home/eeiww/ud90uhak/bumperbot_ws/src/install/bumperbot_py_examples/share/bumperbot_py_examples/hook/pythonpath.ps1'
[5.284s] INFO:colcon.colcon_core.shell:Creating environment descriptor '/home/eeiww/ud90uhak/bumperbot_ws/src/install/bumperbot_py_examples/share/bumperbot_py_examples/hook/pythonpath.dsv'
[5.286s] INFO:colcon.colcon_core.shell:Creating environment hook '/home/eeiww/ud90uhak/bumperbot_ws/src/install/bumperbot_py_examples/share/bumperbot_py_examples/hook/pythonpath.sh'
[5.289s] Level 1:colcon.colcon_core.environment:checking '/home/eeiww/ud90uhak/bumperbot_ws/src/install/bumperbot_py_examples/bin'
[5.289s] Level 1:colcon.colcon_core.environment:create_environment_scripts_only(bumperbot_py_examples)
[5.290s] INFO:colcon.colcon_core.shell:Creating package script '/home/eeiww/ud90uhak/bumperbot_ws/src/install/bumperbot_py_examples/share/bumperbot_py_examples/package.ps1'
[5.293s] INFO:colcon.colcon_core.shell:Creating package descriptor '/home/eeiww/ud90uhak/bumperbot_ws/src/install/bumperbot_py_examples/share/bumperbot_py_examples/package.dsv'
[5.296s] INFO:colcon.colcon_core.shell:Creating package script '/home/eeiww/ud90uhak/bumperbot_ws/src/install/bumperbot_py_examples/share/bumperbot_py_examples/package.sh'
[5.298s] INFO:colcon.colcon_core.shell:Creating package script '/home/eeiww/ud90uhak/bumperbot_ws/src/install/bumperbot_py_examples/share/bumperbot_py_examples/package.bash'
[5.301s] INFO:colcon.colcon_core.shell:Creating package script '/home/eeiww/ud90uhak/bumperbot_ws/src/install/bumperbot_py_examples/share/bumperbot_py_examples/package.zsh'
[5.303s] Level 1:colcon.colcon_core.environment:create_file_with_runtime_dependencies(/home/eeiww/ud90uhak/bumperbot_ws/src/install/bumperbot_py_examples/share/colcon-core/packages/bumperbot_py_examples)
[9.526s] DEBUG:colcon.colcon_core.event_handler.log_command:Invoked command in '/home/eeiww/ud90uhak/bumperbot_ws/src/build/bumperbot_planning' returned '0': CMAKE_PREFIX_PATH=${CMAKE_PREFIX_PATH}:/opt/ros/jazzy DEBUGINFOD_URLS=https://debuginfod.ubuntu.com /usr/bin/cmake --build /home/eeiww/ud90uhak/bumperbot_ws/src/build/bumperbot_planning -- -j8 -l8
[9.540s] DEBUG:colcon.colcon_core.event_handler.log_command:Invoking command in '/home/eeiww/ud90uhak/bumperbot_ws/src/build/bumperbot_planning': CMAKE_PREFIX_PATH=${CMAKE_PREFIX_PATH}:/opt/ros/jazzy DEBUGINFOD_URLS=https://debuginfod.ubuntu.com /usr/bin/cmake --install /home/eeiww/ud90uhak/bumperbot_ws/src/build/bumperbot_planning
[9.676s] DEBUG:colcon.colcon_core.event_handler.log_command:Invoked command in '/home/eeiww/ud90uhak/bumperbot_ws/src/build/bumperbot_motion' returned '2': CMAKE_PREFIX_PATH=${CMAKE_PREFIX_PATH}:/opt/ros/jazzy DEBUGINFOD_URLS=https://debuginfod.ubuntu.com /usr/bin/cmake --build /home/eeiww/ud90uhak/bumperbot_ws/src/build/bumperbot_motion -- -j8 -l8
[9.681s] Level 1:colcon.colcon_core.environment:create_environment_scripts_only(bumperbot_motion)
[9.681s] Level 1:colcon.colcon_core.environment:checking '/home/eeiww/ud90uhak/bumperbot_ws/src/install/bumperbot_motion' for CMake module files
[9.686s] Level 1:colcon.colcon_core.environment:checking '/home/eeiww/ud90uhak/bumperbot_ws/src/install/bumperbot_motion' for CMake config files
[9.697s] Level 1:colcon.colcon_core.shell:create_environment_hook('bumperbot_motion', 'cmake_prefix_path')
[9.697s] INFO:colcon.colcon_core.shell:Creating environment hook '/home/eeiww/ud90uhak/bumperbot_ws/src/install/bumperbot_motion/share/bumperbot_motion/hook/cmake_prefix_path.ps1'
[9.700s] INFO:colcon.colcon_core.shell:Creating environment descriptor '/home/eeiww/ud90uhak/bumperbot_ws/src/install/bumperbot_motion/share/bumperbot_motion/hook/cmake_prefix_path.dsv'
[9.703s] INFO:colcon.colcon_core.shell:Creating environment hook '/home/eeiww/ud90uhak/bumperbot_ws/src/install/bumperbot_motion/share/bumperbot_motion/hook/cmake_prefix_path.sh'
[9.707s] Level 1:colcon.colcon_core.environment:checking '/home/eeiww/ud90uhak/bumperbot_ws/src/install/bumperbot_motion/bin'
[9.707s] Level 1:colcon.colcon_core.environment:checking '/home/eeiww/ud90uhak/bumperbot_ws/src/install/bumperbot_motion/lib/pkgconfig/bumperbot_motion.pc'
[9.707s] Level 1:colcon.colcon_core.environment:checking '/home/eeiww/ud90uhak/bumperbot_ws/src/install/bumperbot_motion/lib/python3.12/site-packages'
[9.708s] Level 1:colcon.colcon_core.environment:checking '/home/eeiww/ud90uhak/bumperbot_ws/src/install/bumperbot_motion/bin'
[9.708s] INFO:colcon.colcon_core.shell:Creating package script '/home/eeiww/ud90uhak/bumperbot_ws/src/install/bumperbot_motion/share/bumperbot_motion/package.ps1'
[9.711s] INFO:colcon.colcon_core.shell:Creating package descriptor '/home/eeiww/ud90uhak/bumperbot_ws/src/install/bumperbot_motion/share/bumperbot_motion/package.dsv'
[9.713s] INFO:colcon.colcon_core.shell:Creating package script '/home/eeiww/ud90uhak/bumperbot_ws/src/install/bumperbot_motion/share/bumperbot_motion/package.sh'
[9.716s] INFO:colcon.colcon_core.shell:Creating package script '/home/eeiww/ud90uhak/bumperbot_ws/src/install/bumperbot_motion/share/bumperbot_motion/package.bash'
[9.719s] INFO:colcon.colcon_core.shell:Creating package script '/home/eeiww/ud90uhak/bumperbot_ws/src/install/bumperbot_motion/share/bumperbot_motion/package.zsh'
[9.731s] Level 1:colcon.colcon_core.environment:create_file_with_runtime_dependencies(/home/eeiww/ud90uhak/bumperbot_ws/src/install/bumperbot_motion/share/colcon-core/packages/bumperbot_motion)
[9.886s] DEBUG:colcon.colcon_parallel_executor.executor.parallel:closing loop
[9.886s] DEBUG:colcon.colcon_parallel_executor.executor.parallel:loop closed
[9.886s] DEBUG:colcon.colcon_parallel_executor.executor.parallel:run_until_complete finished with '2'
[9.886s] DEBUG:colcon.colcon_core.event_reactor:joining thread
[9.899s] INFO:colcon.colcon_core.plugin_system:Skipping extension 'colcon_notification.desktop_notification.terminal_notifier': Not used on non-Darwin systems
[9.899s] INFO:colcon.colcon_core.plugin_system:Skipping extension 'colcon_notification.desktop_notification.win32': Not used on non-Windows systems
[9.899s] INFO:colcon.colcon_notification.desktop_notification:Sending desktop notification using 'notify2'
[9.920s] DEBUG:colcon.colcon_core.event_reactor:joined thread
[9.921s] INFO:colcon.colcon_core.shell:Creating prefix script '/home/eeiww/ud90uhak/bumperbot_ws/src/install/local_setup.ps1'
[9.925s] INFO:colcon.colcon_core.shell:Creating prefix util module '/home/eeiww/ud90uhak/bumperbot_ws/src/install/_local_setup_util_ps1.py'
[9.930s] INFO:colcon.colcon_core.shell:Creating prefix chain script '/home/eeiww/ud90uhak/bumperbot_ws/src/install/setup.ps1'
[9.933s] INFO:colcon.colcon_core.shell:Creating prefix script '/home/eeiww/ud90uhak/bumperbot_ws/src/install/local_setup.sh'
[9.937s] INFO:colcon.colcon_core.shell:Creating prefix util module '/home/eeiww/ud90uhak/bumperbot_ws/src/install/_local_setup_util_sh.py'
[9.941s] INFO:colcon.colcon_core.shell:Creating prefix chain script '/home/eeiww/ud90uhak/bumperbot_ws/src/install/setup.sh'
[9.945s] INFO:colcon.colcon_core.shell:Creating prefix script '/home/eeiww/ud90uhak/bumperbot_ws/src/install/local_setup.bash'
[9.949s] INFO:colcon.colcon_core.shell:Creating prefix chain script '/home/eeiww/ud90uhak/bumperbot_ws/src/install/setup.bash'
[9.952s] INFO:colcon.colcon_core.shell:Creating prefix script '/home/eeiww/ud90uhak/bumperbot_ws/src/install/local_setup.zsh'
[9.955s] INFO:colcon.colcon_core.shell:Creating prefix chain script '/home/eeiww/ud90uhak/bumperbot_ws/src/install/setup.zsh'
