[0.109s] DEBUG:colcon:Command line arguments: ['/usr/bin/colcon', 'build']
[0.109s] DEBUG:colcon:Parsed command line arguments: Namespace(log_base=None, log_level=None, verb_name='build', build_base='build', install_base='install', merge_install=False, symlink_install=False, test_result_base=None, continue_on_error=False, executor='parallel', parallel_workers=8, event_handlers=None, ignore_user_meta=False, metas=['./colcon.meta'], base_paths=['.'], packages_ignore=None, packages_ignore_regex=None, paths=None, packages_up_to=None, packages_up_to_regex=None, packages_above=None, packages_above_and_dependencies=None, packages_above_depth=None, packages_select_by_dep=None, packages_skip_by_dep=None, packages_skip_up_to=None, packages_select_build_failed=False, packages_skip_build_finished=False, packages_select_test_failures=False, packages_skip_test_passed=False, packages_select=None, packages_skip=None, packages_select_regex=None, packages_skip_regex=None, packages_start=None, packages_end=None, allow_overriding=[], cmake_args=None, cmake_target=None, cmake_target_skip_unavailable=False, cmake_clean_cache=False, cmake_clean_first=False, cmake_force_configure=False, ament_cmake_args=None, catkin_cmake_args=None, catkin_skip_building_tests=False, mixin_files=None, mixin=None, verb_parser=<colcon_mixin.mixin.mixin_argument.MixinArgumentDecorator object at 0x7c886c81c9e0>, verb_extension=<colcon_core.verb.build.BuildVerb object at 0x7c886c997b60>, main=<bound method BuildVerb.main of <colcon_core.verb.build.BuildVerb object at 0x7c886c997b60>>, mixin_verb=('build',))
[0.141s] Level 1:colcon.colcon_core.package_discovery:discover_packages(colcon_meta) check parameters
[0.141s] Level 1:colcon.colcon_core.package_discovery:discover_packages(recursive) check parameters
[0.141s] Level 1:colcon.colcon_core.package_discovery:discover_packages(ignore) check parameters
[0.142s] Level 1:colcon.colcon_core.package_discovery:discover_packages(path) check parameters
[0.142s] Level 1:colcon.colcon_core.package_discovery:discover_packages(colcon_meta) discover
[0.142s] Level 1:colcon.colcon_core.package_discovery:discover_packages(recursive) discover
[0.143s] INFO:colcon.colcon_core.package_discovery:Crawling recursively for packages in '/home/eeiww/ud90uhak/bumperbot_ws/src'
[0.143s] Level 1:colcon.colcon_core.package_identification:_identify(.) by extensions ['ignore', 'ignore_ament_install']
[0.143s] Level 1:colcon.colcon_core.package_identification:_identify(.) by extension 'ignore'
[0.144s] Level 1:colcon.colcon_core.package_identification:_identify(.) by extension 'ignore_ament_install'
[0.144s] Level 1:colcon.colcon_core.package_identification:_identify(.) by extensions ['colcon_pkg']
[0.145s] Level 1:colcon.colcon_core.package_identification:_identify(.) by extension 'colcon_pkg'
[0.145s] Level 1:colcon.colcon_core.package_identification:_identify(.) by extensions ['colcon_meta']
[0.145s] Level 1:colcon.colcon_core.package_identification:_identify(.) by extension 'colcon_meta'
[0.145s] Level 1:colcon.colcon_core.package_identification:_identify(.) by extensions ['ros']
[0.145s] Level 1:colcon.colcon_core.package_identification:_identify(.) by extension 'ros'
[0.165s] Level 1:colcon.colcon_core.package_identification:_identify(.) by extensions ['cmake', 'python']
[0.165s] Level 1:colcon.colcon_core.package_identification:_identify(.) by extension 'cmake'
[0.165s] Level 1:colcon.colcon_core.package_identification:_identify(.) by extension 'python'
[0.165s] Level 1:colcon.colcon_core.package_identification:_identify(.) by extensions ['python_setup_py']
[0.166s] Level 1:colcon.colcon_core.package_identification:_identify(.) by extension 'python_setup_py'
[0.167s] Level 1:colcon.colcon_core.package_identification:_identify(build) by extensions ['ignore', 'ignore_ament_install']
[0.167s] Level 1:colcon.colcon_core.package_identification:_identify(build) by extension 'ignore'
[0.168s] Level 1:colcon.colcon_core.package_identification:_identify(build) ignored
[0.168s] Level 1:colcon.colcon_core.package_identification:_identify(bumperbot_bringup) by extensions ['ignore', 'ignore_ament_install']
[0.169s] Level 1:colcon.colcon_core.package_identification:_identify(bumperbot_bringup) by extension 'ignore'
[0.169s] Level 1:colcon.colcon_core.package_identification:_identify(bumperbot_bringup) by extension 'ignore_ament_install'
[0.169s] Level 1:colcon.colcon_core.package_identification:_identify(bumperbot_bringup) by extensions ['colcon_pkg']
[0.169s] Level 1:colcon.colcon_core.package_identification:_identify(bumperbot_bringup) by extension 'colcon_pkg'
[0.169s] Level 1:colcon.colcon_core.package_identification:_identify(bumperbot_bringup) by extensions ['colcon_meta']
[0.170s] Level 1:colcon.colcon_core.package_identification:_identify(bumperbot_bringup) by extension 'colcon_meta'
[0.170s] Level 1:colcon.colcon_core.package_identification:_identify(bumperbot_bringup) by extensions ['ros']
[0.170s] Level 1:colcon.colcon_core.package_identification:_identify(bumperbot_bringup) by extension 'ros'
[0.171s] DEBUG:colcon.colcon_core.package_identification:Package 'bumperbot_bringup' with type 'ros.ament_cmake' and name 'bumperbot_bringup'
[0.172s] Level 1:colcon.colcon_core.package_identification:_identify(bumperbot_controller) by extensions ['ignore', 'ignore_ament_install']
[0.172s] Level 1:colcon.colcon_core.package_identification:_identify(bumperbot_controller) by extension 'ignore'
[0.173s] Level 1:colcon.colcon_core.package_identification:_identify(bumperbot_controller) by extension 'ignore_ament_install'
[0.173s] Level 1:colcon.colcon_core.package_identification:_identify(bumperbot_controller) by extensions ['colcon_pkg']
[0.174s] Level 1:colcon.colcon_core.package_identification:_identify(bumperbot_controller) by extension 'colcon_pkg'
[0.174s] Level 1:colcon.colcon_core.package_identification:_identify(bumperbot_controller) by extensions ['colcon_meta']
[0.174s] Level 1:colcon.colcon_core.package_identification:_identify(bumperbot_controller) by extension 'colcon_meta'
[0.174s] Level 1:colcon.colcon_core.package_identification:_identify(bumperbot_controller) by extensions ['ros']
[0.175s] Level 1:colcon.colcon_core.package_identification:_identify(bumperbot_controller) by extension 'ros'
[0.176s] DEBUG:colcon.colcon_core.package_identification:Package 'bumperbot_controller' with type 'ros.ament_cmake' and name 'bumperbot_controller'
[0.176s] Level 1:colcon.colcon_core.package_identification:_identify(bumperbot_cpp_examples) by extensions ['ignore', 'ignore_ament_install']
[0.177s] Level 1:colcon.colcon_core.package_identification:_identify(bumperbot_cpp_examples) by extension 'ignore'
[0.177s] Level 1:colcon.colcon_core.package_identification:_identify(bumperbot_cpp_examples) by extension 'ignore_ament_install'
[0.178s] Level 1:colcon.colcon_core.package_identification:_identify(bumperbot_cpp_examples) by extensions ['colcon_pkg']
[0.178s] Level 1:colcon.colcon_core.package_identification:_identify(bumperbot_cpp_examples) by extension 'colcon_pkg'
[0.178s] Level 1:colcon.colcon_core.package_identification:_identify(bumperbot_cpp_examples) by extensions ['colcon_meta']
[0.179s] Level 1:colcon.colcon_core.package_identification:_identify(bumperbot_cpp_examples) by extension 'colcon_meta'
[0.179s] Level 1:colcon.colcon_core.package_identification:_identify(bumperbot_cpp_examples) by extensions ['ros']
[0.179s] Level 1:colcon.colcon_core.package_identification:_identify(bumperbot_cpp_examples) by extension 'ros'
[0.180s] DEBUG:colcon.colcon_core.package_identification:Package 'bumperbot_cpp_examples' with type 'ros.ament_cmake' and name 'bumperbot_cpp_examples'
[0.181s] Level 1:colcon.colcon_core.package_identification:_identify(bumperbot_description) by extensions ['ignore', 'ignore_ament_install']
[0.181s] Level 1:colcon.colcon_core.package_identification:_identify(bumperbot_description) by extension 'ignore'
[0.182s] Level 1:colcon.colcon_core.package_identification:_identify(bumperbot_description) by extension 'ignore_ament_install'
[0.182s] Level 1:colcon.colcon_core.package_identification:_identify(bumperbot_description) by extensions ['colcon_pkg']
[0.182s] Level 1:colcon.colcon_core.package_identification:_identify(bumperbot_description) by extension 'colcon_pkg'
[0.182s] Level 1:colcon.colcon_core.package_identification:_identify(bumperbot_description) by extensions ['colcon_meta']
[0.182s] Level 1:colcon.colcon_core.package_identification:_identify(bumperbot_description) by extension 'colcon_meta'
[0.182s] Level 1:colcon.colcon_core.package_identification:_identify(bumperbot_description) by extensions ['ros']
[0.182s] Level 1:colcon.colcon_core.package_identification:_identify(bumperbot_description) by extension 'ros'
[0.185s] DEBUG:colcon.colcon_core.package_identification:Package 'bumperbot_description' with type 'ros.ament_cmake' and name 'bumperbot_description'
[0.186s] Level 1:colcon.colcon_core.package_identification:_identify(bumperbot_firmware) by extensions ['ignore', 'ignore_ament_install']
[0.186s] Level 1:colcon.colcon_core.package_identification:_identify(bumperbot_firmware) by extension 'ignore'
[0.186s] Level 1:colcon.colcon_core.package_identification:_identify(bumperbot_firmware) by extension 'ignore_ament_install'
[0.186s] Level 1:colcon.colcon_core.package_identification:_identify(bumperbot_firmware) by extensions ['colcon_pkg']
[0.187s] Level 1:colcon.colcon_core.package_identification:_identify(bumperbot_firmware) by extension 'colcon_pkg'
[0.187s] Level 1:colcon.colcon_core.package_identification:_identify(bumperbot_firmware) by extensions ['colcon_meta']
[0.187s] Level 1:colcon.colcon_core.package_identification:_identify(bumperbot_firmware) by extension 'colcon_meta'
[0.187s] Level 1:colcon.colcon_core.package_identification:_identify(bumperbot_firmware) by extensions ['ros']
[0.188s] Level 1:colcon.colcon_core.package_identification:_identify(bumperbot_firmware) by extension 'ros'
[0.188s] DEBUG:colcon.colcon_core.package_identification:Package 'bumperbot_firmware' with type 'ros.ament_cmake' and name 'bumperbot_firmware'
[0.189s] Level 1:colcon.colcon_core.package_identification:_identify(bumperbot_localization) by extensions ['ignore', 'ignore_ament_install']
[0.189s] Level 1:colcon.colcon_core.package_identification:_identify(bumperbot_localization) by extension 'ignore'
[0.189s] Level 1:colcon.colcon_core.package_identification:_identify(bumperbot_localization) by extension 'ignore_ament_install'
[0.190s] Level 1:colcon.colcon_core.package_identification:_identify(bumperbot_localization) by extensions ['colcon_pkg']
[0.190s] Level 1:colcon.colcon_core.package_identification:_identify(bumperbot_localization) by extension 'colcon_pkg'
[0.190s] Level 1:colcon.colcon_core.package_identification:_identify(bumperbot_localization) by extensions ['colcon_meta']
[0.191s] Level 1:colcon.colcon_core.package_identification:_identify(bumperbot_localization) by extension 'colcon_meta'
[0.191s] Level 1:colcon.colcon_core.package_identification:_identify(bumperbot_localization) by extensions ['ros']
[0.191s] Level 1:colcon.colcon_core.package_identification:_identify(bumperbot_localization) by extension 'ros'
[0.192s] DEBUG:colcon.colcon_core.package_identification:Package 'bumperbot_localization' with type 'ros.ament_cmake' and name 'bumperbot_localization'
[0.193s] Level 1:colcon.colcon_core.package_identification:_identify(bumperbot_mapping) by extensions ['ignore', 'ignore_ament_install']
[0.193s] Level 1:colcon.colcon_core.package_identification:_identify(bumperbot_mapping) by extension 'ignore'
[0.194s] Level 1:colcon.colcon_core.package_identification:_identify(bumperbot_mapping) by extension 'ignore_ament_install'
[0.194s] Level 1:colcon.colcon_core.package_identification:_identify(bumperbot_mapping) by extensions ['colcon_pkg']
[0.195s] Level 1:colcon.colcon_core.package_identification:_identify(bumperbot_mapping) by extension 'colcon_pkg'
[0.195s] Level 1:colcon.colcon_core.package_identification:_identify(bumperbot_mapping) by extensions ['colcon_meta']
[0.196s] Level 1:colcon.colcon_core.package_identification:_identify(bumperbot_mapping) by extension 'colcon_meta'
[0.196s] Level 1:colcon.colcon_core.package_identification:_identify(bumperbot_mapping) by extensions ['ros']
[0.196s] Level 1:colcon.colcon_core.package_identification:_identify(bumperbot_mapping) by extension 'ros'
[0.197s] DEBUG:colcon.colcon_core.package_identification:Package 'bumperbot_mapping' with type 'ros.ament_cmake' and name 'bumperbot_mapping'
[0.198s] Level 1:colcon.colcon_core.package_identification:_identify(bumperbot_motion) by extensions ['ignore', 'ignore_ament_install']
[0.198s] Level 1:colcon.colcon_core.package_identification:_identify(bumperbot_motion) by extension 'ignore'
[0.198s] Level 1:colcon.colcon_core.package_identification:_identify(bumperbot_motion) by extension 'ignore_ament_install'
[0.199s] Level 1:colcon.colcon_core.package_identification:_identify(bumperbot_motion) by extensions ['colcon_pkg']
[0.199s] Level 1:colcon.colcon_core.package_identification:_identify(bumperbot_motion) by extension 'colcon_pkg'
[0.199s] Level 1:colcon.colcon_core.package_identification:_identify(bumperbot_motion) by extensions ['colcon_meta']
[0.199s] Level 1:colcon.colcon_core.package_identification:_identify(bumperbot_motion) by extension 'colcon_meta'
[0.200s] Level 1:colcon.colcon_core.package_identification:_identify(bumperbot_motion) by extensions ['ros']
[0.200s] Level 1:colcon.colcon_core.package_identification:_identify(bumperbot_motion) by extension 'ros'
[0.201s] DEBUG:colcon.colcon_core.package_identification:Package 'bumperbot_motion' with type 'ros.ament_cmake' and name 'bumperbot_motion'
[0.201s] Level 1:colcon.colcon_core.package_identification:_identify(bumperbot_msgs) by extensions ['ignore', 'ignore_ament_install']
[0.202s] Level 1:colcon.colcon_core.package_identification:_identify(bumperbot_msgs) by extension 'ignore'
[0.202s] Level 1:colcon.colcon_core.package_identification:_identify(bumperbot_msgs) by extension 'ignore_ament_install'
[0.203s] Level 1:colcon.colcon_core.package_identification:_identify(bumperbot_msgs) by extensions ['colcon_pkg']
[0.203s] Level 1:colcon.colcon_core.package_identification:_identify(bumperbot_msgs) by extension 'colcon_pkg'
[0.203s] Level 1:colcon.colcon_core.package_identification:_identify(bumperbot_msgs) by extensions ['colcon_meta']
[0.204s] Level 1:colcon.colcon_core.package_identification:_identify(bumperbot_msgs) by extension 'colcon_meta'
[0.204s] Level 1:colcon.colcon_core.package_identification:_identify(bumperbot_msgs) by extensions ['ros']
[0.204s] Level 1:colcon.colcon_core.package_identification:_identify(bumperbot_msgs) by extension 'ros'
[0.205s] DEBUG:colcon.colcon_core.package_identification:Package 'bumperbot_msgs' with type 'ros.ament_cmake' and name 'bumperbot_msgs'
[0.205s] Level 1:colcon.colcon_core.package_identification:_identify(bumperbot_navigation) by extensions ['ignore', 'ignore_ament_install']
[0.205s] Level 1:colcon.colcon_core.package_identification:_identify(bumperbot_navigation) by extension 'ignore'
[0.206s] Level 1:colcon.colcon_core.package_identification:_identify(bumperbot_navigation) by extension 'ignore_ament_install'
[0.207s] Level 1:colcon.colcon_core.package_identification:_identify(bumperbot_navigation) by extensions ['colcon_pkg']
[0.207s] Level 1:colcon.colcon_core.package_identification:_identify(bumperbot_navigation) by extension 'colcon_pkg'
[0.207s] Level 1:colcon.colcon_core.package_identification:_identify(bumperbot_navigation) by extensions ['colcon_meta']
[0.208s] Level 1:colcon.colcon_core.package_identification:_identify(bumperbot_navigation) by extension 'colcon_meta'
[0.208s] Level 1:colcon.colcon_core.package_identification:_identify(bumperbot_navigation) by extensions ['ros']
[0.208s] Level 1:colcon.colcon_core.package_identification:_identify(bumperbot_navigation) by extension 'ros'
[0.209s] DEBUG:colcon.colcon_core.package_identification:Package 'bumperbot_navigation' with type 'ros.ament_cmake' and name 'bumperbot_navigation'
[0.210s] Level 1:colcon.colcon_core.package_identification:_identify(bumperbot_planning) by extensions ['ignore', 'ignore_ament_install']
[0.210s] Level 1:colcon.colcon_core.package_identification:_identify(bumperbot_planning) by extension 'ignore'
[0.210s] Level 1:colcon.colcon_core.package_identification:_identify(bumperbot_planning) by extension 'ignore_ament_install'
[0.210s] Level 1:colcon.colcon_core.package_identification:_identify(bumperbot_planning) by extensions ['colcon_pkg']
[0.210s] Level 1:colcon.colcon_core.package_identification:_identify(bumperbot_planning) by extension 'colcon_pkg'
[0.210s] Level 1:colcon.colcon_core.package_identification:_identify(bumperbot_planning) by extensions ['colcon_meta']
[0.210s] Level 1:colcon.colcon_core.package_identification:_identify(bumperbot_planning) by extension 'colcon_meta'
[0.210s] Level 1:colcon.colcon_core.package_identification:_identify(bumperbot_planning) by extensions ['ros']
[0.210s] Level 1:colcon.colcon_core.package_identification:_identify(bumperbot_planning) by extension 'ros'
[0.211s] DEBUG:colcon.colcon_core.package_identification:Package 'bumperbot_planning' with type 'ros.ament_cmake' and name 'bumperbot_planning'
[0.212s] Level 1:colcon.colcon_core.package_identification:_identify(bumperbot_py_examples) by extensions ['ignore', 'ignore_ament_install']
[0.212s] Level 1:colcon.colcon_core.package_identification:_identify(bumperbot_py_examples) by extension 'ignore'
[0.212s] Level 1:colcon.colcon_core.package_identification:_identify(bumperbot_py_examples) by extension 'ignore_ament_install'
[0.213s] Level 1:colcon.colcon_core.package_identification:_identify(bumperbot_py_examples) by extensions ['colcon_pkg']
[0.213s] Level 1:colcon.colcon_core.package_identification:_identify(bumperbot_py_examples) by extension 'colcon_pkg'
[0.213s] Level 1:colcon.colcon_core.package_identification:_identify(bumperbot_py_examples) by extensions ['colcon_meta']
[0.214s] Level 1:colcon.colcon_core.package_identification:_identify(bumperbot_py_examples) by extension 'colcon_meta'
[0.214s] Level 1:colcon.colcon_core.package_identification:_identify(bumperbot_py_examples) by extensions ['ros']
[0.214s] Level 1:colcon.colcon_core.package_identification:_identify(bumperbot_py_examples) by extension 'ros'
[0.215s] DEBUG:colcon.colcon_core.package_identification:Package 'bumperbot_py_examples' with type 'ros.ament_python' and name 'bumperbot_py_examples'
[0.215s] Level 1:colcon.colcon_core.package_identification:_identify(bumperbot_utils) by extensions ['ignore', 'ignore_ament_install']
[0.215s] Level 1:colcon.colcon_core.package_identification:_identify(bumperbot_utils) by extension 'ignore'
[0.216s] Level 1:colcon.colcon_core.package_identification:_identify(bumperbot_utils) by extension 'ignore_ament_install'
[0.216s] Level 1:colcon.colcon_core.package_identification:_identify(bumperbot_utils) by extensions ['colcon_pkg']
[0.217s] Level 1:colcon.colcon_core.package_identification:_identify(bumperbot_utils) by extension 'colcon_pkg'
[0.217s] Level 1:colcon.colcon_core.package_identification:_identify(bumperbot_utils) by extensions ['colcon_meta']
[0.218s] Level 1:colcon.colcon_core.package_identification:_identify(bumperbot_utils) by extension 'colcon_meta'
[0.218s] Level 1:colcon.colcon_core.package_identification:_identify(bumperbot_utils) by extensions ['ros']
[0.218s] Level 1:colcon.colcon_core.package_identification:_identify(bumperbot_utils) by extension 'ros'
[0.219s] DEBUG:colcon.colcon_core.package_identification:Package 'bumperbot_utils' with type 'ros.ament_cmake' and name 'bumperbot_utils'
[0.220s] Level 1:colcon.colcon_core.package_identification:_identify(install) by extensions ['ignore', 'ignore_ament_install']
[0.220s] Level 1:colcon.colcon_core.package_identification:_identify(install) by extension 'ignore'
[0.220s] Level 1:colcon.colcon_core.package_identification:_identify(install) ignored
[0.223s] Level 1:colcon.colcon_core.package_identification:_identify(log) by extensions ['ignore', 'ignore_ament_install']
[0.223s] Level 1:colcon.colcon_core.package_identification:_identify(log) by extension 'ignore'
[0.224s] Level 1:colcon.colcon_core.package_identification:_identify(log) ignored
[0.224s] Level 1:colcon.colcon_core.package_discovery:discover_packages(recursive) using defaults
[0.224s] Level 1:colcon.colcon_core.package_discovery:discover_packages(ignore) discover
[0.224s] Level 1:colcon.colcon_core.package_discovery:discover_packages(ignore) using defaults
[0.224s] Level 1:colcon.colcon_core.package_discovery:discover_packages(path) discover
[0.224s] Level 1:colcon.colcon_core.package_discovery:discover_packages(path) using defaults
[0.241s] Level 1:colcon.colcon_core.package_discovery:discover_packages(prefix_path) check parameters
[0.241s] Level 1:colcon.colcon_core.package_discovery:discover_packages(prefix_path) discover
[0.244s] DEBUG:colcon.colcon_installed_package_information.package_discovery:Found 466 installed packages in /opt/ros/jazzy
[0.244s] Level 1:colcon.colcon_core.package_discovery:discover_packages(prefix_path) using defaults
[0.306s] Level 5:colcon.colcon_core.verb:set package 'bumperbot_controller' build argument 'cmake_args' from command line to 'None'
[0.306s] Level 5:colcon.colcon_core.verb:set package 'bumperbot_controller' build argument 'cmake_target' from command line to 'None'
[0.306s] Level 5:colcon.colcon_core.verb:set package 'bumperbot_controller' build argument 'cmake_target_skip_unavailable' from command line to 'False'
[0.306s] Level 5:colcon.colcon_core.verb:set package 'bumperbot_controller' build argument 'cmake_clean_cache' from command line to 'False'
[0.306s] Level 5:colcon.colcon_core.verb:set package 'bumperbot_controller' build argument 'cmake_clean_first' from command line to 'False'
[0.307s] Level 5:colcon.colcon_core.verb:set package 'bumperbot_controller' build argument 'cmake_force_configure' from command line to 'False'
[0.307s] Level 5:colcon.colcon_core.verb:set package 'bumperbot_controller' build argument 'ament_cmake_args' from command line to 'None'
[0.307s] Level 5:colcon.colcon_core.verb:set package 'bumperbot_controller' build argument 'catkin_cmake_args' from command line to 'None'
[0.307s] Level 5:colcon.colcon_core.verb:set package 'bumperbot_controller' build argument 'catkin_skip_building_tests' from command line to 'False'
[0.307s] DEBUG:colcon.colcon_core.verb:Building package 'bumperbot_controller' with the following arguments: {'ament_cmake_args': None, 'build_base': '/home/eeiww/ud90uhak/bumperbot_ws/src/build/bumperbot_controller', 'catkin_cmake_args': None, 'catkin_skip_building_tests': False, 'cmake_args': None, 'cmake_clean_cache': False, 'cmake_clean_first': False, 'cmake_force_configure': False, 'cmake_target': None, 'cmake_target_skip_unavailable': False, 'install_base': '/home/eeiww/ud90uhak/bumperbot_ws/src/install/bumperbot_controller', 'merge_install': False, 'path': '/home/eeiww/ud90uhak/bumperbot_ws/src/bumperbot_controller', 'symlink_install': False, 'test_result_base': None}
[0.307s] Level 5:colcon.colcon_core.verb:set package 'bumperbot_description' build argument 'cmake_args' from command line to 'None'
[0.308s] Level 5:colcon.colcon_core.verb:set package 'bumperbot_description' build argument 'cmake_target' from command line to 'None'
[0.308s] Level 5:colcon.colcon_core.verb:set package 'bumperbot_description' build argument 'cmake_target_skip_unavailable' from command line to 'False'
[0.308s] Level 5:colcon.colcon_core.verb:set package 'bumperbot_description' build argument 'cmake_clean_cache' from command line to 'False'
[0.309s] Level 5:colcon.colcon_core.verb:set package 'bumperbot_description' build argument 'cmake_clean_first' from command line to 'False'
[0.309s] Level 5:colcon.colcon_core.verb:set package 'bumperbot_description' build argument 'cmake_force_configure' from command line to 'False'
[0.309s] Level 5:colcon.colcon_core.verb:set package 'bumperbot_description' build argument 'ament_cmake_args' from command line to 'None'
[0.309s] Level 5:colcon.colcon_core.verb:set package 'bumperbot_description' build argument 'catkin_cmake_args' from command line to 'None'
[0.309s] Level 5:colcon.colcon_core.verb:set package 'bumperbot_description' build argument 'catkin_skip_building_tests' from command line to 'False'
[0.309s] DEBUG:colcon.colcon_core.verb:Building package 'bumperbot_description' with the following arguments: {'ament_cmake_args': None, 'build_base': '/home/eeiww/ud90uhak/bumperbot_ws/src/build/bumperbot_description', 'catkin_cmake_args': None, 'catkin_skip_building_tests': False, 'cmake_args': None, 'cmake_clean_cache': False, 'cmake_clean_first': False, 'cmake_force_configure': False, 'cmake_target': None, 'cmake_target_skip_unavailable': False, 'install_base': '/home/eeiww/ud90uhak/bumperbot_ws/src/install/bumperbot_description', 'merge_install': False, 'path': '/home/eeiww/ud90uhak/bumperbot_ws/src/bumperbot_description', 'symlink_install': False, 'test_result_base': None}
[0.310s] Level 5:colcon.colcon_core.verb:set package 'bumperbot_firmware' build argument 'cmake_args' from command line to 'None'
[0.310s] Level 5:colcon.colcon_core.verb:set package 'bumperbot_firmware' build argument 'cmake_target' from command line to 'None'
[0.310s] Level 5:colcon.colcon_core.verb:set package 'bumperbot_firmware' build argument 'cmake_target_skip_unavailable' from command line to 'False'
[0.310s] Level 5:colcon.colcon_core.verb:set package 'bumperbot_firmware' build argument 'cmake_clean_cache' from command line to 'False'
[0.310s] Level 5:colcon.colcon_core.verb:set package 'bumperbot_firmware' build argument 'cmake_clean_first' from command line to 'False'
[0.310s] Level 5:colcon.colcon_core.verb:set package 'bumperbot_firmware' build argument 'cmake_force_configure' from command line to 'False'
[0.310s] Level 5:colcon.colcon_core.verb:set package 'bumperbot_firmware' build argument 'ament_cmake_args' from command line to 'None'
[0.310s] Level 5:colcon.colcon_core.verb:set package 'bumperbot_firmware' build argument 'catkin_cmake_args' from command line to 'None'
[0.310s] Level 5:colcon.colcon_core.verb:set package 'bumperbot_firmware' build argument 'catkin_skip_building_tests' from command line to 'False'
[0.310s] DEBUG:colcon.colcon_core.verb:Building package 'bumperbot_firmware' with the following arguments: {'ament_cmake_args': None, 'build_base': '/home/eeiww/ud90uhak/bumperbot_ws/src/build/bumperbot_firmware', 'catkin_cmake_args': None, 'catkin_skip_building_tests': False, 'cmake_args': None, 'cmake_clean_cache': False, 'cmake_clean_first': False, 'cmake_force_configure': False, 'cmake_target': None, 'cmake_target_skip_unavailable': False, 'install_base': '/home/eeiww/ud90uhak/bumperbot_ws/src/install/bumperbot_firmware', 'merge_install': False, 'path': '/home/eeiww/ud90uhak/bumperbot_ws/src/bumperbot_firmware', 'symlink_install': False, 'test_result_base': None}
[0.311s] Level 5:colcon.colcon_core.verb:set package 'bumperbot_localization' build argument 'cmake_args' from command line to 'None'
[0.311s] Level 5:colcon.colcon_core.verb:set package 'bumperbot_localization' build argument 'cmake_target' from command line to 'None'
[0.311s] Level 5:colcon.colcon_core.verb:set package 'bumperbot_localization' build argument 'cmake_target_skip_unavailable' from command line to 'False'
[0.311s] Level 5:colcon.colcon_core.verb:set package 'bumperbot_localization' build argument 'cmake_clean_cache' from command line to 'False'
[0.312s] Level 5:colcon.colcon_core.verb:set package 'bumperbot_localization' build argument 'cmake_clean_first' from command line to 'False'
[0.312s] Level 5:colcon.colcon_core.verb:set package 'bumperbot_localization' build argument 'cmake_force_configure' from command line to 'False'
[0.312s] Level 5:colcon.colcon_core.verb:set package 'bumperbot_localization' build argument 'ament_cmake_args' from command line to 'None'
[0.312s] Level 5:colcon.colcon_core.verb:set package 'bumperbot_localization' build argument 'catkin_cmake_args' from command line to 'None'
[0.312s] Level 5:colcon.colcon_core.verb:set package 'bumperbot_localization' build argument 'catkin_skip_building_tests' from command line to 'False'
[0.313s] DEBUG:colcon.colcon_core.verb:Building package 'bumperbot_localization' with the following arguments: {'ament_cmake_args': None, 'build_base': '/home/eeiww/ud90uhak/bumperbot_ws/src/build/bumperbot_localization', 'catkin_cmake_args': None, 'catkin_skip_building_tests': False, 'cmake_args': None, 'cmake_clean_cache': False, 'cmake_clean_first': False, 'cmake_force_configure': False, 'cmake_target': None, 'cmake_target_skip_unavailable': False, 'install_base': '/home/eeiww/ud90uhak/bumperbot_ws/src/install/bumperbot_localization', 'merge_install': False, 'path': '/home/eeiww/ud90uhak/bumperbot_ws/src/bumperbot_localization', 'symlink_install': False, 'test_result_base': None}
[0.313s] Level 5:colcon.colcon_core.verb:set package 'bumperbot_mapping' build argument 'cmake_args' from command line to 'None'
[0.313s] Level 5:colcon.colcon_core.verb:set package 'bumperbot_mapping' build argument 'cmake_target' from command line to 'None'
[0.313s] Level 5:colcon.colcon_core.verb:set package 'bumperbot_mapping' build argument 'cmake_target_skip_unavailable' from command line to 'False'
[0.313s] Level 5:colcon.colcon_core.verb:set package 'bumperbot_mapping' build argument 'cmake_clean_cache' from command line to 'False'
[0.313s] Level 5:colcon.colcon_core.verb:set package 'bumperbot_mapping' build argument 'cmake_clean_first' from command line to 'False'
[0.313s] Level 5:colcon.colcon_core.verb:set package 'bumperbot_mapping' build argument 'cmake_force_configure' from command line to 'False'
[0.313s] Level 5:colcon.colcon_core.verb:set package 'bumperbot_mapping' build argument 'ament_cmake_args' from command line to 'None'
[0.313s] Level 5:colcon.colcon_core.verb:set package 'bumperbot_mapping' build argument 'catkin_cmake_args' from command line to 'None'
[0.313s] Level 5:colcon.colcon_core.verb:set package 'bumperbot_mapping' build argument 'catkin_skip_building_tests' from command line to 'False'
[0.313s] DEBUG:colcon.colcon_core.verb:Building package 'bumperbot_mapping' with the following arguments: {'ament_cmake_args': None, 'build_base': '/home/eeiww/ud90uhak/bumperbot_ws/src/build/bumperbot_mapping', 'catkin_cmake_args': None, 'catkin_skip_building_tests': False, 'cmake_args': None, 'cmake_clean_cache': False, 'cmake_clean_first': False, 'cmake_force_configure': False, 'cmake_target': None, 'cmake_target_skip_unavailable': False, 'install_base': '/home/eeiww/ud90uhak/bumperbot_ws/src/install/bumperbot_mapping', 'merge_install': False, 'path': '/home/eeiww/ud90uhak/bumperbot_ws/src/bumperbot_mapping', 'symlink_install': False, 'test_result_base': None}
[0.314s] Level 5:colcon.colcon_core.verb:set package 'bumperbot_motion' build argument 'cmake_args' from command line to 'None'
[0.314s] Level 5:colcon.colcon_core.verb:set package 'bumperbot_motion' build argument 'cmake_target' from command line to 'None'
[0.314s] Level 5:colcon.colcon_core.verb:set package 'bumperbot_motion' build argument 'cmake_target_skip_unavailable' from command line to 'False'
[0.314s] Level 5:colcon.colcon_core.verb:set package 'bumperbot_motion' build argument 'cmake_clean_cache' from command line to 'False'
[0.314s] Level 5:colcon.colcon_core.verb:set package 'bumperbot_motion' build argument 'cmake_clean_first' from command line to 'False'
[0.314s] Level 5:colcon.colcon_core.verb:set package 'bumperbot_motion' build argument 'cmake_force_configure' from command line to 'False'
[0.315s] Level 5:colcon.colcon_core.verb:set package 'bumperbot_motion' build argument 'ament_cmake_args' from command line to 'None'
[0.315s] Level 5:colcon.colcon_core.verb:set package 'bumperbot_motion' build argument 'catkin_cmake_args' from command line to 'None'
[0.315s] Level 5:colcon.colcon_core.verb:set package 'bumperbot_motion' build argument 'catkin_skip_building_tests' from command line to 'False'
[0.315s] DEBUG:colcon.colcon_core.verb:Building package 'bumperbot_motion' with the following arguments: {'ament_cmake_args': None, 'build_base': '/home/eeiww/ud90uhak/bumperbot_ws/src/build/bumperbot_motion', 'catkin_cmake_args': None, 'catkin_skip_building_tests': False, 'cmake_args': None, 'cmake_clean_cache': False, 'cmake_clean_first': False, 'cmake_force_configure': False, 'cmake_target': None, 'cmake_target_skip_unavailable': False, 'install_base': '/home/eeiww/ud90uhak/bumperbot_ws/src/install/bumperbot_motion', 'merge_install': False, 'path': '/home/eeiww/ud90uhak/bumperbot_ws/src/bumperbot_motion', 'symlink_install': False, 'test_result_base': None}
[0.316s] Level 5:colcon.colcon_core.verb:set package 'bumperbot_msgs' build argument 'cmake_args' from command line to 'None'
[0.316s] Level 5:colcon.colcon_core.verb:set package 'bumperbot_msgs' build argument 'cmake_target' from command line to 'None'
[0.316s] Level 5:colcon.colcon_core.verb:set package 'bumperbot_msgs' build argument 'cmake_target_skip_unavailable' from command line to 'False'
[0.316s] Level 5:colcon.colcon_core.verb:set package 'bumperbot_msgs' build argument 'cmake_clean_cache' from command line to 'False'
[0.316s] Level 5:colcon.colcon_core.verb:set package 'bumperbot_msgs' build argument 'cmake_clean_first' from command line to 'False'
[0.316s] Level 5:colcon.colcon_core.verb:set package 'bumperbot_msgs' build argument 'cmake_force_configure' from command line to 'False'
[0.316s] Level 5:colcon.colcon_core.verb:set package 'bumperbot_msgs' build argument 'ament_cmake_args' from command line to 'None'
[0.316s] Level 5:colcon.colcon_core.verb:set package 'bumperbot_msgs' build argument 'catkin_cmake_args' from command line to 'None'
[0.316s] Level 5:colcon.colcon_core.verb:set package 'bumperbot_msgs' build argument 'catkin_skip_building_tests' from command line to 'False'
[0.316s] DEBUG:colcon.colcon_core.verb:Building package 'bumperbot_msgs' with the following arguments: {'ament_cmake_args': None, 'build_base': '/home/eeiww/ud90uhak/bumperbot_ws/src/build/bumperbot_msgs', 'catkin_cmake_args': None, 'catkin_skip_building_tests': False, 'cmake_args': None, 'cmake_clean_cache': False, 'cmake_clean_first': False, 'cmake_force_configure': False, 'cmake_target': None, 'cmake_target_skip_unavailable': False, 'install_base': '/home/eeiww/ud90uhak/bumperbot_ws/src/install/bumperbot_msgs', 'merge_install': False, 'path': '/home/eeiww/ud90uhak/bumperbot_ws/src/bumperbot_msgs', 'symlink_install': False, 'test_result_base': None}
[0.317s] Level 5:colcon.colcon_core.verb:set package 'bumperbot_planning' build argument 'cmake_args' from command line to 'None'
[0.317s] Level 5:colcon.colcon_core.verb:set package 'bumperbot_planning' build argument 'cmake_target' from command line to 'None'
[0.317s] Level 5:colcon.colcon_core.verb:set package 'bumperbot_planning' build argument 'cmake_target_skip_unavailable' from command line to 'False'
[0.317s] Level 5:colcon.colcon_core.verb:set package 'bumperbot_planning' build argument 'cmake_clean_cache' from command line to 'False'
[0.317s] Level 5:colcon.colcon_core.verb:set package 'bumperbot_planning' build argument 'cmake_clean_first' from command line to 'False'
[0.317s] Level 5:colcon.colcon_core.verb:set package 'bumperbot_planning' build argument 'cmake_force_configure' from command line to 'False'
[0.317s] Level 5:colcon.colcon_core.verb:set package 'bumperbot_planning' build argument 'ament_cmake_args' from command line to 'None'
[0.317s] Level 5:colcon.colcon_core.verb:set package 'bumperbot_planning' build argument 'catkin_cmake_args' from command line to 'None'
[0.318s] Level 5:colcon.colcon_core.verb:set package 'bumperbot_planning' build argument 'catkin_skip_building_tests' from command line to 'False'
[0.318s] DEBUG:colcon.colcon_core.verb:Building package 'bumperbot_planning' with the following arguments: {'ament_cmake_args': None, 'build_base': '/home/eeiww/ud90uhak/bumperbot_ws/src/build/bumperbot_planning', 'catkin_cmake_args': None, 'catkin_skip_building_tests': False, 'cmake_args': None, 'cmake_clean_cache': False, 'cmake_clean_first': False, 'cmake_force_configure': False, 'cmake_target': None, 'cmake_target_skip_unavailable': False, 'install_base': '/home/eeiww/ud90uhak/bumperbot_ws/src/install/bumperbot_planning', 'merge_install': False, 'path': '/home/eeiww/ud90uhak/bumperbot_ws/src/bumperbot_planning', 'symlink_install': False, 'test_result_base': None}
[0.319s] Level 5:colcon.colcon_core.verb:set package 'bumperbot_utils' build argument 'cmake_args' from command line to 'None'
[0.319s] Level 5:colcon.colcon_core.verb:set package 'bumperbot_utils' build argument 'cmake_target' from command line to 'None'
[0.319s] Level 5:colcon.colcon_core.verb:set package 'bumperbot_utils' build argument 'cmake_target_skip_unavailable' from command line to 'False'
[0.319s] Level 5:colcon.colcon_core.verb:set package 'bumperbot_utils' build argument 'cmake_clean_cache' from command line to 'False'
[0.319s] Level 5:colcon.colcon_core.verb:set package 'bumperbot_utils' build argument 'cmake_clean_first' from command line to 'False'
[0.319s] Level 5:colcon.colcon_core.verb:set package 'bumperbot_utils' build argument 'cmake_force_configure' from command line to 'False'
[0.319s] Level 5:colcon.colcon_core.verb:set package 'bumperbot_utils' build argument 'ament_cmake_args' from command line to 'None'
[0.319s] Level 5:colcon.colcon_core.verb:set package 'bumperbot_utils' build argument 'catkin_cmake_args' from command line to 'None'
[0.319s] Level 5:colcon.colcon_core.verb:set package 'bumperbot_utils' build argument 'catkin_skip_building_tests' from command line to 'False'
[0.319s] DEBUG:colcon.colcon_core.verb:Building package 'bumperbot_utils' with the following arguments: {'ament_cmake_args': None, 'build_base': '/home/eeiww/ud90uhak/bumperbot_ws/src/build/bumperbot_utils', 'catkin_cmake_args': None, 'catkin_skip_building_tests': False, 'cmake_args': None, 'cmake_clean_cache': False, 'cmake_clean_first': False, 'cmake_force_configure': False, 'cmake_target': None, 'cmake_target_skip_unavailable': False, 'install_base': '/home/eeiww/ud90uhak/bumperbot_ws/src/install/bumperbot_utils', 'merge_install': False, 'path': '/home/eeiww/ud90uhak/bumperbot_ws/src/bumperbot_utils', 'symlink_install': False, 'test_result_base': None}
[0.320s] Level 5:colcon.colcon_core.verb:set package 'bumperbot_bringup' build argument 'cmake_args' from command line to 'None'
[0.320s] Level 5:colcon.colcon_core.verb:set package 'bumperbot_bringup' build argument 'cmake_target' from command line to 'None'
[0.320s] Level 5:colcon.colcon_core.verb:set package 'bumperbot_bringup' build argument 'cmake_target_skip_unavailable' from command line to 'False'
[0.320s] Level 5:colcon.colcon_core.verb:set package 'bumperbot_bringup' build argument 'cmake_clean_cache' from command line to 'False'
[0.320s] Level 5:colcon.colcon_core.verb:set package 'bumperbot_bringup' build argument 'cmake_clean_first' from command line to 'False'
[0.321s] Level 5:colcon.colcon_core.verb:set package 'bumperbot_bringup' build argument 'cmake_force_configure' from command line to 'False'
[0.321s] Level 5:colcon.colcon_core.verb:set package 'bumperbot_bringup' build argument 'ament_cmake_args' from command line to 'None'
[0.321s] Level 5:colcon.colcon_core.verb:set package 'bumperbot_bringup' build argument 'catkin_cmake_args' from command line to 'None'
[0.322s] Level 5:colcon.colcon_core.verb:set package 'bumperbot_bringup' build argument 'catkin_skip_building_tests' from command line to 'False'
[0.322s] DEBUG:colcon.colcon_core.verb:Building package 'bumperbot_bringup' with the following arguments: {'ament_cmake_args': None, 'build_base': '/home/eeiww/ud90uhak/bumperbot_ws/src/build/bumperbot_bringup', 'catkin_cmake_args': None, 'catkin_skip_building_tests': False, 'cmake_args': None, 'cmake_clean_cache': False, 'cmake_clean_first': False, 'cmake_force_configure': False, 'cmake_target': None, 'cmake_target_skip_unavailable': False, 'install_base': '/home/eeiww/ud90uhak/bumperbot_ws/src/install/bumperbot_bringup', 'merge_install': False, 'path': '/home/eeiww/ud90uhak/bumperbot_ws/src/bumperbot_bringup', 'symlink_install': False, 'test_result_base': None}
[0.322s] Level 5:colcon.colcon_core.verb:set package 'bumperbot_cpp_examples' build argument 'cmake_args' from command line to 'None'
[0.323s] Level 5:colcon.colcon_core.verb:set package 'bumperbot_cpp_examples' build argument 'cmake_target' from command line to 'None'
[0.323s] Level 5:colcon.colcon_core.verb:set package 'bumperbot_cpp_examples' build argument 'cmake_target_skip_unavailable' from command line to 'False'
[0.323s] Level 5:colcon.colcon_core.verb:set package 'bumperbot_cpp_examples' build argument 'cmake_clean_cache' from command line to 'False'
[0.323s] Level 5:colcon.colcon_core.verb:set package 'bumperbot_cpp_examples' build argument 'cmake_clean_first' from command line to 'False'
[0.324s] Level 5:colcon.colcon_core.verb:set package 'bumperbot_cpp_examples' build argument 'cmake_force_configure' from command line to 'False'
[0.324s] Level 5:colcon.colcon_core.verb:set package 'bumperbot_cpp_examples' build argument 'ament_cmake_args' from command line to 'None'
[0.324s] Level 5:colcon.colcon_core.verb:set package 'bumperbot_cpp_examples' build argument 'catkin_cmake_args' from command line to 'None'
[0.324s] Level 5:colcon.colcon_core.verb:set package 'bumperbot_cpp_examples' build argument 'catkin_skip_building_tests' from command line to 'False'
[0.324s] DEBUG:colcon.colcon_core.verb:Building package 'bumperbot_cpp_examples' with the following arguments: {'ament_cmake_args': None, 'build_base': '/home/eeiww/ud90uhak/bumperbot_ws/src/build/bumperbot_cpp_examples', 'catkin_cmake_args': None, 'catkin_skip_building_tests': False, 'cmake_args': None, 'cmake_clean_cache': False, 'cmake_clean_first': False, 'cmake_force_configure': False, 'cmake_target': None, 'cmake_target_skip_unavailable': False, 'install_base': '/home/eeiww/ud90uhak/bumperbot_ws/src/install/bumperbot_cpp_examples', 'merge_install': False, 'path': '/home/eeiww/ud90uhak/bumperbot_ws/src/bumperbot_cpp_examples', 'symlink_install': False, 'test_result_base': None}
[0.324s] Level 5:colcon.colcon_core.verb:set package 'bumperbot_navigation' build argument 'cmake_args' from command line to 'None'
[0.324s] Level 5:colcon.colcon_core.verb:set package 'bumperbot_navigation' build argument 'cmake_target' from command line to 'None'
[0.324s] Level 5:colcon.colcon_core.verb:set package 'bumperbot_navigation' build argument 'cmake_target_skip_unavailable' from command line to 'False'
[0.324s] Level 5:colcon.colcon_core.verb:set package 'bumperbot_navigation' build argument 'cmake_clean_cache' from command line to 'False'
[0.324s] Level 5:colcon.colcon_core.verb:set package 'bumperbot_navigation' build argument 'cmake_clean_first' from command line to 'False'
[0.325s] Level 5:colcon.colcon_core.verb:set package 'bumperbot_navigation' build argument 'cmake_force_configure' from command line to 'False'
[0.325s] Level 5:colcon.colcon_core.verb:set package 'bumperbot_navigation' build argument 'ament_cmake_args' from command line to 'None'
[0.325s] Level 5:colcon.colcon_core.verb:set package 'bumperbot_navigation' build argument 'catkin_cmake_args' from command line to 'None'
[0.325s] Level 5:colcon.colcon_core.verb:set package 'bumperbot_navigation' build argument 'catkin_skip_building_tests' from command line to 'False'
[0.325s] DEBUG:colcon.colcon_core.verb:Building package 'bumperbot_navigation' with the following arguments: {'ament_cmake_args': None, 'build_base': '/home/eeiww/ud90uhak/bumperbot_ws/src/build/bumperbot_navigation', 'catkin_cmake_args': None, 'catkin_skip_building_tests': False, 'cmake_args': None, 'cmake_clean_cache': False, 'cmake_clean_first': False, 'cmake_force_configure': False, 'cmake_target': None, 'cmake_target_skip_unavailable': False, 'install_base': '/home/eeiww/ud90uhak/bumperbot_ws/src/install/bumperbot_navigation', 'merge_install': False, 'path': '/home/eeiww/ud90uhak/bumperbot_ws/src/bumperbot_navigation', 'symlink_install': False, 'test_result_base': None}
[0.325s] Level 5:colcon.colcon_core.verb:set package 'bumperbot_py_examples' build argument 'cmake_args' from command line to 'None'
[0.326s] Level 5:colcon.colcon_core.verb:set package 'bumperbot_py_examples' build argument 'cmake_target' from command line to 'None'
[0.326s] Level 5:colcon.colcon_core.verb:set package 'bumperbot_py_examples' build argument 'cmake_target_skip_unavailable' from command line to 'False'
[0.326s] Level 5:colcon.colcon_core.verb:set package 'bumperbot_py_examples' build argument 'cmake_clean_cache' from command line to 'False'
[0.326s] Level 5:colcon.colcon_core.verb:set package 'bumperbot_py_examples' build argument 'cmake_clean_first' from command line to 'False'
[0.327s] Level 5:colcon.colcon_core.verb:set package 'bumperbot_py_examples' build argument 'cmake_force_configure' from command line to 'False'
[0.327s] Level 5:colcon.colcon_core.verb:set package 'bumperbot_py_examples' build argument 'ament_cmake_args' from command line to 'None'
[0.327s] Level 5:colcon.colcon_core.verb:set package 'bumperbot_py_examples' build argument 'catkin_cmake_args' from command line to 'None'
[0.327s] Level 5:colcon.colcon_core.verb:set package 'bumperbot_py_examples' build argument 'catkin_skip_building_tests' from command line to 'False'
[0.327s] DEBUG:colcon.colcon_core.verb:Building package 'bumperbot_py_examples' with the following arguments: {'ament_cmake_args': None, 'build_base': '/home/eeiww/ud90uhak/bumperbot_ws/src/build/bumperbot_py_examples', 'catkin_cmake_args': None, 'catkin_skip_building_tests': False, 'cmake_args': None, 'cmake_clean_cache': False, 'cmake_clean_first': False, 'cmake_force_configure': False, 'cmake_target': None, 'cmake_target_skip_unavailable': False, 'install_base': '/home/eeiww/ud90uhak/bumperbot_ws/src/install/bumperbot_py_examples', 'merge_install': False, 'path': '/home/eeiww/ud90uhak/bumperbot_ws/src/bumperbot_py_examples', 'symlink_install': False, 'test_result_base': None}
[0.327s] INFO:colcon.colcon_core.executor:Executing jobs using 'parallel' executor
[0.328s] DEBUG:colcon.colcon_parallel_executor.executor.parallel:run_until_complete
[0.328s] INFO:colcon.colcon_ros.task.ament_cmake.build:Building ROS package in '/home/eeiww/ud90uhak/bumperbot_ws/src/bumperbot_msgs' with build type 'ament_cmake'
[0.328s] INFO:colcon.colcon_cmake.task.cmake.build:Building CMake package in '/home/eeiww/ud90uhak/bumperbot_ws/src/bumperbot_msgs'
[0.330s] INFO:colcon.colcon_core.plugin_system:Skipping extension 'colcon_core.shell.bat': Not used on non-Windows systems
[0.330s] INFO:colcon.colcon_core.shell:Skip shell extension 'powershell' for command environment: Not usable outside of PowerShell
[0.331s] DEBUG:colcon.colcon_core.shell:Skip shell extension 'dsv' for command environment
[0.336s] INFO:colcon.colcon_ros.task.ament_cmake.build:Building ROS package in '/home/eeiww/ud90uhak/bumperbot_ws/src/bumperbot_controller' with build type 'ament_cmake'
[0.337s] INFO:colcon.colcon_cmake.task.cmake.build:Building CMake package in '/home/eeiww/ud90uhak/bumperbot_ws/src/bumperbot_controller'
[0.337s] INFO:colcon.colcon_core.shell:Skip shell extension 'powershell' for command environment: Not usable outside of PowerShell
[0.337s] DEBUG:colcon.colcon_core.shell:Skip shell extension 'dsv' for command environment
[0.343s] INFO:colcon.colcon_ros.task.ament_cmake.build:Building ROS package in '/home/eeiww/ud90uhak/bumperbot_ws/src/bumperbot_description' with build type 'ament_cmake'
[0.343s] INFO:colcon.colcon_cmake.task.cmake.build:Building CMake package in '/home/eeiww/ud90uhak/bumperbot_ws/src/bumperbot_description'
[0.343s] INFO:colcon.colcon_core.shell:Skip shell extension 'powershell' for command environment: Not usable outside of PowerShell
[0.344s] DEBUG:colcon.colcon_core.shell:Skip shell extension 'dsv' for command environment
[0.349s] INFO:colcon.colcon_ros.task.ament_cmake.build:Building ROS package in '/home/eeiww/ud90uhak/bumperbot_ws/src/bumperbot_firmware' with build type 'ament_cmake'
[0.349s] INFO:colcon.colcon_cmake.task.cmake.build:Building CMake package in '/home/eeiww/ud90uhak/bumperbot_ws/src/bumperbot_firmware'
[0.350s] INFO:colcon.colcon_core.shell:Skip shell extension 'powershell' for command environment: Not usable outside of PowerShell
[0.350s] DEBUG:colcon.colcon_core.shell:Skip shell extension 'dsv' for command environment
[0.355s] INFO:colcon.colcon_ros.task.ament_cmake.build:Building ROS package in '/home/eeiww/ud90uhak/bumperbot_ws/src/bumperbot_localization' with build type 'ament_cmake'
[0.356s] INFO:colcon.colcon_cmake.task.cmake.build:Building CMake package in '/home/eeiww/ud90uhak/bumperbot_ws/src/bumperbot_localization'
[0.356s] INFO:colcon.colcon_core.shell:Skip shell extension 'powershell' for command environment: Not usable outside of PowerShell
[0.356s] DEBUG:colcon.colcon_core.shell:Skip shell extension 'dsv' for command environment
[0.361s] INFO:colcon.colcon_ros.task.ament_cmake.build:Building ROS package in '/home/eeiww/ud90uhak/bumperbot_ws/src/bumperbot_mapping' with build type 'ament_cmake'
[0.362s] INFO:colcon.colcon_cmake.task.cmake.build:Building CMake package in '/home/eeiww/ud90uhak/bumperbot_ws/src/bumperbot_mapping'
[0.362s] INFO:colcon.colcon_core.shell:Skip shell extension 'powershell' for command environment: Not usable outside of PowerShell
[0.362s] DEBUG:colcon.colcon_core.shell:Skip shell extension 'dsv' for command environment
[0.367s] INFO:colcon.colcon_ros.task.ament_cmake.build:Building ROS package in '/home/eeiww/ud90uhak/bumperbot_ws/src/bumperbot_planning' with build type 'ament_cmake'
[0.368s] INFO:colcon.colcon_cmake.task.cmake.build:Building CMake package in '/home/eeiww/ud90uhak/bumperbot_ws/src/bumperbot_planning'
[0.368s] INFO:colcon.colcon_core.shell:Skip shell extension 'powershell' for command environment: Not usable outside of PowerShell
[0.368s] DEBUG:colcon.colcon_core.shell:Skip shell extension 'dsv' for command environment
[0.374s] INFO:colcon.colcon_ros.task.ament_cmake.build:Building ROS package in '/home/eeiww/ud90uhak/bumperbot_ws/src/bumperbot_motion' with build type 'ament_cmake'
[0.374s] INFO:colcon.colcon_cmake.task.cmake.build:Building CMake package in '/home/eeiww/ud90uhak/bumperbot_ws/src/bumperbot_motion'
[0.374s] INFO:colcon.colcon_core.shell:Skip shell extension 'powershell' for command environment: Not usable outside of PowerShell
[0.374s] DEBUG:colcon.colcon_core.shell:Skip shell extension 'dsv' for command environment
[0.393s] DEBUG:colcon.colcon_core.event_handler.log_command:Invoking command in '/home/eeiww/ud90uhak/bumperbot_ws/src/build/bumperbot_msgs': CMAKE_PREFIX_PATH=${CMAKE_PREFIX_PATH}:/opt/ros/jazzy DEBUGINFOD_URLS=https://debuginfod.ubuntu.com /usr/bin/cmake --build /home/eeiww/ud90uhak/bumperbot_ws/src/build/bumperbot_msgs -- -j8 -l8
[0.400s] DEBUG:colcon.colcon_core.event_handler.log_command:Invoking command in '/home/eeiww/ud90uhak/bumperbot_ws/src/build/bumperbot_controller': CMAKE_PREFIX_PATH=${CMAKE_PREFIX_PATH}:/opt/ros/jazzy DEBUGINFOD_URLS=https://debuginfod.ubuntu.com /usr/bin/cmake --build /home/eeiww/ud90uhak/bumperbot_ws/src/build/bumperbot_controller -- -j8 -l8
[0.408s] DEBUG:colcon.colcon_core.event_handler.log_command:Invoking command in '/home/eeiww/ud90uhak/bumperbot_ws/src/build/bumperbot_description': CMAKE_PREFIX_PATH=${CMAKE_PREFIX_PATH}:/opt/ros/jazzy DEBUGINFOD_URLS=https://debuginfod.ubuntu.com /usr/bin/cmake --build /home/eeiww/ud90uhak/bumperbot_ws/src/build/bumperbot_description -- -j8 -l8
[0.414s] DEBUG:colcon.colcon_core.event_handler.log_command:Invoking command in '/home/eeiww/ud90uhak/bumperbot_ws/src/build/bumperbot_firmware': CMAKE_PREFIX_PATH=${CMAKE_PREFIX_PATH}:/opt/ros/jazzy DEBUGINFOD_URLS=https://debuginfod.ubuntu.com /usr/bin/cmake --build /home/eeiww/ud90uhak/bumperbot_ws/src/build/bumperbot_firmware -- -j8 -l8
[0.421s] DEBUG:colcon.colcon_core.event_handler.log_command:Invoking command in '/home/eeiww/ud90uhak/bumperbot_ws/src/build/bumperbot_localization': CMAKE_PREFIX_PATH=${CMAKE_PREFIX_PATH}:/opt/ros/jazzy DEBUGINFOD_URLS=https://debuginfod.ubuntu.com /usr/bin/cmake --build /home/eeiww/ud90uhak/bumperbot_ws/src/build/bumperbot_localization -- -j8 -l8
[0.429s] DEBUG:colcon.colcon_core.event_handler.log_command:Invoking command in '/home/eeiww/ud90uhak/bumperbot_ws/src/build/bumperbot_mapping': CMAKE_PREFIX_PATH=${CMAKE_PREFIX_PATH}:/opt/ros/jazzy DEBUGINFOD_URLS=https://debuginfod.ubuntu.com /usr/bin/cmake --build /home/eeiww/ud90uhak/bumperbot_ws/src/build/bumperbot_mapping -- -j8 -l8
[0.438s] DEBUG:colcon.colcon_core.event_handler.log_command:Invoking command in '/home/eeiww/ud90uhak/bumperbot_ws/src/build/bumperbot_planning': CMAKE_PREFIX_PATH=${CMAKE_PREFIX_PATH}:/opt/ros/jazzy DEBUGINFOD_URLS=https://debuginfod.ubuntu.com /usr/bin/cmake --build /home/eeiww/ud90uhak/bumperbot_ws/src/build/bumperbot_planning -- -j8 -l8
[0.455s] DEBUG:colcon.colcon_core.event_handler.log_command:Invoking command in '/home/eeiww/ud90uhak/bumperbot_ws/src/build/bumperbot_motion': CMAKE_PREFIX_PATH=${CMAKE_PREFIX_PATH}:/opt/ros/jazzy DEBUGINFOD_URLS=https://debuginfod.ubuntu.com /usr/bin/cmake --build /home/eeiww/ud90uhak/bumperbot_ws/src/build/bumperbot_motion -- -j8 -l8
[0.456s] DEBUG:colcon.colcon_core.event_handler.log_command:Invoked command in '/home/eeiww/ud90uhak/bumperbot_ws/src/build/bumperbot_description' returned '0': CMAKE_PREFIX_PATH=${CMAKE_PREFIX_PATH}:/opt/ros/jazzy DEBUGINFOD_URLS=https://debuginfod.ubuntu.com /usr/bin/cmake --build /home/eeiww/ud90uhak/bumperbot_ws/src/build/bumperbot_description -- -j8 -l8
[0.457s] DEBUG:colcon.colcon_core.event_handler.log_command:Invoking command in '/home/eeiww/ud90uhak/bumperbot_ws/src/build/bumperbot_description': CMAKE_PREFIX_PATH=${CMAKE_PREFIX_PATH}:/opt/ros/jazzy DEBUGINFOD_URLS=https://debuginfod.ubuntu.com /usr/bin/cmake --install /home/eeiww/ud90uhak/bumperbot_ws/src/build/bumperbot_description
[1.114s] DEBUG:colcon.colcon_core.event_handler.log_command:Invoked command in '/home/eeiww/ud90uhak/bumperbot_ws/src/build/bumperbot_localization' returned '0': CMAKE_PREFIX_PATH=${CMAKE_PREFIX_PATH}:/opt/ros/jazzy DEBUGINFOD_URLS=https://debuginfod.ubuntu.com /usr/bin/cmake --build /home/eeiww/ud90uhak/bumperbot_ws/src/build/bumperbot_localization -- -j8 -l8
[1.119s] DEBUG:colcon.colcon_core.event_handler.log_command:Invoking command in '/home/eeiww/ud90uhak/bumperbot_ws/src/build/bumperbot_localization': CMAKE_PREFIX_PATH=${CMAKE_PREFIX_PATH}:/opt/ros/jazzy DEBUGINFOD_URLS=https://debuginfod.ubuntu.com /usr/bin/cmake --install /home/eeiww/ud90uhak/bumperbot_ws/src/build/bumperbot_localization
[1.173s] DEBUG:colcon.colcon_core.event_handler.log_command:Invoked command in '/home/eeiww/ud90uhak/bumperbot_ws/src/build/bumperbot_mapping' returned '0': CMAKE_PREFIX_PATH=${CMAKE_PREFIX_PATH}:/opt/ros/jazzy DEBUGINFOD_URLS=https://debuginfod.ubuntu.com /usr/bin/cmake --build /home/eeiww/ud90uhak/bumperbot_ws/src/build/bumperbot_mapping -- -j8 -l8
[1.174s] DEBUG:colcon.colcon_core.event_handler.log_command:Invoking command in '/home/eeiww/ud90uhak/bumperbot_ws/src/build/bumperbot_mapping': CMAKE_PREFIX_PATH=${CMAKE_PREFIX_PATH}:/opt/ros/jazzy DEBUGINFOD_URLS=https://debuginfod.ubuntu.com /usr/bin/cmake --install /home/eeiww/ud90uhak/bumperbot_ws/src/build/bumperbot_mapping
[1.174s] DEBUG:colcon.colcon_core.event_handler.log_command:Invoked command in '/home/eeiww/ud90uhak/bumperbot_ws/src/build/bumperbot_controller' returned '0': CMAKE_PREFIX_PATH=${CMAKE_PREFIX_PATH}:/opt/ros/jazzy DEBUGINFOD_URLS=https://debuginfod.ubuntu.com /usr/bin/cmake --build /home/eeiww/ud90uhak/bumperbot_ws/src/build/bumperbot_controller -- -j8 -l8
[1.176s] DEBUG:colcon.colcon_core.event_handler.log_command:Invoking command in '/home/eeiww/ud90uhak/bumperbot_ws/src/build/bumperbot_controller': CMAKE_PREFIX_PATH=${CMAKE_PREFIX_PATH}:/opt/ros/jazzy DEBUGINFOD_URLS=https://debuginfod.ubuntu.com /usr/bin/cmake --install /home/eeiww/ud90uhak/bumperbot_ws/src/build/bumperbot_controller
[1.176s] DEBUG:colcon.colcon_core.event_handler.log_command:Invoked command in '/home/eeiww/ud90uhak/bumperbot_ws/src/build/bumperbot_firmware' returned '0': CMAKE_PREFIX_PATH=${CMAKE_PREFIX_PATH}:/opt/ros/jazzy DEBUGINFOD_URLS=https://debuginfod.ubuntu.com /usr/bin/cmake --build /home/eeiww/ud90uhak/bumperbot_ws/src/build/bumperbot_firmware -- -j8 -l8
[1.177s] DEBUG:colcon.colcon_core.event_handler.log_command:Invoking command in '/home/eeiww/ud90uhak/bumperbot_ws/src/build/bumperbot_firmware': CMAKE_PREFIX_PATH=${CMAKE_PREFIX_PATH}:/opt/ros/jazzy DEBUGINFOD_URLS=https://debuginfod.ubuntu.com /usr/bin/cmake --install /home/eeiww/ud90uhak/bumperbot_ws/src/build/bumperbot_firmware
[1.183s] DEBUG:colcon.colcon_core.event_handler.log_command:Invoked command in '/home/eeiww/ud90uhak/bumperbot_ws/src/build/bumperbot_planning' returned '0': CMAKE_PREFIX_PATH=${CMAKE_PREFIX_PATH}:/opt/ros/jazzy DEBUGINFOD_URLS=https://debuginfod.ubuntu.com /usr/bin/cmake --build /home/eeiww/ud90uhak/bumperbot_ws/src/build/bumperbot_planning -- -j8 -l8
[1.184s] DEBUG:colcon.colcon_core.event_handler.log_command:Invoking command in '/home/eeiww/ud90uhak/bumperbot_ws/src/build/bumperbot_planning': CMAKE_PREFIX_PATH=${CMAKE_PREFIX_PATH}:/opt/ros/jazzy DEBUGINFOD_URLS=https://debuginfod.ubuntu.com /usr/bin/cmake --install /home/eeiww/ud90uhak/bumperbot_ws/src/build/bumperbot_planning
[1.190s] DEBUG:colcon.colcon_core.event_handler.log_command:Invoked command in '/home/eeiww/ud90uhak/bumperbot_ws/src/build/bumperbot_motion' returned '0': CMAKE_PREFIX_PATH=${CMAKE_PREFIX_PATH}:/opt/ros/jazzy DEBUGINFOD_URLS=https://debuginfod.ubuntu.com /usr/bin/cmake --build /home/eeiww/ud90uhak/bumperbot_ws/src/build/bumperbot_motion -- -j8 -l8
[1.191s] DEBUG:colcon.colcon_core.event_handler.log_command:Invoking command in '/home/eeiww/ud90uhak/bumperbot_ws/src/build/bumperbot_motion': CMAKE_PREFIX_PATH=${CMAKE_PREFIX_PATH}:/opt/ros/jazzy DEBUGINFOD_URLS=https://debuginfod.ubuntu.com /usr/bin/cmake --install /home/eeiww/ud90uhak/bumperbot_ws/src/build/bumperbot_motion
[1.216s] DEBUG:colcon.colcon_core.event_handler.log_command:Invoked command in '/home/eeiww/ud90uhak/bumperbot_ws/src/build/bumperbot_msgs' returned '0': CMAKE_PREFIX_PATH=${CMAKE_PREFIX_PATH}:/opt/ros/jazzy DEBUGINFOD_URLS=https://debuginfod.ubuntu.com /usr/bin/cmake --build /home/eeiww/ud90uhak/bumperbot_ws/src/build/bumperbot_msgs -- -j8 -l8
[1.218s] DEBUG:colcon.colcon_core.event_handler.log_command:Invoking command in '/home/eeiww/ud90uhak/bumperbot_ws/src/build/bumperbot_msgs': CMAKE_PREFIX_PATH=${CMAKE_PREFIX_PATH}:/opt/ros/jazzy DEBUGINFOD_URLS=https://debuginfod.ubuntu.com /usr/bin/cmake --install /home/eeiww/ud90uhak/bumperbot_ws/src/build/bumperbot_msgs
[1.263s] Level 1:colcon.colcon_core.environment:create_environment_scripts_only(bumperbot_mapping)
[1.264s] DEBUG:colcon.colcon_core.event_handler.log_command:Invoked command in '/home/eeiww/ud90uhak/bumperbot_ws/src/build/bumperbot_mapping' returned '0': CMAKE_PREFIX_PATH=${CMAKE_PREFIX_PATH}:/opt/ros/jazzy DEBUGINFOD_URLS=https://debuginfod.ubuntu.com /usr/bin/cmake --install /home/eeiww/ud90uhak/bumperbot_ws/src/build/bumperbot_mapping
[1.268s] Level 1:colcon.colcon_core.environment:checking '/home/eeiww/ud90uhak/bumperbot_ws/src/install/bumperbot_mapping' for CMake module files
[1.273s] Level 1:colcon.colcon_core.environment:checking '/home/eeiww/ud90uhak/bumperbot_ws/src/install/bumperbot_mapping' for CMake config files
[1.276s] Level 1:colcon.colcon_core.shell:create_environment_hook('bumperbot_mapping', 'cmake_prefix_path')
[1.276s] INFO:colcon.colcon_core.shell:Creating environment hook '/home/eeiww/ud90uhak/bumperbot_ws/src/install/bumperbot_mapping/share/bumperbot_mapping/hook/cmake_prefix_path.ps1'
[1.280s] INFO:colcon.colcon_core.shell:Creating environment descriptor '/home/eeiww/ud90uhak/bumperbot_ws/src/install/bumperbot_mapping/share/bumperbot_mapping/hook/cmake_prefix_path.dsv'
[1.282s] INFO:colcon.colcon_core.shell:Creating environment hook '/home/eeiww/ud90uhak/bumperbot_ws/src/install/bumperbot_mapping/share/bumperbot_mapping/hook/cmake_prefix_path.sh'
[1.285s] Level 1:colcon.colcon_core.environment:checking '/home/eeiww/ud90uhak/bumperbot_ws/src/install/bumperbot_mapping/lib'
[1.286s] Level 1:colcon.colcon_core.environment:checking '/home/eeiww/ud90uhak/bumperbot_ws/src/install/bumperbot_mapping/bin'
[1.286s] Level 1:colcon.colcon_core.environment:checking '/home/eeiww/ud90uhak/bumperbot_ws/src/install/bumperbot_mapping/lib/pkgconfig/bumperbot_mapping.pc'
[1.286s] Level 1:colcon.colcon_core.environment:checking '/home/eeiww/ud90uhak/bumperbot_ws/src/install/bumperbot_mapping/lib/python3.12/site-packages'
[1.286s] Level 1:colcon.colcon_core.shell:create_environment_hook('bumperbot_mapping', 'pythonpath')
[1.286s] INFO:colcon.colcon_core.shell:Creating environment hook '/home/eeiww/ud90uhak/bumperbot_ws/src/install/bumperbot_mapping/share/bumperbot_mapping/hook/pythonpath.ps1'
[1.288s] INFO:colcon.colcon_core.shell:Creating environment descriptor '/home/eeiww/ud90uhak/bumperbot_ws/src/install/bumperbot_mapping/share/bumperbot_mapping/hook/pythonpath.dsv'
[1.291s] INFO:colcon.colcon_core.shell:Creating environment hook '/home/eeiww/ud90uhak/bumperbot_ws/src/install/bumperbot_mapping/share/bumperbot_mapping/hook/pythonpath.sh'
[1.293s] Level 1:colcon.colcon_core.environment:checking '/home/eeiww/ud90uhak/bumperbot_ws/src/install/bumperbot_mapping/bin'
[1.294s] INFO:colcon.colcon_core.shell:Creating package script '/home/eeiww/ud90uhak/bumperbot_ws/src/install/bumperbot_mapping/share/bumperbot_mapping/package.ps1'
[1.296s] INFO:colcon.colcon_core.shell:Creating package descriptor '/home/eeiww/ud90uhak/bumperbot_ws/src/install/bumperbot_mapping/share/bumperbot_mapping/package.dsv'
[1.298s] INFO:colcon.colcon_core.shell:Creating package script '/home/eeiww/ud90uhak/bumperbot_ws/src/install/bumperbot_mapping/share/bumperbot_mapping/package.sh'
[1.301s] INFO:colcon.colcon_core.shell:Creating package script '/home/eeiww/ud90uhak/bumperbot_ws/src/install/bumperbot_mapping/share/bumperbot_mapping/package.bash'
[1.303s] INFO:colcon.colcon_core.shell:Creating package script '/home/eeiww/ud90uhak/bumperbot_ws/src/install/bumperbot_mapping/share/bumperbot_mapping/package.zsh'
[1.305s] Level 1:colcon.colcon_core.environment:create_file_with_runtime_dependencies(/home/eeiww/ud90uhak/bumperbot_ws/src/install/bumperbot_mapping/share/colcon-core/packages/bumperbot_mapping)
[1.308s] Level 1:colcon.colcon_core.environment:create_environment_scripts_only(bumperbot_mapping)
[1.308s] Level 1:colcon.colcon_core.environment:checking '/home/eeiww/ud90uhak/bumperbot_ws/src/install/bumperbot_mapping' for CMake module files
[1.310s] Level 1:colcon.colcon_core.environment:checking '/home/eeiww/ud90uhak/bumperbot_ws/src/install/bumperbot_mapping' for CMake config files
[1.312s] Level 1:colcon.colcon_core.shell:create_environment_hook('bumperbot_mapping', 'cmake_prefix_path')
[1.312s] INFO:colcon.colcon_core.shell:Creating environment hook '/home/eeiww/ud90uhak/bumperbot_ws/src/install/bumperbot_mapping/share/bumperbot_mapping/hook/cmake_prefix_path.ps1'
[1.314s] INFO:colcon.colcon_core.shell:Creating environment descriptor '/home/eeiww/ud90uhak/bumperbot_ws/src/install/bumperbot_mapping/share/bumperbot_mapping/hook/cmake_prefix_path.dsv'
[1.316s] INFO:colcon.colcon_core.shell:Creating environment hook '/home/eeiww/ud90uhak/bumperbot_ws/src/install/bumperbot_mapping/share/bumperbot_mapping/hook/cmake_prefix_path.sh'
[1.318s] Level 1:colcon.colcon_core.environment:checking '/home/eeiww/ud90uhak/bumperbot_ws/src/install/bumperbot_mapping/lib'
[1.319s] Level 1:colcon.colcon_core.environment:checking '/home/eeiww/ud90uhak/bumperbot_ws/src/install/bumperbot_mapping/bin'
[1.319s] Level 1:colcon.colcon_core.environment:checking '/home/eeiww/ud90uhak/bumperbot_ws/src/install/bumperbot_mapping/lib/pkgconfig/bumperbot_mapping.pc'
[1.319s] Level 1:colcon.colcon_core.environment:checking '/home/eeiww/ud90uhak/bumperbot_ws/src/install/bumperbot_mapping/lib/python3.12/site-packages'
[1.319s] Level 1:colcon.colcon_core.shell:create_environment_hook('bumperbot_mapping', 'pythonpath')
[1.319s] INFO:colcon.colcon_core.shell:Creating environment hook '/home/eeiww/ud90uhak/bumperbot_ws/src/install/bumperbot_mapping/share/bumperbot_mapping/hook/pythonpath.ps1'
[1.321s] INFO:colcon.colcon_core.shell:Creating environment descriptor '/home/eeiww/ud90uhak/bumperbot_ws/src/install/bumperbot_mapping/share/bumperbot_mapping/hook/pythonpath.dsv'
[1.323s] INFO:colcon.colcon_core.shell:Creating environment hook '/home/eeiww/ud90uhak/bumperbot_ws/src/install/bumperbot_mapping/share/bumperbot_mapping/hook/pythonpath.sh'
[1.326s] Level 1:colcon.colcon_core.environment:checking '/home/eeiww/ud90uhak/bumperbot_ws/src/install/bumperbot_mapping/bin'
[1.326s] INFO:colcon.colcon_core.shell:Creating package script '/home/eeiww/ud90uhak/bumperbot_ws/src/install/bumperbot_mapping/share/bumperbot_mapping/package.ps1'
[1.329s] INFO:colcon.colcon_core.shell:Creating package descriptor '/home/eeiww/ud90uhak/bumperbot_ws/src/install/bumperbot_mapping/share/bumperbot_mapping/package.dsv'
[1.331s] INFO:colcon.colcon_core.shell:Creating package script '/home/eeiww/ud90uhak/bumperbot_ws/src/install/bumperbot_mapping/share/bumperbot_mapping/package.sh'
[1.335s] INFO:colcon.colcon_core.shell:Creating package script '/home/eeiww/ud90uhak/bumperbot_ws/src/install/bumperbot_mapping/share/bumperbot_mapping/package.bash'
[1.337s] INFO:colcon.colcon_core.shell:Creating package script '/home/eeiww/ud90uhak/bumperbot_ws/src/install/bumperbot_mapping/share/bumperbot_mapping/package.zsh'
[1.339s] Level 1:colcon.colcon_core.environment:create_file_with_runtime_dependencies(/home/eeiww/ud90uhak/bumperbot_ws/src/install/bumperbot_mapping/share/colcon-core/packages/bumperbot_mapping)
[1.342s] INFO:colcon.colcon_ros.task.ament_cmake.build:Building ROS package in '/home/eeiww/ud90uhak/bumperbot_ws/src/bumperbot_utils' with build type 'ament_cmake'
[1.342s] INFO:colcon.colcon_cmake.task.cmake.build:Building CMake package in '/home/eeiww/ud90uhak/bumperbot_ws/src/bumperbot_utils'
[1.342s] INFO:colcon.colcon_core.shell:Skip shell extension 'powershell' for command environment: Not usable outside of PowerShell
[1.342s] DEBUG:colcon.colcon_core.shell:Skip shell extension 'dsv' for command environment
[1.363s] Level 1:colcon.colcon_core.environment:create_environment_scripts_only(bumperbot_planning)
[1.363s] Level 1:colcon.colcon_core.environment:checking '/home/eeiww/ud90uhak/bumperbot_ws/src/install/bumperbot_planning' for CMake module files
[1.369s] Level 1:colcon.colcon_core.environment:checking '/home/eeiww/ud90uhak/bumperbot_ws/src/install/bumperbot_planning' for CMake config files
[1.374s] Level 1:colcon.colcon_core.shell:create_environment_hook('bumperbot_planning', 'cmake_prefix_path')
[1.374s] INFO:colcon.colcon_core.shell:Creating environment hook '/home/eeiww/ud90uhak/bumperbot_ws/src/install/bumperbot_planning/share/bumperbot_planning/hook/cmake_prefix_path.ps1'
[1.379s] INFO:colcon.colcon_core.shell:Creating environment descriptor '/home/eeiww/ud90uhak/bumperbot_ws/src/install/bumperbot_planning/share/bumperbot_planning/hook/cmake_prefix_path.dsv'
[1.383s] INFO:colcon.colcon_core.shell:Creating environment hook '/home/eeiww/ud90uhak/bumperbot_ws/src/install/bumperbot_planning/share/bumperbot_planning/hook/cmake_prefix_path.sh'
[1.386s] DEBUG:colcon.colcon_core.event_handler.log_command:Invoked command in '/home/eeiww/ud90uhak/bumperbot_ws/src/build/bumperbot_planning' returned '0': CMAKE_PREFIX_PATH=${CMAKE_PREFIX_PATH}:/opt/ros/jazzy DEBUGINFOD_URLS=https://debuginfod.ubuntu.com /usr/bin/cmake --install /home/eeiww/ud90uhak/bumperbot_ws/src/build/bumperbot_planning
[1.389s] Level 1:colcon.colcon_core.environment:checking '/home/eeiww/ud90uhak/bumperbot_ws/src/install/bumperbot_planning/lib'
[1.390s] Level 1:colcon.colcon_core.shell:create_environment_hook('bumperbot_planning', 'ld_library_path_lib')
[1.391s] INFO:colcon.colcon_core.shell:Creating environment hook '/home/eeiww/ud90uhak/bumperbot_ws/src/install/bumperbot_planning/share/bumperbot_planning/hook/ld_library_path_lib.ps1'
[1.395s] INFO:colcon.colcon_core.shell:Creating environment descriptor '/home/eeiww/ud90uhak/bumperbot_ws/src/install/bumperbot_planning/share/bumperbot_planning/hook/ld_library_path_lib.dsv'
[1.403s] INFO:colcon.colcon_core.shell:Creating environment hook '/home/eeiww/ud90uhak/bumperbot_ws/src/install/bumperbot_planning/share/bumperbot_planning/hook/ld_library_path_lib.sh'
[1.411s] Level 1:colcon.colcon_core.environment:checking '/home/eeiww/ud90uhak/bumperbot_ws/src/install/bumperbot_planning/bin'
[1.411s] Level 1:colcon.colcon_core.environment:checking '/home/eeiww/ud90uhak/bumperbot_ws/src/install/bumperbot_planning/lib/pkgconfig/bumperbot_planning.pc'
[1.412s] Level 1:colcon.colcon_core.environment:checking '/home/eeiww/ud90uhak/bumperbot_ws/src/install/bumperbot_planning/lib/python3.12/site-packages'
[1.412s] Level 1:colcon.colcon_core.shell:create_environment_hook('bumperbot_planning', 'pythonpath')
[1.413s] INFO:colcon.colcon_core.shell:Creating environment hook '/home/eeiww/ud90uhak/bumperbot_ws/src/install/bumperbot_planning/share/bumperbot_planning/hook/pythonpath.ps1'
[1.418s] INFO:colcon.colcon_core.shell:Creating environment descriptor '/home/eeiww/ud90uhak/bumperbot_ws/src/install/bumperbot_planning/share/bumperbot_planning/hook/pythonpath.dsv'
[1.424s] INFO:colcon.colcon_core.shell:Creating environment hook '/home/eeiww/ud90uhak/bumperbot_ws/src/install/bumperbot_planning/share/bumperbot_planning/hook/pythonpath.sh'
[1.429s] Level 1:colcon.colcon_core.environment:checking '/home/eeiww/ud90uhak/bumperbot_ws/src/install/bumperbot_planning/bin'
[1.430s] INFO:colcon.colcon_core.shell:Creating package script '/home/eeiww/ud90uhak/bumperbot_ws/src/install/bumperbot_planning/share/bumperbot_planning/package.ps1'
[1.435s] INFO:colcon.colcon_core.shell:Creating package descriptor '/home/eeiww/ud90uhak/bumperbot_ws/src/install/bumperbot_planning/share/bumperbot_planning/package.dsv'
[1.441s] INFO:colcon.colcon_core.shell:Creating package script '/home/eeiww/ud90uhak/bumperbot_ws/src/install/bumperbot_planning/share/bumperbot_planning/package.sh'
[1.447s] INFO:colcon.colcon_core.shell:Creating package script '/home/eeiww/ud90uhak/bumperbot_ws/src/install/bumperbot_planning/share/bumperbot_planning/package.bash'
[1.450s] INFO:colcon.colcon_core.shell:Creating package script '/home/eeiww/ud90uhak/bumperbot_ws/src/install/bumperbot_planning/share/bumperbot_planning/package.zsh'
[1.455s] Level 1:colcon.colcon_core.environment:create_file_with_runtime_dependencies(/home/eeiww/ud90uhak/bumperbot_ws/src/install/bumperbot_planning/share/colcon-core/packages/bumperbot_planning)
[1.461s] Level 1:colcon.colcon_core.environment:create_environment_scripts_only(bumperbot_planning)
[1.461s] Level 1:colcon.colcon_core.environment:checking '/home/eeiww/ud90uhak/bumperbot_ws/src/install/bumperbot_planning' for CMake module files
[1.466s] Level 1:colcon.colcon_core.environment:checking '/home/eeiww/ud90uhak/bumperbot_ws/src/install/bumperbot_planning' for CMake config files
[1.469s] Level 1:colcon.colcon_core.shell:create_environment_hook('bumperbot_planning', 'cmake_prefix_path')
[1.470s] INFO:colcon.colcon_core.shell:Creating environment hook '/home/eeiww/ud90uhak/bumperbot_ws/src/install/bumperbot_planning/share/bumperbot_planning/hook/cmake_prefix_path.ps1'
[1.474s] INFO:colcon.colcon_core.shell:Creating environment descriptor '/home/eeiww/ud90uhak/bumperbot_ws/src/install/bumperbot_planning/share/bumperbot_planning/hook/cmake_prefix_path.dsv'
[1.479s] INFO:colcon.colcon_core.shell:Creating environment hook '/home/eeiww/ud90uhak/bumperbot_ws/src/install/bumperbot_planning/share/bumperbot_planning/hook/cmake_prefix_path.sh'
[1.487s] Level 1:colcon.colcon_core.environment:checking '/home/eeiww/ud90uhak/bumperbot_ws/src/install/bumperbot_planning/lib'
[1.488s] Level 1:colcon.colcon_core.shell:create_environment_hook('bumperbot_planning', 'ld_library_path_lib')
[1.489s] INFO:colcon.colcon_core.shell:Creating environment hook '/home/eeiww/ud90uhak/bumperbot_ws/src/install/bumperbot_planning/share/bumperbot_planning/hook/ld_library_path_lib.ps1'
[1.493s] INFO:colcon.colcon_core.shell:Creating environment descriptor '/home/eeiww/ud90uhak/bumperbot_ws/src/install/bumperbot_planning/share/bumperbot_planning/hook/ld_library_path_lib.dsv'
[1.497s] INFO:colcon.colcon_core.shell:Creating environment hook '/home/eeiww/ud90uhak/bumperbot_ws/src/install/bumperbot_planning/share/bumperbot_planning/hook/ld_library_path_lib.sh'
[1.501s] Level 1:colcon.colcon_core.environment:checking '/home/eeiww/ud90uhak/bumperbot_ws/src/install/bumperbot_planning/bin'
[1.502s] Level 1:colcon.colcon_core.environment:checking '/home/eeiww/ud90uhak/bumperbot_ws/src/install/bumperbot_planning/lib/pkgconfig/bumperbot_planning.pc'
[1.503s] Level 1:colcon.colcon_core.environment:checking '/home/eeiww/ud90uhak/bumperbot_ws/src/install/bumperbot_planning/lib/python3.12/site-packages'
[1.503s] Level 1:colcon.colcon_core.shell:create_environment_hook('bumperbot_planning', 'pythonpath')
[1.503s] INFO:colcon.colcon_core.shell:Creating environment hook '/home/eeiww/ud90uhak/bumperbot_ws/src/install/bumperbot_planning/share/bumperbot_planning/hook/pythonpath.ps1'
[1.507s] INFO:colcon.colcon_core.shell:Creating environment descriptor '/home/eeiww/ud90uhak/bumperbot_ws/src/install/bumperbot_planning/share/bumperbot_planning/hook/pythonpath.dsv'
[1.512s] INFO:colcon.colcon_core.shell:Creating environment hook '/home/eeiww/ud90uhak/bumperbot_ws/src/install/bumperbot_planning/share/bumperbot_planning/hook/pythonpath.sh'
[1.517s] Level 1:colcon.colcon_core.environment:checking '/home/eeiww/ud90uhak/bumperbot_ws/src/install/bumperbot_planning/bin'
[1.518s] INFO:colcon.colcon_core.shell:Creating package script '/home/eeiww/ud90uhak/bumperbot_ws/src/install/bumperbot_planning/share/bumperbot_planning/package.ps1'
[1.524s] INFO:colcon.colcon_core.shell:Creating package descriptor '/home/eeiww/ud90uhak/bumperbot_ws/src/install/bumperbot_planning/share/bumperbot_planning/package.dsv'
[1.528s] INFO:colcon.colcon_core.shell:Creating package script '/home/eeiww/ud90uhak/bumperbot_ws/src/install/bumperbot_planning/share/bumperbot_planning/package.sh'
[1.533s] INFO:colcon.colcon_core.shell:Creating package script '/home/eeiww/ud90uhak/bumperbot_ws/src/install/bumperbot_planning/share/bumperbot_planning/package.bash'
[1.537s] INFO:colcon.colcon_core.shell:Creating package script '/home/eeiww/ud90uhak/bumperbot_ws/src/install/bumperbot_planning/share/bumperbot_planning/package.zsh'
[1.541s] Level 1:colcon.colcon_core.environment:create_file_with_runtime_dependencies(/home/eeiww/ud90uhak/bumperbot_ws/src/install/bumperbot_planning/share/colcon-core/packages/bumperbot_planning)
[1.544s] Level 1:colcon.colcon_core.environment:create_environment_scripts_only(bumperbot_controller)
[1.544s] Level 1:colcon.colcon_core.environment:checking '/home/eeiww/ud90uhak/bumperbot_ws/src/install/bumperbot_controller' for CMake module files
[1.549s] Level 1:colcon.colcon_core.environment:checking '/home/eeiww/ud90uhak/bumperbot_ws/src/install/bumperbot_controller' for CMake config files
[1.550s] DEBUG:colcon.colcon_core.event_handler.log_command:Invoked command in '/home/eeiww/ud90uhak/bumperbot_ws/src/build/bumperbot_controller' returned '0': CMAKE_PREFIX_PATH=${CMAKE_PREFIX_PATH}:/opt/ros/jazzy DEBUGINFOD_URLS=https://debuginfod.ubuntu.com /usr/bin/cmake --install /home/eeiww/ud90uhak/bumperbot_ws/src/build/bumperbot_controller
[1.555s] Level 1:colcon.colcon_core.shell:create_environment_hook('bumperbot_controller', 'cmake_prefix_path')
[1.555s] INFO:colcon.colcon_core.shell:Creating environment hook '/home/eeiww/ud90uhak/bumperbot_ws/src/install/bumperbot_controller/share/bumperbot_controller/hook/cmake_prefix_path.ps1'
[1.558s] INFO:colcon.colcon_core.shell:Creating environment descriptor '/home/eeiww/ud90uhak/bumperbot_ws/src/install/bumperbot_controller/share/bumperbot_controller/hook/cmake_prefix_path.dsv'
[1.561s] INFO:colcon.colcon_core.shell:Creating environment hook '/home/eeiww/ud90uhak/bumperbot_ws/src/install/bumperbot_controller/share/bumperbot_controller/hook/cmake_prefix_path.sh'
[1.565s] Level 1:colcon.colcon_core.environment:checking '/home/eeiww/ud90uhak/bumperbot_ws/src/install/bumperbot_controller/lib'
[1.565s] Level 1:colcon.colcon_core.environment:checking '/home/eeiww/ud90uhak/bumperbot_ws/src/install/bumperbot_controller/bin'
[1.565s] Level 1:colcon.colcon_core.environment:checking '/home/eeiww/ud90uhak/bumperbot_ws/src/install/bumperbot_controller/lib/pkgconfig/bumperbot_controller.pc'
[1.566s] Level 1:colcon.colcon_core.environment:checking '/home/eeiww/ud90uhak/bumperbot_ws/src/install/bumperbot_controller/lib/python3.12/site-packages'
[1.566s] Level 1:colcon.colcon_core.shell:create_environment_hook('bumperbot_controller', 'pythonpath')
[1.566s] INFO:colcon.colcon_core.shell:Creating environment hook '/home/eeiww/ud90uhak/bumperbot_ws/src/install/bumperbot_controller/share/bumperbot_controller/hook/pythonpath.ps1'
[1.569s] INFO:colcon.colcon_core.shell:Creating environment descriptor '/home/eeiww/ud90uhak/bumperbot_ws/src/install/bumperbot_controller/share/bumperbot_controller/hook/pythonpath.dsv'
[1.572s] INFO:colcon.colcon_core.shell:Creating environment hook '/home/eeiww/ud90uhak/bumperbot_ws/src/install/bumperbot_controller/share/bumperbot_controller/hook/pythonpath.sh'
[1.575s] Level 1:colcon.colcon_core.environment:checking '/home/eeiww/ud90uhak/bumperbot_ws/src/install/bumperbot_controller/bin'
[1.576s] INFO:colcon.colcon_core.shell:Creating package script '/home/eeiww/ud90uhak/bumperbot_ws/src/install/bumperbot_controller/share/bumperbot_controller/package.ps1'
[1.579s] INFO:colcon.colcon_core.shell:Creating package descriptor '/home/eeiww/ud90uhak/bumperbot_ws/src/install/bumperbot_controller/share/bumperbot_controller/package.dsv'
[1.581s] INFO:colcon.colcon_core.shell:Creating package script '/home/eeiww/ud90uhak/bumperbot_ws/src/install/bumperbot_controller/share/bumperbot_controller/package.sh'
[1.583s] INFO:colcon.colcon_core.shell:Creating package script '/home/eeiww/ud90uhak/bumperbot_ws/src/install/bumperbot_controller/share/bumperbot_controller/package.bash'
[1.586s] INFO:colcon.colcon_core.shell:Creating package script '/home/eeiww/ud90uhak/bumperbot_ws/src/install/bumperbot_controller/share/bumperbot_controller/package.zsh'
[1.588s] Level 1:colcon.colcon_core.environment:create_file_with_runtime_dependencies(/home/eeiww/ud90uhak/bumperbot_ws/src/install/bumperbot_controller/share/colcon-core/packages/bumperbot_controller)
[1.591s] Level 1:colcon.colcon_core.environment:create_environment_scripts_only(bumperbot_controller)
[1.591s] Level 1:colcon.colcon_core.environment:checking '/home/eeiww/ud90uhak/bumperbot_ws/src/install/bumperbot_controller' for CMake module files
[1.593s] Level 1:colcon.colcon_core.environment:checking '/home/eeiww/ud90uhak/bumperbot_ws/src/install/bumperbot_controller' for CMake config files
[1.597s] Level 1:colcon.colcon_core.shell:create_environment_hook('bumperbot_controller', 'cmake_prefix_path')
[1.597s] INFO:colcon.colcon_core.shell:Creating environment hook '/home/eeiww/ud90uhak/bumperbot_ws/src/install/bumperbot_controller/share/bumperbot_controller/hook/cmake_prefix_path.ps1'
[1.599s] INFO:colcon.colcon_core.shell:Creating environment descriptor '/home/eeiww/ud90uhak/bumperbot_ws/src/install/bumperbot_controller/share/bumperbot_controller/hook/cmake_prefix_path.dsv'
[1.602s] INFO:colcon.colcon_core.shell:Creating environment hook '/home/eeiww/ud90uhak/bumperbot_ws/src/install/bumperbot_controller/share/bumperbot_controller/hook/cmake_prefix_path.sh'
[1.604s] Level 1:colcon.colcon_core.environment:checking '/home/eeiww/ud90uhak/bumperbot_ws/src/install/bumperbot_controller/lib'
[1.605s] Level 1:colcon.colcon_core.environment:checking '/home/eeiww/ud90uhak/bumperbot_ws/src/install/bumperbot_controller/bin'
[1.605s] Level 1:colcon.colcon_core.environment:checking '/home/eeiww/ud90uhak/bumperbot_ws/src/install/bumperbot_controller/lib/pkgconfig/bumperbot_controller.pc'
[1.605s] Level 1:colcon.colcon_core.environment:checking '/home/eeiww/ud90uhak/bumperbot_ws/src/install/bumperbot_controller/lib/python3.12/site-packages'
[1.605s] Level 1:colcon.colcon_core.shell:create_environment_hook('bumperbot_controller', 'pythonpath')
[1.605s] INFO:colcon.colcon_core.shell:Creating environment hook '/home/eeiww/ud90uhak/bumperbot_ws/src/install/bumperbot_controller/share/bumperbot_controller/hook/pythonpath.ps1'
[1.608s] INFO:colcon.colcon_core.shell:Creating environment descriptor '/home/eeiww/ud90uhak/bumperbot_ws/src/install/bumperbot_controller/share/bumperbot_controller/hook/pythonpath.dsv'
[1.610s] INFO:colcon.colcon_core.shell:Creating environment hook '/home/eeiww/ud90uhak/bumperbot_ws/src/install/bumperbot_controller/share/bumperbot_controller/hook/pythonpath.sh'
[1.612s] Level 1:colcon.colcon_core.environment:checking '/home/eeiww/ud90uhak/bumperbot_ws/src/install/bumperbot_controller/bin'
[1.612s] INFO:colcon.colcon_core.shell:Creating package script '/home/eeiww/ud90uhak/bumperbot_ws/src/install/bumperbot_controller/share/bumperbot_controller/package.ps1'
[1.615s] INFO:colcon.colcon_core.shell:Creating package descriptor '/home/eeiww/ud90uhak/bumperbot_ws/src/install/bumperbot_controller/share/bumperbot_controller/package.dsv'
[1.617s] INFO:colcon.colcon_core.shell:Creating package script '/home/eeiww/ud90uhak/bumperbot_ws/src/install/bumperbot_controller/share/bumperbot_controller/package.sh'
[1.620s] INFO:colcon.colcon_core.shell:Creating package script '/home/eeiww/ud90uhak/bumperbot_ws/src/install/bumperbot_controller/share/bumperbot_controller/package.bash'
[1.622s] INFO:colcon.colcon_core.shell:Creating package script '/home/eeiww/ud90uhak/bumperbot_ws/src/install/bumperbot_controller/share/bumperbot_controller/package.zsh'
[1.625s] Level 1:colcon.colcon_core.environment:create_file_with_runtime_dependencies(/home/eeiww/ud90uhak/bumperbot_ws/src/install/bumperbot_controller/share/colcon-core/packages/bumperbot_controller)
[1.627s] Level 1:colcon.colcon_core.environment:create_environment_scripts_only(bumperbot_motion)
[1.627s] Level 1:colcon.colcon_core.environment:checking '/home/eeiww/ud90uhak/bumperbot_ws/src/install/bumperbot_motion' for CMake module files
[1.630s] Level 1:colcon.colcon_core.environment:checking '/home/eeiww/ud90uhak/bumperbot_ws/src/install/bumperbot_motion' for CMake config files
[1.632s] DEBUG:colcon.colcon_core.event_handler.log_command:Invoked command in '/home/eeiww/ud90uhak/bumperbot_ws/src/build/bumperbot_motion' returned '0': CMAKE_PREFIX_PATH=${CMAKE_PREFIX_PATH}:/opt/ros/jazzy DEBUGINFOD_URLS=https://debuginfod.ubuntu.com /usr/bin/cmake --install /home/eeiww/ud90uhak/bumperbot_ws/src/build/bumperbot_motion
[1.635s] Level 1:colcon.colcon_core.shell:create_environment_hook('bumperbot_motion', 'cmake_prefix_path')
[1.635s] INFO:colcon.colcon_core.shell:Creating environment hook '/home/eeiww/ud90uhak/bumperbot_ws/src/install/bumperbot_motion/share/bumperbot_motion/hook/cmake_prefix_path.ps1'
[1.638s] INFO:colcon.colcon_core.shell:Creating environment descriptor '/home/eeiww/ud90uhak/bumperbot_ws/src/install/bumperbot_motion/share/bumperbot_motion/hook/cmake_prefix_path.dsv'
[1.640s] INFO:colcon.colcon_core.shell:Creating environment hook '/home/eeiww/ud90uhak/bumperbot_ws/src/install/bumperbot_motion/share/bumperbot_motion/hook/cmake_prefix_path.sh'
[1.643s] Level 1:colcon.colcon_core.environment:checking '/home/eeiww/ud90uhak/bumperbot_ws/src/install/bumperbot_motion/lib'
[1.643s] Level 1:colcon.colcon_core.shell:create_environment_hook('bumperbot_motion', 'ld_library_path_lib')
[1.644s] INFO:colcon.colcon_core.shell:Creating environment hook '/home/eeiww/ud90uhak/bumperbot_ws/src/install/bumperbot_motion/share/bumperbot_motion/hook/ld_library_path_lib.ps1'
[1.646s] INFO:colcon.colcon_core.shell:Creating environment descriptor '/home/eeiww/ud90uhak/bumperbot_ws/src/install/bumperbot_motion/share/bumperbot_motion/hook/ld_library_path_lib.dsv'
[1.648s] INFO:colcon.colcon_core.shell:Creating environment hook '/home/eeiww/ud90uhak/bumperbot_ws/src/install/bumperbot_motion/share/bumperbot_motion/hook/ld_library_path_lib.sh'
[1.651s] Level 1:colcon.colcon_core.environment:checking '/home/eeiww/ud90uhak/bumperbot_ws/src/install/bumperbot_motion/bin'
[1.651s] Level 1:colcon.colcon_core.environment:checking '/home/eeiww/ud90uhak/bumperbot_ws/src/install/bumperbot_motion/lib/pkgconfig/bumperbot_motion.pc'
[1.651s] Level 1:colcon.colcon_core.environment:checking '/home/eeiww/ud90uhak/bumperbot_ws/src/install/bumperbot_motion/lib/python3.12/site-packages'
[1.651s] Level 1:colcon.colcon_core.shell:create_environment_hook('bumperbot_motion', 'pythonpath')
[1.651s] INFO:colcon.colcon_core.shell:Creating environment hook '/home/eeiww/ud90uhak/bumperbot_ws/src/install/bumperbot_motion/share/bumperbot_motion/hook/pythonpath.ps1'
[1.654s] INFO:colcon.colcon_core.shell:Creating environment descriptor '/home/eeiww/ud90uhak/bumperbot_ws/src/install/bumperbot_motion/share/bumperbot_motion/hook/pythonpath.dsv'
[1.656s] INFO:colcon.colcon_core.shell:Creating environment hook '/home/eeiww/ud90uhak/bumperbot_ws/src/install/bumperbot_motion/share/bumperbot_motion/hook/pythonpath.sh'
[1.658s] Level 1:colcon.colcon_core.environment:checking '/home/eeiww/ud90uhak/bumperbot_ws/src/install/bumperbot_motion/bin'
[1.658s] INFO:colcon.colcon_core.shell:Creating package script '/home/eeiww/ud90uhak/bumperbot_ws/src/install/bumperbot_motion/share/bumperbot_motion/package.ps1'
[1.661s] INFO:colcon.colcon_core.shell:Creating package descriptor '/home/eeiww/ud90uhak/bumperbot_ws/src/install/bumperbot_motion/share/bumperbot_motion/package.dsv'
[1.664s] INFO:colcon.colcon_core.shell:Creating package script '/home/eeiww/ud90uhak/bumperbot_ws/src/install/bumperbot_motion/share/bumperbot_motion/package.sh'
[1.666s] INFO:colcon.colcon_core.shell:Creating package script '/home/eeiww/ud90uhak/bumperbot_ws/src/install/bumperbot_motion/share/bumperbot_motion/package.bash'
[1.668s] INFO:colcon.colcon_core.shell:Creating package script '/home/eeiww/ud90uhak/bumperbot_ws/src/install/bumperbot_motion/share/bumperbot_motion/package.zsh'
[1.670s] Level 1:colcon.colcon_core.environment:create_file_with_runtime_dependencies(/home/eeiww/ud90uhak/bumperbot_ws/src/install/bumperbot_motion/share/colcon-core/packages/bumperbot_motion)
[1.674s] Level 1:colcon.colcon_core.environment:create_environment_scripts_only(bumperbot_motion)
[1.674s] Level 1:colcon.colcon_core.environment:checking '/home/eeiww/ud90uhak/bumperbot_ws/src/install/bumperbot_motion' for CMake module files
[1.676s] Level 1:colcon.colcon_core.environment:checking '/home/eeiww/ud90uhak/bumperbot_ws/src/install/bumperbot_motion' for CMake config files
[1.681s] Level 1:colcon.colcon_core.shell:create_environment_hook('bumperbot_motion', 'cmake_prefix_path')
[1.681s] INFO:colcon.colcon_core.shell:Creating environment hook '/home/eeiww/ud90uhak/bumperbot_ws/src/install/bumperbot_motion/share/bumperbot_motion/hook/cmake_prefix_path.ps1'
[1.683s] INFO:colcon.colcon_core.shell:Creating environment descriptor '/home/eeiww/ud90uhak/bumperbot_ws/src/install/bumperbot_motion/share/bumperbot_motion/hook/cmake_prefix_path.dsv'
[1.685s] INFO:colcon.colcon_core.shell:Creating environment hook '/home/eeiww/ud90uhak/bumperbot_ws/src/install/bumperbot_motion/share/bumperbot_motion/hook/cmake_prefix_path.sh'
[1.688s] Level 1:colcon.colcon_core.environment:checking '/home/eeiww/ud90uhak/bumperbot_ws/src/install/bumperbot_motion/lib'
[1.689s] Level 1:colcon.colcon_core.shell:create_environment_hook('bumperbot_motion', 'ld_library_path_lib')
[1.689s] INFO:colcon.colcon_core.shell:Creating environment hook '/home/eeiww/ud90uhak/bumperbot_ws/src/install/bumperbot_motion/share/bumperbot_motion/hook/ld_library_path_lib.ps1'
[1.691s] INFO:colcon.colcon_core.shell:Creating environment descriptor '/home/eeiww/ud90uhak/bumperbot_ws/src/install/bumperbot_motion/share/bumperbot_motion/hook/ld_library_path_lib.dsv'
[1.693s] INFO:colcon.colcon_core.shell:Creating environment hook '/home/eeiww/ud90uhak/bumperbot_ws/src/install/bumperbot_motion/share/bumperbot_motion/hook/ld_library_path_lib.sh'
[1.695s] Level 1:colcon.colcon_core.environment:checking '/home/eeiww/ud90uhak/bumperbot_ws/src/install/bumperbot_motion/bin'
[1.695s] Level 1:colcon.colcon_core.environment:checking '/home/eeiww/ud90uhak/bumperbot_ws/src/install/bumperbot_motion/lib/pkgconfig/bumperbot_motion.pc'
[1.696s] Level 1:colcon.colcon_core.environment:checking '/home/eeiww/ud90uhak/bumperbot_ws/src/install/bumperbot_motion/lib/python3.12/site-packages'
[1.696s] Level 1:colcon.colcon_core.shell:create_environment_hook('bumperbot_motion', 'pythonpath')
[1.696s] INFO:colcon.colcon_core.shell:Creating environment hook '/home/eeiww/ud90uhak/bumperbot_ws/src/install/bumperbot_motion/share/bumperbot_motion/hook/pythonpath.ps1'
[1.698s] INFO:colcon.colcon_core.shell:Creating environment descriptor '/home/eeiww/ud90uhak/bumperbot_ws/src/install/bumperbot_motion/share/bumperbot_motion/hook/pythonpath.dsv'
[1.700s] INFO:colcon.colcon_core.shell:Creating environment hook '/home/eeiww/ud90uhak/bumperbot_ws/src/install/bumperbot_motion/share/bumperbot_motion/hook/pythonpath.sh'
[1.702s] Level 1:colcon.colcon_core.environment:checking '/home/eeiww/ud90uhak/bumperbot_ws/src/install/bumperbot_motion/bin'
[1.702s] INFO:colcon.colcon_core.shell:Creating package script '/home/eeiww/ud90uhak/bumperbot_ws/src/install/bumperbot_motion/share/bumperbot_motion/package.ps1'
[1.705s] INFO:colcon.colcon_core.shell:Creating package descriptor '/home/eeiww/ud90uhak/bumperbot_ws/src/install/bumperbot_motion/share/bumperbot_motion/package.dsv'
[1.707s] INFO:colcon.colcon_core.shell:Creating package script '/home/eeiww/ud90uhak/bumperbot_ws/src/install/bumperbot_motion/share/bumperbot_motion/package.sh'
[1.709s] INFO:colcon.colcon_core.shell:Creating package script '/home/eeiww/ud90uhak/bumperbot_ws/src/install/bumperbot_motion/share/bumperbot_motion/package.bash'
[1.711s] INFO:colcon.colcon_core.shell:Creating package script '/home/eeiww/ud90uhak/bumperbot_ws/src/install/bumperbot_motion/share/bumperbot_motion/package.zsh'
[1.713s] Level 1:colcon.colcon_core.environment:create_file_with_runtime_dependencies(/home/eeiww/ud90uhak/bumperbot_ws/src/install/bumperbot_motion/share/colcon-core/packages/bumperbot_motion)
[1.716s] INFO:colcon.colcon_ros.task.ament_cmake.build:Building ROS package in '/home/eeiww/ud90uhak/bumperbot_ws/src/bumperbot_navigation' with build type 'ament_cmake'
[1.716s] INFO:colcon.colcon_cmake.task.cmake.build:Building CMake package in '/home/eeiww/ud90uhak/bumperbot_ws/src/bumperbot_navigation'
[1.716s] INFO:colcon.colcon_core.shell:Skip shell extension 'powershell' for command environment: Not usable outside of PowerShell
[1.716s] DEBUG:colcon.colcon_core.shell:Skip shell extension 'dsv' for command environment
[1.724s] Level 1:colcon.colcon_core.environment:create_environment_scripts_only(bumperbot_localization)
[1.725s] Level 1:colcon.colcon_core.environment:checking '/home/eeiww/ud90uhak/bumperbot_ws/src/install/bumperbot_localization' for CMake module files
[1.725s] DEBUG:colcon.colcon_core.event_handler.log_command:Invoked command in '/home/eeiww/ud90uhak/bumperbot_ws/src/build/bumperbot_localization' returned '0': CMAKE_PREFIX_PATH=${CMAKE_PREFIX_PATH}:/opt/ros/jazzy DEBUGINFOD_URLS=https://debuginfod.ubuntu.com /usr/bin/cmake --install /home/eeiww/ud90uhak/bumperbot_ws/src/build/bumperbot_localization
[1.728s] Level 1:colcon.colcon_core.environment:checking '/home/eeiww/ud90uhak/bumperbot_ws/src/install/bumperbot_localization' for CMake config files
[1.733s] Level 1:colcon.colcon_core.shell:create_environment_hook('bumperbot_localization', 'cmake_prefix_path')
[1.733s] INFO:colcon.colcon_core.shell:Creating environment hook '/home/eeiww/ud90uhak/bumperbot_ws/src/install/bumperbot_localization/share/bumperbot_localization/hook/cmake_prefix_path.ps1'
[1.736s] INFO:colcon.colcon_core.shell:Creating environment descriptor '/home/eeiww/ud90uhak/bumperbot_ws/src/install/bumperbot_localization/share/bumperbot_localization/hook/cmake_prefix_path.dsv'
[1.738s] INFO:colcon.colcon_core.shell:Creating environment hook '/home/eeiww/ud90uhak/bumperbot_ws/src/install/bumperbot_localization/share/bumperbot_localization/hook/cmake_prefix_path.sh'
[1.741s] Level 1:colcon.colcon_core.environment:checking '/home/eeiww/ud90uhak/bumperbot_ws/src/install/bumperbot_localization/lib'
[1.741s] Level 1:colcon.colcon_core.environment:checking '/home/eeiww/ud90uhak/bumperbot_ws/src/install/bumperbot_localization/bin'
[1.742s] Level 1:colcon.colcon_core.shell:create_environment_hook('bumperbot_localization', 'path')
[1.742s] INFO:colcon.colcon_core.shell:Creating environment hook '/home/eeiww/ud90uhak/bumperbot_ws/src/install/bumperbot_localization/share/bumperbot_localization/hook/path.ps1'
[1.744s] INFO:colcon.colcon_core.shell:Creating environment descriptor '/home/eeiww/ud90uhak/bumperbot_ws/src/install/bumperbot_localization/share/bumperbot_localization/hook/path.dsv'
[1.747s] INFO:colcon.colcon_core.shell:Creating environment hook '/home/eeiww/ud90uhak/bumperbot_ws/src/install/bumperbot_localization/share/bumperbot_localization/hook/path.sh'
[1.749s] Level 1:colcon.colcon_core.environment:checking '/home/eeiww/ud90uhak/bumperbot_ws/src/install/bumperbot_localization/lib/pkgconfig/bumperbot_localization.pc'
[1.750s] Level 1:colcon.colcon_core.environment:checking '/home/eeiww/ud90uhak/bumperbot_ws/src/install/bumperbot_localization/lib/python3.12/site-packages'
[1.750s] Level 1:colcon.colcon_core.shell:create_environment_hook('bumperbot_localization', 'pythonpath')
[1.750s] INFO:colcon.colcon_core.shell:Creating environment hook '/home/eeiww/ud90uhak/bumperbot_ws/src/install/bumperbot_localization/share/bumperbot_localization/hook/pythonpath.ps1'
[1.752s] INFO:colcon.colcon_core.shell:Creating environment descriptor '/home/eeiww/ud90uhak/bumperbot_ws/src/install/bumperbot_localization/share/bumperbot_localization/hook/pythonpath.dsv'
[1.754s] INFO:colcon.colcon_core.shell:Creating environment hook '/home/eeiww/ud90uhak/bumperbot_ws/src/install/bumperbot_localization/share/bumperbot_localization/hook/pythonpath.sh'
[1.757s] Level 1:colcon.colcon_core.environment:checking '/home/eeiww/ud90uhak/bumperbot_ws/src/install/bumperbot_localization/bin'
[1.757s] Level 1:colcon.colcon_core.shell:create_environment_hook('bumperbot_localization', 'pythonscriptspath')
[1.758s] INFO:colcon.colcon_core.shell:Creating environment hook '/home/eeiww/ud90uhak/bumperbot_ws/src/install/bumperbot_localization/share/bumperbot_localization/hook/pythonscriptspath.ps1'
[1.760s] INFO:colcon.colcon_core.shell:Creating environment descriptor '/home/eeiww/ud90uhak/bumperbot_ws/src/install/bumperbot_localization/share/bumperbot_localization/hook/pythonscriptspath.dsv'
[1.763s] INFO:colcon.colcon_core.shell:Creating environment hook '/home/eeiww/ud90uhak/bumperbot_ws/src/install/bumperbot_localization/share/bumperbot_localization/hook/pythonscriptspath.sh'
[1.765s] INFO:colcon.colcon_core.shell:Creating package script '/home/eeiww/ud90uhak/bumperbot_ws/src/install/bumperbot_localization/share/bumperbot_localization/package.ps1'
[1.768s] INFO:colcon.colcon_core.shell:Creating package descriptor '/home/eeiww/ud90uhak/bumperbot_ws/src/install/bumperbot_localization/share/bumperbot_localization/package.dsv'
[1.770s] INFO:colcon.colcon_core.shell:Creating package script '/home/eeiww/ud90uhak/bumperbot_ws/src/install/bumperbot_localization/share/bumperbot_localization/package.sh'
[1.774s] INFO:colcon.colcon_core.shell:Creating package script '/home/eeiww/ud90uhak/bumperbot_ws/src/install/bumperbot_localization/share/bumperbot_localization/package.bash'
[1.777s] INFO:colcon.colcon_core.shell:Creating package script '/home/eeiww/ud90uhak/bumperbot_ws/src/install/bumperbot_localization/share/bumperbot_localization/package.zsh'
[1.780s] Level 1:colcon.colcon_core.environment:create_file_with_runtime_dependencies(/home/eeiww/ud90uhak/bumperbot_ws/src/install/bumperbot_localization/share/colcon-core/packages/bumperbot_localization)
[1.783s] Level 1:colcon.colcon_core.environment:create_environment_scripts_only(bumperbot_localization)
[1.783s] Level 1:colcon.colcon_core.environment:checking '/home/eeiww/ud90uhak/bumperbot_ws/src/install/bumperbot_localization' for CMake module files
[1.785s] Level 1:colcon.colcon_core.environment:checking '/home/eeiww/ud90uhak/bumperbot_ws/src/install/bumperbot_localization' for CMake config files
[1.790s] Level 1:colcon.colcon_core.shell:create_environment_hook('bumperbot_localization', 'cmake_prefix_path')
[1.790s] INFO:colcon.colcon_core.shell:Creating environment hook '/home/eeiww/ud90uhak/bumperbot_ws/src/install/bumperbot_localization/share/bumperbot_localization/hook/cmake_prefix_path.ps1'
[1.793s] INFO:colcon.colcon_core.shell:Creating environment descriptor '/home/eeiww/ud90uhak/bumperbot_ws/src/install/bumperbot_localization/share/bumperbot_localization/hook/cmake_prefix_path.dsv'
[1.796s] INFO:colcon.colcon_core.shell:Creating environment hook '/home/eeiww/ud90uhak/bumperbot_ws/src/install/bumperbot_localization/share/bumperbot_localization/hook/cmake_prefix_path.sh'
[1.799s] Level 1:colcon.colcon_core.environment:checking '/home/eeiww/ud90uhak/bumperbot_ws/src/install/bumperbot_localization/lib'
[1.800s] Level 1:colcon.colcon_core.environment:checking '/home/eeiww/ud90uhak/bumperbot_ws/src/install/bumperbot_localization/bin'
[1.800s] Level 1:colcon.colcon_core.shell:create_environment_hook('bumperbot_localization', 'path')
[1.800s] INFO:colcon.colcon_core.shell:Creating environment hook '/home/eeiww/ud90uhak/bumperbot_ws/src/install/bumperbot_localization/share/bumperbot_localization/hook/path.ps1'
[1.803s] INFO:colcon.colcon_core.shell:Creating environment descriptor '/home/eeiww/ud90uhak/bumperbot_ws/src/install/bumperbot_localization/share/bumperbot_localization/hook/path.dsv'
[1.805s] INFO:colcon.colcon_core.shell:Creating environment hook '/home/eeiww/ud90uhak/bumperbot_ws/src/install/bumperbot_localization/share/bumperbot_localization/hook/path.sh'
[1.808s] Level 1:colcon.colcon_core.environment:checking '/home/eeiww/ud90uhak/bumperbot_ws/src/install/bumperbot_localization/lib/pkgconfig/bumperbot_localization.pc'
[1.809s] Level 1:colcon.colcon_core.environment:checking '/home/eeiww/ud90uhak/bumperbot_ws/src/install/bumperbot_localization/lib/python3.12/site-packages'
[1.809s] Level 1:colcon.colcon_core.shell:create_environment_hook('bumperbot_localization', 'pythonpath')
[1.809s] INFO:colcon.colcon_core.shell:Creating environment hook '/home/eeiww/ud90uhak/bumperbot_ws/src/install/bumperbot_localization/share/bumperbot_localization/hook/pythonpath.ps1'
[1.811s] INFO:colcon.colcon_core.shell:Creating environment descriptor '/home/eeiww/ud90uhak/bumperbot_ws/src/install/bumperbot_localization/share/bumperbot_localization/hook/pythonpath.dsv'
[1.814s] INFO:colcon.colcon_core.shell:Creating environment hook '/home/eeiww/ud90uhak/bumperbot_ws/src/install/bumperbot_localization/share/bumperbot_localization/hook/pythonpath.sh'
[1.817s] Level 1:colcon.colcon_core.environment:checking '/home/eeiww/ud90uhak/bumperbot_ws/src/install/bumperbot_localization/bin'
[1.817s] Level 1:colcon.colcon_core.shell:create_environment_hook('bumperbot_localization', 'pythonscriptspath')
[1.818s] INFO:colcon.colcon_core.shell:Creating environment hook '/home/eeiww/ud90uhak/bumperbot_ws/src/install/bumperbot_localization/share/bumperbot_localization/hook/pythonscriptspath.ps1'
[1.820s] INFO:colcon.colcon_core.shell:Creating environment descriptor '/home/eeiww/ud90uhak/bumperbot_ws/src/install/bumperbot_localization/share/bumperbot_localization/hook/pythonscriptspath.dsv'
[1.823s] INFO:colcon.colcon_core.shell:Creating environment hook '/home/eeiww/ud90uhak/bumperbot_ws/src/install/bumperbot_localization/share/bumperbot_localization/hook/pythonscriptspath.sh'
[1.826s] INFO:colcon.colcon_core.shell:Creating package script '/home/eeiww/ud90uhak/bumperbot_ws/src/install/bumperbot_localization/share/bumperbot_localization/package.ps1'
[1.829s] INFO:colcon.colcon_core.shell:Creating package descriptor '/home/eeiww/ud90uhak/bumperbot_ws/src/install/bumperbot_localization/share/bumperbot_localization/package.dsv'
[1.832s] INFO:colcon.colcon_core.shell:Creating package script '/home/eeiww/ud90uhak/bumperbot_ws/src/install/bumperbot_localization/share/bumperbot_localization/package.sh'
[1.835s] INFO:colcon.colcon_core.shell:Creating package script '/home/eeiww/ud90uhak/bumperbot_ws/src/install/bumperbot_localization/share/bumperbot_localization/package.bash'
[1.837s] INFO:colcon.colcon_core.shell:Creating package script '/home/eeiww/ud90uhak/bumperbot_ws/src/install/bumperbot_localization/share/bumperbot_localization/package.zsh'
[1.840s] Level 1:colcon.colcon_core.environment:create_file_with_runtime_dependencies(/home/eeiww/ud90uhak/bumperbot_ws/src/install/bumperbot_localization/share/colcon-core/packages/bumperbot_localization)
[1.842s] Level 1:colcon.colcon_core.environment:create_environment_scripts_only(bumperbot_firmware)
[1.842s] Level 1:colcon.colcon_core.environment:checking '/home/eeiww/ud90uhak/bumperbot_ws/src/install/bumperbot_firmware' for CMake module files
[1.845s] Level 1:colcon.colcon_core.environment:checking '/home/eeiww/ud90uhak/bumperbot_ws/src/install/bumperbot_firmware' for CMake config files
[1.847s] DEBUG:colcon.colcon_core.event_handler.log_command:Invoked command in '/home/eeiww/ud90uhak/bumperbot_ws/src/build/bumperbot_firmware' returned '0': CMAKE_PREFIX_PATH=${CMAKE_PREFIX_PATH}:/opt/ros/jazzy DEBUGINFOD_URLS=https://debuginfod.ubuntu.com /usr/bin/cmake --install /home/eeiww/ud90uhak/bumperbot_ws/src/build/bumperbot_firmware
[1.847s] Level 1:colcon.colcon_core.shell:create_environment_hook('bumperbot_firmware', 'cmake_prefix_path')
[1.847s] INFO:colcon.colcon_core.shell:Creating environment hook '/home/eeiww/ud90uhak/bumperbot_ws/src/install/bumperbot_firmware/share/bumperbot_firmware/hook/cmake_prefix_path.ps1'
[1.849s] INFO:colcon.colcon_core.shell:Creating environment descriptor '/home/eeiww/ud90uhak/bumperbot_ws/src/install/bumperbot_firmware/share/bumperbot_firmware/hook/cmake_prefix_path.dsv'
[1.852s] INFO:colcon.colcon_core.shell:Creating environment hook '/home/eeiww/ud90uhak/bumperbot_ws/src/install/bumperbot_firmware/share/bumperbot_firmware/hook/cmake_prefix_path.sh'
[1.855s] Level 1:colcon.colcon_core.environment:checking '/home/eeiww/ud90uhak/bumperbot_ws/src/install/bumperbot_firmware/lib'
[1.855s] Level 1:colcon.colcon_core.shell:create_environment_hook('bumperbot_firmware', 'ld_library_path_lib')
[1.855s] INFO:colcon.colcon_core.shell:Creating environment hook '/home/eeiww/ud90uhak/bumperbot_ws/src/install/bumperbot_firmware/share/bumperbot_firmware/hook/ld_library_path_lib.ps1'
[1.858s] INFO:colcon.colcon_core.shell:Creating environment descriptor '/home/eeiww/ud90uhak/bumperbot_ws/src/install/bumperbot_firmware/share/bumperbot_firmware/hook/ld_library_path_lib.dsv'
[1.860s] INFO:colcon.colcon_core.shell:Creating environment hook '/home/eeiww/ud90uhak/bumperbot_ws/src/install/bumperbot_firmware/share/bumperbot_firmware/hook/ld_library_path_lib.sh'
[1.863s] Level 1:colcon.colcon_core.environment:checking '/home/eeiww/ud90uhak/bumperbot_ws/src/install/bumperbot_firmware/bin'
[1.863s] Level 1:colcon.colcon_core.environment:checking '/home/eeiww/ud90uhak/bumperbot_ws/src/install/bumperbot_firmware/lib/pkgconfig/bumperbot_firmware.pc'
[1.863s] Level 1:colcon.colcon_core.environment:checking '/home/eeiww/ud90uhak/bumperbot_ws/src/install/bumperbot_firmware/lib/python3.12/site-packages'
[1.864s] Level 1:colcon.colcon_core.shell:create_environment_hook('bumperbot_firmware', 'pythonpath')
[1.864s] INFO:colcon.colcon_core.shell:Creating environment hook '/home/eeiww/ud90uhak/bumperbot_ws/src/install/bumperbot_firmware/share/bumperbot_firmware/hook/pythonpath.ps1'
[1.867s] INFO:colcon.colcon_core.shell:Creating environment descriptor '/home/eeiww/ud90uhak/bumperbot_ws/src/install/bumperbot_firmware/share/bumperbot_firmware/hook/pythonpath.dsv'
[1.869s] INFO:colcon.colcon_core.shell:Creating environment hook '/home/eeiww/ud90uhak/bumperbot_ws/src/install/bumperbot_firmware/share/bumperbot_firmware/hook/pythonpath.sh'
[1.872s] Level 1:colcon.colcon_core.environment:checking '/home/eeiww/ud90uhak/bumperbot_ws/src/install/bumperbot_firmware/bin'
[1.872s] INFO:colcon.colcon_core.shell:Creating package script '/home/eeiww/ud90uhak/bumperbot_ws/src/install/bumperbot_firmware/share/bumperbot_firmware/package.ps1'
[1.875s] INFO:colcon.colcon_core.shell:Creating package descriptor '/home/eeiww/ud90uhak/bumperbot_ws/src/install/bumperbot_firmware/share/bumperbot_firmware/package.dsv'
[1.878s] INFO:colcon.colcon_core.shell:Creating package script '/home/eeiww/ud90uhak/bumperbot_ws/src/install/bumperbot_firmware/share/bumperbot_firmware/package.sh'
[1.881s] INFO:colcon.colcon_core.shell:Creating package script '/home/eeiww/ud90uhak/bumperbot_ws/src/install/bumperbot_firmware/share/bumperbot_firmware/package.bash'
[1.883s] INFO:colcon.colcon_core.shell:Creating package script '/home/eeiww/ud90uhak/bumperbot_ws/src/install/bumperbot_firmware/share/bumperbot_firmware/package.zsh'
[1.885s] Level 1:colcon.colcon_core.environment:create_file_with_runtime_dependencies(/home/eeiww/ud90uhak/bumperbot_ws/src/install/bumperbot_firmware/share/colcon-core/packages/bumperbot_firmware)
[1.887s] Level 1:colcon.colcon_core.environment:create_environment_scripts_only(bumperbot_firmware)
[1.888s] Level 1:colcon.colcon_core.environment:checking '/home/eeiww/ud90uhak/bumperbot_ws/src/install/bumperbot_firmware' for CMake module files
[1.890s] Level 1:colcon.colcon_core.environment:checking '/home/eeiww/ud90uhak/bumperbot_ws/src/install/bumperbot_firmware' for CMake config files
[1.891s] Level 1:colcon.colcon_core.shell:create_environment_hook('bumperbot_firmware', 'cmake_prefix_path')
[1.891s] INFO:colcon.colcon_core.shell:Creating environment hook '/home/eeiww/ud90uhak/bumperbot_ws/src/install/bumperbot_firmware/share/bumperbot_firmware/hook/cmake_prefix_path.ps1'
[1.894s] INFO:colcon.colcon_core.shell:Creating environment descriptor '/home/eeiww/ud90uhak/bumperbot_ws/src/install/bumperbot_firmware/share/bumperbot_firmware/hook/cmake_prefix_path.dsv'
[1.896s] INFO:colcon.colcon_core.shell:Creating environment hook '/home/eeiww/ud90uhak/bumperbot_ws/src/install/bumperbot_firmware/share/bumperbot_firmware/hook/cmake_prefix_path.sh'
[1.899s] Level 1:colcon.colcon_core.environment:checking '/home/eeiww/ud90uhak/bumperbot_ws/src/install/bumperbot_firmware/lib'
[1.899s] Level 1:colcon.colcon_core.shell:create_environment_hook('bumperbot_firmware', 'ld_library_path_lib')
[1.899s] INFO:colcon.colcon_core.shell:Creating environment hook '/home/eeiww/ud90uhak/bumperbot_ws/src/install/bumperbot_firmware/share/bumperbot_firmware/hook/ld_library_path_lib.ps1'
[1.901s] INFO:colcon.colcon_core.shell:Creating environment descriptor '/home/eeiww/ud90uhak/bumperbot_ws/src/install/bumperbot_firmware/share/bumperbot_firmware/hook/ld_library_path_lib.dsv'
[1.903s] INFO:colcon.colcon_core.shell:Creating environment hook '/home/eeiww/ud90uhak/bumperbot_ws/src/install/bumperbot_firmware/share/bumperbot_firmware/hook/ld_library_path_lib.sh'
[1.905s] Level 1:colcon.colcon_core.environment:checking '/home/eeiww/ud90uhak/bumperbot_ws/src/install/bumperbot_firmware/bin'
[1.905s] Level 1:colcon.colcon_core.environment:checking '/home/eeiww/ud90uhak/bumperbot_ws/src/install/bumperbot_firmware/lib/pkgconfig/bumperbot_firmware.pc'
[1.905s] Level 1:colcon.colcon_core.environment:checking '/home/eeiww/ud90uhak/bumperbot_ws/src/install/bumperbot_firmware/lib/python3.12/site-packages'
[1.905s] Level 1:colcon.colcon_core.shell:create_environment_hook('bumperbot_firmware', 'pythonpath')
[1.905s] INFO:colcon.colcon_core.shell:Creating environment hook '/home/eeiww/ud90uhak/bumperbot_ws/src/install/bumperbot_firmware/share/bumperbot_firmware/hook/pythonpath.ps1'
[1.908s] INFO:colcon.colcon_core.shell:Creating environment descriptor '/home/eeiww/ud90uhak/bumperbot_ws/src/install/bumperbot_firmware/share/bumperbot_firmware/hook/pythonpath.dsv'
[1.910s] INFO:colcon.colcon_core.shell:Creating environment hook '/home/eeiww/ud90uhak/bumperbot_ws/src/install/bumperbot_firmware/share/bumperbot_firmware/hook/pythonpath.sh'
[1.912s] Level 1:colcon.colcon_core.environment:checking '/home/eeiww/ud90uhak/bumperbot_ws/src/install/bumperbot_firmware/bin'
[1.913s] INFO:colcon.colcon_core.shell:Creating package script '/home/eeiww/ud90uhak/bumperbot_ws/src/install/bumperbot_firmware/share/bumperbot_firmware/package.ps1'
[1.915s] INFO:colcon.colcon_core.shell:Creating package descriptor '/home/eeiww/ud90uhak/bumperbot_ws/src/install/bumperbot_firmware/share/bumperbot_firmware/package.dsv'
[1.918s] INFO:colcon.colcon_core.shell:Creating package script '/home/eeiww/ud90uhak/bumperbot_ws/src/install/bumperbot_firmware/share/bumperbot_firmware/package.sh'
[1.921s] INFO:colcon.colcon_core.shell:Creating package script '/home/eeiww/ud90uhak/bumperbot_ws/src/install/bumperbot_firmware/share/bumperbot_firmware/package.bash'
[1.923s] INFO:colcon.colcon_core.shell:Creating package script '/home/eeiww/ud90uhak/bumperbot_ws/src/install/bumperbot_firmware/share/bumperbot_firmware/package.zsh'
[1.926s] Level 1:colcon.colcon_core.environment:create_file_with_runtime_dependencies(/home/eeiww/ud90uhak/bumperbot_ws/src/install/bumperbot_firmware/share/colcon-core/packages/bumperbot_firmware)
[1.936s] Level 1:colcon.colcon_core.environment:create_environment_scripts_only(bumperbot_msgs)
[1.936s] Level 1:colcon.colcon_core.environment:checking '/home/eeiww/ud90uhak/bumperbot_ws/src/install/bumperbot_msgs' for CMake module files
[1.939s] Level 1:colcon.colcon_core.environment:checking '/home/eeiww/ud90uhak/bumperbot_ws/src/install/bumperbot_msgs' for CMake config files
[1.939s] DEBUG:colcon.colcon_core.event_handler.log_command:Invoking command in '/home/eeiww/ud90uhak/bumperbot_ws/src/build/bumperbot_utils': CMAKE_PREFIX_PATH=${CMAKE_PREFIX_PATH}:/opt/ros/jazzy DEBUGINFOD_URLS=https://debuginfod.ubuntu.com /usr/bin/cmake --build /home/eeiww/ud90uhak/bumperbot_ws/src/build/bumperbot_utils -- -j8 -l8
[1.939s] DEBUG:colcon.colcon_core.event_handler.log_command:Invoked command in '/home/eeiww/ud90uhak/bumperbot_ws/src/build/bumperbot_msgs' returned '0': CMAKE_PREFIX_PATH=${CMAKE_PREFIX_PATH}:/opt/ros/jazzy DEBUGINFOD_URLS=https://debuginfod.ubuntu.com /usr/bin/cmake --install /home/eeiww/ud90uhak/bumperbot_ws/src/build/bumperbot_msgs
[1.941s] Level 1:colcon.colcon_core.shell:create_environment_hook('bumperbot_msgs', 'cmake_prefix_path')
[1.941s] INFO:colcon.colcon_core.shell:Creating environment hook '/home/eeiww/ud90uhak/bumperbot_ws/src/install/bumperbot_msgs/share/bumperbot_msgs/hook/cmake_prefix_path.ps1'
[1.944s] INFO:colcon.colcon_core.shell:Creating environment descriptor '/home/eeiww/ud90uhak/bumperbot_ws/src/install/bumperbot_msgs/share/bumperbot_msgs/hook/cmake_prefix_path.dsv'
[1.946s] INFO:colcon.colcon_core.shell:Creating environment hook '/home/eeiww/ud90uhak/bumperbot_ws/src/install/bumperbot_msgs/share/bumperbot_msgs/hook/cmake_prefix_path.sh'
[1.949s] Level 1:colcon.colcon_core.environment:checking '/home/eeiww/ud90uhak/bumperbot_ws/src/install/bumperbot_msgs/lib'
[1.950s] Level 1:colcon.colcon_core.shell:create_environment_hook('bumperbot_msgs', 'ld_library_path_lib')
[1.950s] INFO:colcon.colcon_core.shell:Creating environment hook '/home/eeiww/ud90uhak/bumperbot_ws/src/install/bumperbot_msgs/share/bumperbot_msgs/hook/ld_library_path_lib.ps1'
[1.952s] INFO:colcon.colcon_core.shell:Creating environment descriptor '/home/eeiww/ud90uhak/bumperbot_ws/src/install/bumperbot_msgs/share/bumperbot_msgs/hook/ld_library_path_lib.dsv'
[1.954s] INFO:colcon.colcon_core.shell:Creating environment hook '/home/eeiww/ud90uhak/bumperbot_ws/src/install/bumperbot_msgs/share/bumperbot_msgs/hook/ld_library_path_lib.sh'
[1.957s] Level 1:colcon.colcon_core.environment:checking '/home/eeiww/ud90uhak/bumperbot_ws/src/install/bumperbot_msgs/bin'
[1.957s] Level 1:colcon.colcon_core.environment:checking '/home/eeiww/ud90uhak/bumperbot_ws/src/install/bumperbot_msgs/lib/pkgconfig/bumperbot_msgs.pc'
[1.957s] Level 1:colcon.colcon_core.environment:checking '/home/eeiww/ud90uhak/bumperbot_ws/src/install/bumperbot_msgs/lib/python3.12/site-packages'
[1.957s] Level 1:colcon.colcon_core.shell:create_environment_hook('bumperbot_msgs', 'pythonpath')
[1.958s] INFO:colcon.colcon_core.shell:Creating environment hook '/home/eeiww/ud90uhak/bumperbot_ws/src/install/bumperbot_msgs/share/bumperbot_msgs/hook/pythonpath.ps1'
[1.960s] INFO:colcon.colcon_core.shell:Creating environment descriptor '/home/eeiww/ud90uhak/bumperbot_ws/src/install/bumperbot_msgs/share/bumperbot_msgs/hook/pythonpath.dsv'
[1.963s] INFO:colcon.colcon_core.shell:Creating environment hook '/home/eeiww/ud90uhak/bumperbot_ws/src/install/bumperbot_msgs/share/bumperbot_msgs/hook/pythonpath.sh'
[1.965s] Level 1:colcon.colcon_core.environment:checking '/home/eeiww/ud90uhak/bumperbot_ws/src/install/bumperbot_msgs/bin'
[1.966s] INFO:colcon.colcon_core.shell:Creating package script '/home/eeiww/ud90uhak/bumperbot_ws/src/install/bumperbot_msgs/share/bumperbot_msgs/package.ps1'
[1.968s] INFO:colcon.colcon_core.shell:Creating package descriptor '/home/eeiww/ud90uhak/bumperbot_ws/src/install/bumperbot_msgs/share/bumperbot_msgs/package.dsv'
[1.970s] INFO:colcon.colcon_core.shell:Creating package script '/home/eeiww/ud90uhak/bumperbot_ws/src/install/bumperbot_msgs/share/bumperbot_msgs/package.sh'
[1.973s] INFO:colcon.colcon_core.shell:Creating package script '/home/eeiww/ud90uhak/bumperbot_ws/src/install/bumperbot_msgs/share/bumperbot_msgs/package.bash'
[1.976s] INFO:colcon.colcon_core.shell:Creating package script '/home/eeiww/ud90uhak/bumperbot_ws/src/install/bumperbot_msgs/share/bumperbot_msgs/package.zsh'
[1.978s] Level 1:colcon.colcon_core.environment:create_file_with_runtime_dependencies(/home/eeiww/ud90uhak/bumperbot_ws/src/install/bumperbot_msgs/share/colcon-core/packages/bumperbot_msgs)
[1.981s] Level 1:colcon.colcon_core.environment:create_environment_scripts_only(bumperbot_msgs)
[1.982s] Level 1:colcon.colcon_core.environment:checking '/home/eeiww/ud90uhak/bumperbot_ws/src/install/bumperbot_msgs' for CMake module files
[1.983s] Level 1:colcon.colcon_core.environment:checking '/home/eeiww/ud90uhak/bumperbot_ws/src/install/bumperbot_msgs' for CMake config files
[1.985s] Level 1:colcon.colcon_core.shell:create_environment_hook('bumperbot_msgs', 'cmake_prefix_path')
[1.985s] INFO:colcon.colcon_core.shell:Creating environment hook '/home/eeiww/ud90uhak/bumperbot_ws/src/install/bumperbot_msgs/share/bumperbot_msgs/hook/cmake_prefix_path.ps1'
[1.987s] INFO:colcon.colcon_core.shell:Creating environment descriptor '/home/eeiww/ud90uhak/bumperbot_ws/src/install/bumperbot_msgs/share/bumperbot_msgs/hook/cmake_prefix_path.dsv'
[1.990s] INFO:colcon.colcon_core.shell:Creating environment hook '/home/eeiww/ud90uhak/bumperbot_ws/src/install/bumperbot_msgs/share/bumperbot_msgs/hook/cmake_prefix_path.sh'
[1.993s] Level 1:colcon.colcon_core.environment:checking '/home/eeiww/ud90uhak/bumperbot_ws/src/install/bumperbot_msgs/lib'
[1.993s] Level 1:colcon.colcon_core.shell:create_environment_hook('bumperbot_msgs', 'ld_library_path_lib')
[1.993s] INFO:colcon.colcon_core.shell:Creating environment hook '/home/eeiww/ud90uhak/bumperbot_ws/src/install/bumperbot_msgs/share/bumperbot_msgs/hook/ld_library_path_lib.ps1'
[1.996s] INFO:colcon.colcon_core.shell:Creating environment descriptor '/home/eeiww/ud90uhak/bumperbot_ws/src/install/bumperbot_msgs/share/bumperbot_msgs/hook/ld_library_path_lib.dsv'
[1.998s] INFO:colcon.colcon_core.shell:Creating environment hook '/home/eeiww/ud90uhak/bumperbot_ws/src/install/bumperbot_msgs/share/bumperbot_msgs/hook/ld_library_path_lib.sh'
[2.000s] Level 1:colcon.colcon_core.environment:checking '/home/eeiww/ud90uhak/bumperbot_ws/src/install/bumperbot_msgs/bin'
[2.001s] Level 1:colcon.colcon_core.environment:checking '/home/eeiww/ud90uhak/bumperbot_ws/src/install/bumperbot_msgs/lib/pkgconfig/bumperbot_msgs.pc'
[2.001s] Level 1:colcon.colcon_core.environment:checking '/home/eeiww/ud90uhak/bumperbot_ws/src/install/bumperbot_msgs/lib/python3.12/site-packages'
[2.001s] Level 1:colcon.colcon_core.shell:create_environment_hook('bumperbot_msgs', 'pythonpath')
[2.001s] INFO:colcon.colcon_core.shell:Creating environment hook '/home/eeiww/ud90uhak/bumperbot_ws/src/install/bumperbot_msgs/share/bumperbot_msgs/hook/pythonpath.ps1'
[2.003s] INFO:colcon.colcon_core.shell:Creating environment descriptor '/home/eeiww/ud90uhak/bumperbot_ws/src/install/bumperbot_msgs/share/bumperbot_msgs/hook/pythonpath.dsv'
[2.006s] INFO:colcon.colcon_core.shell:Creating environment hook '/home/eeiww/ud90uhak/bumperbot_ws/src/install/bumperbot_msgs/share/bumperbot_msgs/hook/pythonpath.sh'
[2.008s] Level 1:colcon.colcon_core.environment:checking '/home/eeiww/ud90uhak/bumperbot_ws/src/install/bumperbot_msgs/bin'
[2.008s] INFO:colcon.colcon_core.shell:Creating package script '/home/eeiww/ud90uhak/bumperbot_ws/src/install/bumperbot_msgs/share/bumperbot_msgs/package.ps1'
[2.011s] INFO:colcon.colcon_core.shell:Creating package descriptor '/home/eeiww/ud90uhak/bumperbot_ws/src/install/bumperbot_msgs/share/bumperbot_msgs/package.dsv'
[2.013s] INFO:colcon.colcon_core.shell:Creating package script '/home/eeiww/ud90uhak/bumperbot_ws/src/install/bumperbot_msgs/share/bumperbot_msgs/package.sh'
[2.016s] INFO:colcon.colcon_core.shell:Creating package script '/home/eeiww/ud90uhak/bumperbot_ws/src/install/bumperbot_msgs/share/bumperbot_msgs/package.bash'
[2.018s] INFO:colcon.colcon_core.shell:Creating package script '/home/eeiww/ud90uhak/bumperbot_ws/src/install/bumperbot_msgs/share/bumperbot_msgs/package.zsh'
[2.021s] Level 1:colcon.colcon_core.environment:create_file_with_runtime_dependencies(/home/eeiww/ud90uhak/bumperbot_ws/src/install/bumperbot_msgs/share/colcon-core/packages/bumperbot_msgs)
[2.023s] INFO:colcon.colcon_ros.task.ament_cmake.build:Building ROS package in '/home/eeiww/ud90uhak/bumperbot_ws/src/bumperbot_cpp_examples' with build type 'ament_cmake'
[2.023s] INFO:colcon.colcon_cmake.task.cmake.build:Building CMake package in '/home/eeiww/ud90uhak/bumperbot_ws/src/bumperbot_cpp_examples'
[2.024s] INFO:colcon.colcon_core.shell:Skip shell extension 'powershell' for command environment: Not usable outside of PowerShell
[2.024s] DEBUG:colcon.colcon_core.shell:Skip shell extension 'dsv' for command environment
[2.034s] INFO:colcon.colcon_ros.task.ament_python.build:Building ROS package in '/home/eeiww/ud90uhak/bumperbot_ws/src/bumperbot_py_examples' with build type 'ament_python'
[2.034s] Level 1:colcon.colcon_core.shell:create_environment_hook('bumperbot_py_examples', 'ament_prefix_path')
[2.034s] INFO:colcon.colcon_core.shell:Creating environment hook '/home/eeiww/ud90uhak/bumperbot_ws/src/install/bumperbot_py_examples/share/bumperbot_py_examples/hook/ament_prefix_path.ps1'
[2.037s] INFO:colcon.colcon_core.shell:Creating environment descriptor '/home/eeiww/ud90uhak/bumperbot_ws/src/install/bumperbot_py_examples/share/bumperbot_py_examples/hook/ament_prefix_path.dsv'
[2.039s] INFO:colcon.colcon_core.shell:Creating environment hook '/home/eeiww/ud90uhak/bumperbot_ws/src/install/bumperbot_py_examples/share/bumperbot_py_examples/hook/ament_prefix_path.sh'
[2.042s] INFO:colcon.colcon_core.shell:Skip shell extension 'powershell' for command environment: Not usable outside of PowerShell
[2.043s] DEBUG:colcon.colcon_core.shell:Skip shell extension 'dsv' for command environment
[2.061s] DEBUG:colcon.colcon_core.event_handler.log_command:Invoking command in '/home/eeiww/ud90uhak/bumperbot_ws/src/build/bumperbot_navigation': AMENT_PREFIX_PATH=/home/eeiww/ud90uhak/bumperbot_ws/src/install/bumperbot_planning:${AMENT_PREFIX_PATH} CMAKE_PREFIX_PATH=/home/eeiww/ud90uhak/bumperbot_ws/src/install/bumperbot_planning:/opt/ros/jazzy/opt/gz_sim_vendor:/opt/ros/jazzy/opt/gz_sensors_vendor:/opt/ros/jazzy/opt/gz_physics_vendor:/opt/ros/jazzy/opt/sdformat_vendor:/opt/ros/jazzy/opt/gz_gui_vendor:/opt/ros/jazzy/opt/gz_transport_vendor:/opt/ros/jazzy/opt/gz_rendering_vendor:/opt/ros/jazzy/opt/gz_plugin_vendor:/opt/ros/jazzy/opt/gz_fuel_tools_vendor:/opt/ros/jazzy/opt/gz_msgs_vendor:/opt/ros/jazzy/opt/gz_common_vendor:/opt/ros/jazzy/opt/gz_math_vendor:/opt/ros/jazzy/opt/gz_utils_vendor:/opt/ros/jazzy/opt/gz_tools_vendor:/opt/ros/jazzy/opt/gz_ogre_next_vendor:/opt/ros/jazzy/opt/gz_dartsim_vendor:/opt/ros/jazzy/opt/gz_cmake_vendor:/opt/ros/jazzy DEBUGINFOD_URLS=https://debuginfod.ubuntu.com LD_LIBRARY_PATH=/home/eeiww/ud90uhak/bumperbot_ws/src/install/bumperbot_planning/lib:${LD_LIBRARY_PATH} PYTHONPATH=/home/eeiww/ud90uhak/bumperbot_ws/src/install/bumperbot_planning/lib/python3.12/site-packages:${PYTHONPATH} /usr/bin/cmake --build /home/eeiww/ud90uhak/bumperbot_ws/src/build/bumperbot_navigation -- -j8 -l8
[2.070s] DEBUG:colcon.colcon_core.event_handler.log_command:Invoking command in '/home/eeiww/ud90uhak/bumperbot_ws/src/build/bumperbot_cpp_examples': AMENT_PREFIX_PATH=/home/eeiww/ud90uhak/bumperbot_ws/src/install/bumperbot_msgs:${AMENT_PREFIX_PATH} CMAKE_PREFIX_PATH=/home/eeiww/ud90uhak/bumperbot_ws/src/install/bumperbot_msgs:/opt/ros/jazzy/opt/gz_sim_vendor:/opt/ros/jazzy/opt/gz_sensors_vendor:/opt/ros/jazzy/opt/gz_physics_vendor:/opt/ros/jazzy/opt/sdformat_vendor:/opt/ros/jazzy/opt/gz_gui_vendor:/opt/ros/jazzy/opt/gz_transport_vendor:/opt/ros/jazzy/opt/gz_rendering_vendor:/opt/ros/jazzy/opt/gz_plugin_vendor:/opt/ros/jazzy/opt/gz_fuel_tools_vendor:/opt/ros/jazzy/opt/gz_msgs_vendor:/opt/ros/jazzy/opt/gz_common_vendor:/opt/ros/jazzy/opt/gz_math_vendor:/opt/ros/jazzy/opt/gz_utils_vendor:/opt/ros/jazzy/opt/gz_tools_vendor:/opt/ros/jazzy/opt/gz_ogre_next_vendor:/opt/ros/jazzy/opt/gz_dartsim_vendor:/opt/ros/jazzy/opt/gz_cmake_vendor:/opt/ros/jazzy DEBUGINFOD_URLS=https://debuginfod.ubuntu.com LD_LIBRARY_PATH=/home/eeiww/ud90uhak/bumperbot_ws/src/install/bumperbot_msgs/lib:${LD_LIBRARY_PATH} PYTHONPATH=/home/eeiww/ud90uhak/bumperbot_ws/src/install/bumperbot_msgs/lib/python3.12/site-packages:${PYTHONPATH} /usr/bin/cmake --build /home/eeiww/ud90uhak/bumperbot_ws/src/build/bumperbot_cpp_examples -- -j8 -l8
[2.340s] INFO:colcon.colcon_core.task.python.build:Building Python package in '/home/eeiww/ud90uhak/bumperbot_ws/src/bumperbot_py_examples'
[2.340s] INFO:colcon.colcon_core.shell:Skip shell extension 'powershell' for command environment: Not usable outside of PowerShell
[2.340s] DEBUG:colcon.colcon_core.shell:Skip shell extension 'dsv' for command environment
[2.348s] Level 1:colcon.colcon_core.environment:create_environment_scripts_only(bumperbot_description)
[2.348s] Level 1:colcon.colcon_core.environment:checking '/home/eeiww/ud90uhak/bumperbot_ws/src/install/bumperbot_description' for CMake module files
[2.349s] DEBUG:colcon.colcon_core.event_handler.log_command:Invoked command in '/home/eeiww/ud90uhak/bumperbot_ws/src/build/bumperbot_description' returned '0': CMAKE_PREFIX_PATH=${CMAKE_PREFIX_PATH}:/opt/ros/jazzy DEBUGINFOD_URLS=https://debuginfod.ubuntu.com /usr/bin/cmake --install /home/eeiww/ud90uhak/bumperbot_ws/src/build/bumperbot_description
[2.351s] Level 1:colcon.colcon_core.environment:checking '/home/eeiww/ud90uhak/bumperbot_ws/src/install/bumperbot_description' for CMake config files
[2.355s] Level 1:colcon.colcon_core.shell:create_environment_hook('bumperbot_description', 'cmake_prefix_path')
[2.355s] INFO:colcon.colcon_core.shell:Creating environment hook '/home/eeiww/ud90uhak/bumperbot_ws/src/install/bumperbot_description/share/bumperbot_description/hook/cmake_prefix_path.ps1'
[2.358s] INFO:colcon.colcon_core.shell:Creating environment descriptor '/home/eeiww/ud90uhak/bumperbot_ws/src/install/bumperbot_description/share/bumperbot_description/hook/cmake_prefix_path.dsv'
[2.361s] INFO:colcon.colcon_core.shell:Creating environment hook '/home/eeiww/ud90uhak/bumperbot_ws/src/install/bumperbot_description/share/bumperbot_description/hook/cmake_prefix_path.sh'
[2.364s] Level 1:colcon.colcon_core.environment:checking '/home/eeiww/ud90uhak/bumperbot_ws/src/install/bumperbot_description/bin'
[2.365s] Level 1:colcon.colcon_core.environment:checking '/home/eeiww/ud90uhak/bumperbot_ws/src/install/bumperbot_description/lib/pkgconfig/bumperbot_description.pc'
[2.365s] Level 1:colcon.colcon_core.environment:checking '/home/eeiww/ud90uhak/bumperbot_ws/src/install/bumperbot_description/lib/python3.12/site-packages'
[2.365s] Level 1:colcon.colcon_core.environment:checking '/home/eeiww/ud90uhak/bumperbot_ws/src/install/bumperbot_description/bin'
[2.365s] INFO:colcon.colcon_core.shell:Creating package script '/home/eeiww/ud90uhak/bumperbot_ws/src/install/bumperbot_description/share/bumperbot_description/package.ps1'
[2.368s] INFO:colcon.colcon_core.shell:Creating package descriptor '/home/eeiww/ud90uhak/bumperbot_ws/src/install/bumperbot_description/share/bumperbot_description/package.dsv'
[2.370s] INFO:colcon.colcon_core.shell:Creating package script '/home/eeiww/ud90uhak/bumperbot_ws/src/install/bumperbot_description/share/bumperbot_description/package.sh'
[2.373s] INFO:colcon.colcon_core.shell:Creating package script '/home/eeiww/ud90uhak/bumperbot_ws/src/install/bumperbot_description/share/bumperbot_description/package.bash'
[2.376s] INFO:colcon.colcon_core.shell:Creating package script '/home/eeiww/ud90uhak/bumperbot_ws/src/install/bumperbot_description/share/bumperbot_description/package.zsh'
[2.379s] Level 1:colcon.colcon_core.environment:create_file_with_runtime_dependencies(/home/eeiww/ud90uhak/bumperbot_ws/src/install/bumperbot_description/share/colcon-core/packages/bumperbot_description)
[2.382s] Level 1:colcon.colcon_core.environment:create_environment_scripts_only(bumperbot_description)
[2.382s] Level 1:colcon.colcon_core.environment:checking '/home/eeiww/ud90uhak/bumperbot_ws/src/install/bumperbot_description' for CMake module files
[2.384s] Level 1:colcon.colcon_core.environment:checking '/home/eeiww/ud90uhak/bumperbot_ws/src/install/bumperbot_description' for CMake config files
[2.386s] Level 1:colcon.colcon_core.shell:create_environment_hook('bumperbot_description', 'cmake_prefix_path')
[2.387s] INFO:colcon.colcon_core.shell:Creating environment hook '/home/eeiww/ud90uhak/bumperbot_ws/src/install/bumperbot_description/share/bumperbot_description/hook/cmake_prefix_path.ps1'
[2.389s] INFO:colcon.colcon_core.shell:Creating environment descriptor '/home/eeiww/ud90uhak/bumperbot_ws/src/install/bumperbot_description/share/bumperbot_description/hook/cmake_prefix_path.dsv'
[2.391s] INFO:colcon.colcon_core.shell:Creating environment hook '/home/eeiww/ud90uhak/bumperbot_ws/src/install/bumperbot_description/share/bumperbot_description/hook/cmake_prefix_path.sh'
[2.394s] Level 1:colcon.colcon_core.environment:checking '/home/eeiww/ud90uhak/bumperbot_ws/src/install/bumperbot_description/bin'
[2.394s] Level 1:colcon.colcon_core.environment:checking '/home/eeiww/ud90uhak/bumperbot_ws/src/install/bumperbot_description/lib/pkgconfig/bumperbot_description.pc'
[2.395s] Level 1:colcon.colcon_core.environment:checking '/home/eeiww/ud90uhak/bumperbot_ws/src/install/bumperbot_description/lib/python3.12/site-packages'
[2.395s] Level 1:colcon.colcon_core.environment:checking '/home/eeiww/ud90uhak/bumperbot_ws/src/install/bumperbot_description/bin'
[2.396s] INFO:colcon.colcon_core.shell:Creating package script '/home/eeiww/ud90uhak/bumperbot_ws/src/install/bumperbot_description/share/bumperbot_description/package.ps1'
[2.398s] INFO:colcon.colcon_core.shell:Creating package descriptor '/home/eeiww/ud90uhak/bumperbot_ws/src/install/bumperbot_description/share/bumperbot_description/package.dsv'
[2.401s] INFO:colcon.colcon_core.shell:Creating package script '/home/eeiww/ud90uhak/bumperbot_ws/src/install/bumperbot_description/share/bumperbot_description/package.sh'
[2.403s] INFO:colcon.colcon_core.shell:Creating package script '/home/eeiww/ud90uhak/bumperbot_ws/src/install/bumperbot_description/share/bumperbot_description/package.bash'
[2.406s] INFO:colcon.colcon_core.shell:Creating package script '/home/eeiww/ud90uhak/bumperbot_ws/src/install/bumperbot_description/share/bumperbot_description/package.zsh'
[2.408s] Level 1:colcon.colcon_core.environment:create_file_with_runtime_dependencies(/home/eeiww/ud90uhak/bumperbot_ws/src/install/bumperbot_description/share/colcon-core/packages/bumperbot_description)
[2.411s] INFO:colcon.colcon_ros.task.ament_cmake.build:Building ROS package in '/home/eeiww/ud90uhak/bumperbot_ws/src/bumperbot_bringup' with build type 'ament_cmake'
[2.411s] INFO:colcon.colcon_cmake.task.cmake.build:Building CMake package in '/home/eeiww/ud90uhak/bumperbot_ws/src/bumperbot_bringup'
[2.411s] INFO:colcon.colcon_core.shell:Skip shell extension 'powershell' for command environment: Not usable outside of PowerShell
[2.411s] DEBUG:colcon.colcon_core.shell:Skip shell extension 'dsv' for command environment
[2.419s] DEBUG:colcon.colcon_core.event_handler.log_command:Invoked command in '/home/eeiww/ud90uhak/bumperbot_ws/src/build/bumperbot_cpp_examples' returned '0': AMENT_PREFIX_PATH=/home/eeiww/ud90uhak/bumperbot_ws/src/install/bumperbot_msgs:${AMENT_PREFIX_PATH} CMAKE_PREFIX_PATH=/home/eeiww/ud90uhak/bumperbot_ws/src/install/bumperbot_msgs:/opt/ros/jazzy/opt/gz_sim_vendor:/opt/ros/jazzy/opt/gz_sensors_vendor:/opt/ros/jazzy/opt/gz_physics_vendor:/opt/ros/jazzy/opt/sdformat_vendor:/opt/ros/jazzy/opt/gz_gui_vendor:/opt/ros/jazzy/opt/gz_transport_vendor:/opt/ros/jazzy/opt/gz_rendering_vendor:/opt/ros/jazzy/opt/gz_plugin_vendor:/opt/ros/jazzy/opt/gz_fuel_tools_vendor:/opt/ros/jazzy/opt/gz_msgs_vendor:/opt/ros/jazzy/opt/gz_common_vendor:/opt/ros/jazzy/opt/gz_math_vendor:/opt/ros/jazzy/opt/gz_utils_vendor:/opt/ros/jazzy/opt/gz_tools_vendor:/opt/ros/jazzy/opt/gz_ogre_next_vendor:/opt/ros/jazzy/opt/gz_dartsim_vendor:/opt/ros/jazzy/opt/gz_cmake_vendor:/opt/ros/jazzy DEBUGINFOD_URLS=https://debuginfod.ubuntu.com LD_LIBRARY_PATH=/home/eeiww/ud90uhak/bumperbot_ws/src/install/bumperbot_msgs/lib:${LD_LIBRARY_PATH} PYTHONPATH=/home/eeiww/ud90uhak/bumperbot_ws/src/install/bumperbot_msgs/lib/python3.12/site-packages:${PYTHONPATH} /usr/bin/cmake --build /home/eeiww/ud90uhak/bumperbot_ws/src/build/bumperbot_cpp_examples -- -j8 -l8
[2.421s] DEBUG:colcon.colcon_core.event_handler.log_command:Invoking command in '/home/eeiww/ud90uhak/bumperbot_ws/src/build/bumperbot_cpp_examples': AMENT_PREFIX_PATH=/home/eeiww/ud90uhak/bumperbot_ws/src/install/bumperbot_msgs:${AMENT_PREFIX_PATH} CMAKE_PREFIX_PATH=/home/eeiww/ud90uhak/bumperbot_ws/src/install/bumperbot_msgs:/opt/ros/jazzy/opt/gz_sim_vendor:/opt/ros/jazzy/opt/gz_sensors_vendor:/opt/ros/jazzy/opt/gz_physics_vendor:/opt/ros/jazzy/opt/sdformat_vendor:/opt/ros/jazzy/opt/gz_gui_vendor:/opt/ros/jazzy/opt/gz_transport_vendor:/opt/ros/jazzy/opt/gz_rendering_vendor:/opt/ros/jazzy/opt/gz_plugin_vendor:/opt/ros/jazzy/opt/gz_fuel_tools_vendor:/opt/ros/jazzy/opt/gz_msgs_vendor:/opt/ros/jazzy/opt/gz_common_vendor:/opt/ros/jazzy/opt/gz_math_vendor:/opt/ros/jazzy/opt/gz_utils_vendor:/opt/ros/jazzy/opt/gz_tools_vendor:/opt/ros/jazzy/opt/gz_ogre_next_vendor:/opt/ros/jazzy/opt/gz_dartsim_vendor:/opt/ros/jazzy/opt/gz_cmake_vendor:/opt/ros/jazzy DEBUGINFOD_URLS=https://debuginfod.ubuntu.com LD_LIBRARY_PATH=/home/eeiww/ud90uhak/bumperbot_ws/src/install/bumperbot_msgs/lib:${LD_LIBRARY_PATH} PYTHONPATH=/home/eeiww/ud90uhak/bumperbot_ws/src/install/bumperbot_msgs/lib/python3.12/site-packages:${PYTHONPATH} /usr/bin/cmake --install /home/eeiww/ud90uhak/bumperbot_ws/src/build/bumperbot_cpp_examples
[2.423s] DEBUG:colcon.colcon_core.event_handler.log_command:Invoked command in '/home/eeiww/ud90uhak/bumperbot_ws/src/build/bumperbot_navigation' returned '0': AMENT_PREFIX_PATH=/home/eeiww/ud90uhak/bumperbot_ws/src/install/bumperbot_planning:${AMENT_PREFIX_PATH} CMAKE_PREFIX_PATH=/home/eeiww/ud90uhak/bumperbot_ws/src/install/bumperbot_planning:/opt/ros/jazzy/opt/gz_sim_vendor:/opt/ros/jazzy/opt/gz_sensors_vendor:/opt/ros/jazzy/opt/gz_physics_vendor:/opt/ros/jazzy/opt/sdformat_vendor:/opt/ros/jazzy/opt/gz_gui_vendor:/opt/ros/jazzy/opt/gz_transport_vendor:/opt/ros/jazzy/opt/gz_rendering_vendor:/opt/ros/jazzy/opt/gz_plugin_vendor:/opt/ros/jazzy/opt/gz_fuel_tools_vendor:/opt/ros/jazzy/opt/gz_msgs_vendor:/opt/ros/jazzy/opt/gz_common_vendor:/opt/ros/jazzy/opt/gz_math_vendor:/opt/ros/jazzy/opt/gz_utils_vendor:/opt/ros/jazzy/opt/gz_tools_vendor:/opt/ros/jazzy/opt/gz_ogre_next_vendor:/opt/ros/jazzy/opt/gz_dartsim_vendor:/opt/ros/jazzy/opt/gz_cmake_vendor:/opt/ros/jazzy DEBUGINFOD_URLS=https://debuginfod.ubuntu.com LD_LIBRARY_PATH=/home/eeiww/ud90uhak/bumperbot_ws/src/install/bumperbot_planning/lib:${LD_LIBRARY_PATH} PYTHONPATH=/home/eeiww/ud90uhak/bumperbot_ws/src/install/bumperbot_planning/lib/python3.12/site-packages:${PYTHONPATH} /usr/bin/cmake --build /home/eeiww/ud90uhak/bumperbot_ws/src/build/bumperbot_navigation -- -j8 -l8
[2.424s] DEBUG:colcon.colcon_core.event_handler.log_command:Invoking command in '/home/eeiww/ud90uhak/bumperbot_ws/src/build/bumperbot_navigation': AMENT_PREFIX_PATH=/home/eeiww/ud90uhak/bumperbot_ws/src/install/bumperbot_planning:${AMENT_PREFIX_PATH} CMAKE_PREFIX_PATH=/home/eeiww/ud90uhak/bumperbot_ws/src/install/bumperbot_planning:/opt/ros/jazzy/opt/gz_sim_vendor:/opt/ros/jazzy/opt/gz_sensors_vendor:/opt/ros/jazzy/opt/gz_physics_vendor:/opt/ros/jazzy/opt/sdformat_vendor:/opt/ros/jazzy/opt/gz_gui_vendor:/opt/ros/jazzy/opt/gz_transport_vendor:/opt/ros/jazzy/opt/gz_rendering_vendor:/opt/ros/jazzy/opt/gz_plugin_vendor:/opt/ros/jazzy/opt/gz_fuel_tools_vendor:/opt/ros/jazzy/opt/gz_msgs_vendor:/opt/ros/jazzy/opt/gz_common_vendor:/opt/ros/jazzy/opt/gz_math_vendor:/opt/ros/jazzy/opt/gz_utils_vendor:/opt/ros/jazzy/opt/gz_tools_vendor:/opt/ros/jazzy/opt/gz_ogre_next_vendor:/opt/ros/jazzy/opt/gz_dartsim_vendor:/opt/ros/jazzy/opt/gz_cmake_vendor:/opt/ros/jazzy DEBUGINFOD_URLS=https://debuginfod.ubuntu.com LD_LIBRARY_PATH=/home/eeiww/ud90uhak/bumperbot_ws/src/install/bumperbot_planning/lib:${LD_LIBRARY_PATH} PYTHONPATH=/home/eeiww/ud90uhak/bumperbot_ws/src/install/bumperbot_planning/lib/python3.12/site-packages:${PYTHONPATH} /usr/bin/cmake --install /home/eeiww/ud90uhak/bumperbot_ws/src/build/bumperbot_navigation
[2.475s] DEBUG:colcon.colcon_core.event_handler.log_command:Invoking command in '/home/eeiww/ud90uhak/bumperbot_ws/src/build/bumperbot_bringup': AMENT_PREFIX_PATH=/home/eeiww/ud90uhak/bumperbot_ws/src/install/bumperbot_mapping:/home/eeiww/ud90uhak/bumperbot_ws/src/install/bumperbot_localization:/home/eeiww/ud90uhak/bumperbot_ws/src/install/bumperbot_firmware:/home/eeiww/ud90uhak/bumperbot_ws/src/install/bumperbot_description:/home/eeiww/ud90uhak/bumperbot_ws/src/install/bumperbot_controller:${AMENT_PREFIX_PATH} CMAKE_PREFIX_PATH=/home/eeiww/ud90uhak/bumperbot_ws/src/install/bumperbot_mapping:/home/eeiww/ud90uhak/bumperbot_ws/src/install/bumperbot_localization:/home/eeiww/ud90uhak/bumperbot_ws/src/install/bumperbot_firmware:/home/eeiww/ud90uhak/bumperbot_ws/src/install/bumperbot_description:/home/eeiww/ud90uhak/bumperbot_ws/src/install/bumperbot_controller:/opt/ros/jazzy/opt/gz_sim_vendor:/opt/ros/jazzy/opt/gz_sensors_vendor:/opt/ros/jazzy/opt/gz_physics_vendor:/opt/ros/jazzy/opt/sdformat_vendor:/opt/ros/jazzy/opt/gz_gui_vendor:/opt/ros/jazzy/opt/gz_transport_vendor:/opt/ros/jazzy/opt/gz_rendering_vendor:/opt/ros/jazzy/opt/gz_plugin_vendor:/opt/ros/jazzy/opt/gz_fuel_tools_vendor:/opt/ros/jazzy/opt/gz_msgs_vendor:/opt/ros/jazzy/opt/gz_common_vendor:/opt/ros/jazzy/opt/gz_math_vendor:/opt/ros/jazzy/opt/gz_utils_vendor:/opt/ros/jazzy/opt/gz_tools_vendor:/opt/ros/jazzy/opt/gz_ogre_next_vendor:/opt/ros/jazzy/opt/gz_dartsim_vendor:/opt/ros/jazzy/opt/gz_cmake_vendor:/opt/ros/jazzy DEBUGINFOD_URLS=https://debuginfod.ubuntu.com LD_LIBRARY_PATH=/home/eeiww/ud90uhak/bumperbot_ws/src/install/bumperbot_firmware/lib:${LD_LIBRARY_PATH} PATH=/home/eeiww/ud90uhak/bumperbot_ws/src/install/bumperbot_localization/bin:${PATH} PYTHONPATH=/home/eeiww/ud90uhak/bumperbot_ws/src/install/bumperbot_mapping/lib/python3.12/site-packages:/home/eeiww/ud90uhak/bumperbot_ws/src/install/bumperbot_localization/lib/python3.12/site-packages:/home/eeiww/ud90uhak/bumperbot_ws/src/install/bumperbot_firmware/lib/python3.12/site-packages:/home/eeiww/ud90uhak/bumperbot_ws/src/install/bumperbot_controller/lib/python3.12/site-packages:${PYTHONPATH} /usr/bin/cmake --build /home/eeiww/ud90uhak/bumperbot_ws/src/build/bumperbot_bringup -- -j8 -l8
[2.475s] Level 1:colcon.colcon_core.environment:create_environment_scripts_only(bumperbot_navigation)
[2.476s] Level 1:colcon.colcon_core.environment:checking '/home/eeiww/ud90uhak/bumperbot_ws/src/install/bumperbot_navigation' for CMake module files
[2.476s] DEBUG:colcon.colcon_core.event_handler.log_command:Invoked command in '/home/eeiww/ud90uhak/bumperbot_ws/src/build/bumperbot_navigation' returned '0': AMENT_PREFIX_PATH=/home/eeiww/ud90uhak/bumperbot_ws/src/install/bumperbot_planning:${AMENT_PREFIX_PATH} CMAKE_PREFIX_PATH=/home/eeiww/ud90uhak/bumperbot_ws/src/install/bumperbot_planning:/opt/ros/jazzy/opt/gz_sim_vendor:/opt/ros/jazzy/opt/gz_sensors_vendor:/opt/ros/jazzy/opt/gz_physics_vendor:/opt/ros/jazzy/opt/sdformat_vendor:/opt/ros/jazzy/opt/gz_gui_vendor:/opt/ros/jazzy/opt/gz_transport_vendor:/opt/ros/jazzy/opt/gz_rendering_vendor:/opt/ros/jazzy/opt/gz_plugin_vendor:/opt/ros/jazzy/opt/gz_fuel_tools_vendor:/opt/ros/jazzy/opt/gz_msgs_vendor:/opt/ros/jazzy/opt/gz_common_vendor:/opt/ros/jazzy/opt/gz_math_vendor:/opt/ros/jazzy/opt/gz_utils_vendor:/opt/ros/jazzy/opt/gz_tools_vendor:/opt/ros/jazzy/opt/gz_ogre_next_vendor:/opt/ros/jazzy/opt/gz_dartsim_vendor:/opt/ros/jazzy/opt/gz_cmake_vendor:/opt/ros/jazzy DEBUGINFOD_URLS=https://debuginfod.ubuntu.com LD_LIBRARY_PATH=/home/eeiww/ud90uhak/bumperbot_ws/src/install/bumperbot_planning/lib:${LD_LIBRARY_PATH} PYTHONPATH=/home/eeiww/ud90uhak/bumperbot_ws/src/install/bumperbot_planning/lib/python3.12/site-packages:${PYTHONPATH} /usr/bin/cmake --install /home/eeiww/ud90uhak/bumperbot_ws/src/build/bumperbot_navigation
[2.478s] Level 1:colcon.colcon_core.environment:checking '/home/eeiww/ud90uhak/bumperbot_ws/src/install/bumperbot_navigation' for CMake config files
[2.483s] Level 1:colcon.colcon_core.shell:create_environment_hook('bumperbot_navigation', 'cmake_prefix_path')
[2.483s] INFO:colcon.colcon_core.shell:Creating environment hook '/home/eeiww/ud90uhak/bumperbot_ws/src/install/bumperbot_navigation/share/bumperbot_navigation/hook/cmake_prefix_path.ps1'
[2.486s] INFO:colcon.colcon_core.shell:Creating environment descriptor '/home/eeiww/ud90uhak/bumperbot_ws/src/install/bumperbot_navigation/share/bumperbot_navigation/hook/cmake_prefix_path.dsv'
[2.488s] INFO:colcon.colcon_core.shell:Creating environment hook '/home/eeiww/ud90uhak/bumperbot_ws/src/install/bumperbot_navigation/share/bumperbot_navigation/hook/cmake_prefix_path.sh'
[2.492s] Level 1:colcon.colcon_core.environment:checking '/home/eeiww/ud90uhak/bumperbot_ws/src/install/bumperbot_navigation/bin'
[2.492s] Level 1:colcon.colcon_core.environment:checking '/home/eeiww/ud90uhak/bumperbot_ws/src/install/bumperbot_navigation/lib/pkgconfig/bumperbot_navigation.pc'
[2.492s] Level 1:colcon.colcon_core.environment:checking '/home/eeiww/ud90uhak/bumperbot_ws/src/install/bumperbot_navigation/lib/python3.12/site-packages'
[2.492s] Level 1:colcon.colcon_core.environment:checking '/home/eeiww/ud90uhak/bumperbot_ws/src/install/bumperbot_navigation/bin'
[2.492s] INFO:colcon.colcon_core.shell:Creating package script '/home/eeiww/ud90uhak/bumperbot_ws/src/install/bumperbot_navigation/share/bumperbot_navigation/package.ps1'
[2.495s] INFO:colcon.colcon_core.shell:Creating package descriptor '/home/eeiww/ud90uhak/bumperbot_ws/src/install/bumperbot_navigation/share/bumperbot_navigation/package.dsv'
[2.497s] INFO:colcon.colcon_core.shell:Creating package script '/home/eeiww/ud90uhak/bumperbot_ws/src/install/bumperbot_navigation/share/bumperbot_navigation/package.sh'
[2.499s] INFO:colcon.colcon_core.shell:Creating package script '/home/eeiww/ud90uhak/bumperbot_ws/src/install/bumperbot_navigation/share/bumperbot_navigation/package.bash'
[2.501s] INFO:colcon.colcon_core.shell:Creating package script '/home/eeiww/ud90uhak/bumperbot_ws/src/install/bumperbot_navigation/share/bumperbot_navigation/package.zsh'
[2.504s] Level 1:colcon.colcon_core.environment:create_file_with_runtime_dependencies(/home/eeiww/ud90uhak/bumperbot_ws/src/install/bumperbot_navigation/share/colcon-core/packages/bumperbot_navigation)
[2.507s] Level 1:colcon.colcon_core.environment:create_environment_scripts_only(bumperbot_navigation)
[2.507s] Level 1:colcon.colcon_core.environment:checking '/home/eeiww/ud90uhak/bumperbot_ws/src/install/bumperbot_navigation' for CMake module files
[2.508s] Level 1:colcon.colcon_core.environment:checking '/home/eeiww/ud90uhak/bumperbot_ws/src/install/bumperbot_navigation' for CMake config files
[2.512s] Level 1:colcon.colcon_core.shell:create_environment_hook('bumperbot_navigation', 'cmake_prefix_path')
[2.513s] INFO:colcon.colcon_core.shell:Creating environment hook '/home/eeiww/ud90uhak/bumperbot_ws/src/install/bumperbot_navigation/share/bumperbot_navigation/hook/cmake_prefix_path.ps1'
[2.515s] INFO:colcon.colcon_core.shell:Creating environment descriptor '/home/eeiww/ud90uhak/bumperbot_ws/src/install/bumperbot_navigation/share/bumperbot_navigation/hook/cmake_prefix_path.dsv'
[2.517s] INFO:colcon.colcon_core.shell:Creating environment hook '/home/eeiww/ud90uhak/bumperbot_ws/src/install/bumperbot_navigation/share/bumperbot_navigation/hook/cmake_prefix_path.sh'
[2.520s] Level 1:colcon.colcon_core.environment:checking '/home/eeiww/ud90uhak/bumperbot_ws/src/install/bumperbot_navigation/bin'
[2.520s] Level 1:colcon.colcon_core.environment:checking '/home/eeiww/ud90uhak/bumperbot_ws/src/install/bumperbot_navigation/lib/pkgconfig/bumperbot_navigation.pc'
[2.520s] Level 1:colcon.colcon_core.environment:checking '/home/eeiww/ud90uhak/bumperbot_ws/src/install/bumperbot_navigation/lib/python3.12/site-packages'
[2.521s] Level 1:colcon.colcon_core.environment:checking '/home/eeiww/ud90uhak/bumperbot_ws/src/install/bumperbot_navigation/bin'
[2.521s] INFO:colcon.colcon_core.shell:Creating package script '/home/eeiww/ud90uhak/bumperbot_ws/src/install/bumperbot_navigation/share/bumperbot_navigation/package.ps1'
[2.524s] INFO:colcon.colcon_core.shell:Creating package descriptor '/home/eeiww/ud90uhak/bumperbot_ws/src/install/bumperbot_navigation/share/bumperbot_navigation/package.dsv'
[2.526s] INFO:colcon.colcon_core.shell:Creating package script '/home/eeiww/ud90uhak/bumperbot_ws/src/install/bumperbot_navigation/share/bumperbot_navigation/package.sh'
[2.529s] INFO:colcon.colcon_core.shell:Creating package script '/home/eeiww/ud90uhak/bumperbot_ws/src/install/bumperbot_navigation/share/bumperbot_navigation/package.bash'
[2.532s] INFO:colcon.colcon_core.shell:Creating package script '/home/eeiww/ud90uhak/bumperbot_ws/src/install/bumperbot_navigation/share/bumperbot_navigation/package.zsh'
[2.534s] Level 1:colcon.colcon_core.environment:create_file_with_runtime_dependencies(/home/eeiww/ud90uhak/bumperbot_ws/src/install/bumperbot_navigation/share/colcon-core/packages/bumperbot_navigation)
[2.541s] DEBUG:colcon.colcon_core.event_handler.log_command:Invoked command in '/home/eeiww/ud90uhak/bumperbot_ws/src/build/bumperbot_utils' returned '0': CMAKE_PREFIX_PATH=${CMAKE_PREFIX_PATH}:/opt/ros/jazzy DEBUGINFOD_URLS=https://debuginfod.ubuntu.com /usr/bin/cmake --build /home/eeiww/ud90uhak/bumperbot_ws/src/build/bumperbot_utils -- -j8 -l8
[2.541s] DEBUG:colcon.colcon_core.event_handler.log_command:Invoking command in '/home/eeiww/ud90uhak/bumperbot_ws/src/build/bumperbot_utils': CMAKE_PREFIX_PATH=${CMAKE_PREFIX_PATH}:/opt/ros/jazzy DEBUGINFOD_URLS=https://debuginfod.ubuntu.com /usr/bin/cmake --install /home/eeiww/ud90uhak/bumperbot_ws/src/build/bumperbot_utils
[2.543s] Level 1:colcon.colcon_core.environment:create_environment_scripts_only(bumperbot_cpp_examples)
[2.544s] Level 1:colcon.colcon_core.environment:checking '/home/eeiww/ud90uhak/bumperbot_ws/src/install/bumperbot_cpp_examples' for CMake module files
[2.544s] DEBUG:colcon.colcon_core.event_handler.log_command:Invoked command in '/home/eeiww/ud90uhak/bumperbot_ws/src/build/bumperbot_cpp_examples' returned '0': AMENT_PREFIX_PATH=/home/eeiww/ud90uhak/bumperbot_ws/src/install/bumperbot_msgs:${AMENT_PREFIX_PATH} CMAKE_PREFIX_PATH=/home/eeiww/ud90uhak/bumperbot_ws/src/install/bumperbot_msgs:/opt/ros/jazzy/opt/gz_sim_vendor:/opt/ros/jazzy/opt/gz_sensors_vendor:/opt/ros/jazzy/opt/gz_physics_vendor:/opt/ros/jazzy/opt/sdformat_vendor:/opt/ros/jazzy/opt/gz_gui_vendor:/opt/ros/jazzy/opt/gz_transport_vendor:/opt/ros/jazzy/opt/gz_rendering_vendor:/opt/ros/jazzy/opt/gz_plugin_vendor:/opt/ros/jazzy/opt/gz_fuel_tools_vendor:/opt/ros/jazzy/opt/gz_msgs_vendor:/opt/ros/jazzy/opt/gz_common_vendor:/opt/ros/jazzy/opt/gz_math_vendor:/opt/ros/jazzy/opt/gz_utils_vendor:/opt/ros/jazzy/opt/gz_tools_vendor:/opt/ros/jazzy/opt/gz_ogre_next_vendor:/opt/ros/jazzy/opt/gz_dartsim_vendor:/opt/ros/jazzy/opt/gz_cmake_vendor:/opt/ros/jazzy DEBUGINFOD_URLS=https://debuginfod.ubuntu.com LD_LIBRARY_PATH=/home/eeiww/ud90uhak/bumperbot_ws/src/install/bumperbot_msgs/lib:${LD_LIBRARY_PATH} PYTHONPATH=/home/eeiww/ud90uhak/bumperbot_ws/src/install/bumperbot_msgs/lib/python3.12/site-packages:${PYTHONPATH} /usr/bin/cmake --install /home/eeiww/ud90uhak/bumperbot_ws/src/build/bumperbot_cpp_examples
[2.548s] Level 1:colcon.colcon_core.environment:checking '/home/eeiww/ud90uhak/bumperbot_ws/src/install/bumperbot_cpp_examples' for CMake config files
[2.553s] Level 1:colcon.colcon_core.shell:create_environment_hook('bumperbot_cpp_examples', 'cmake_prefix_path')
[2.553s] INFO:colcon.colcon_core.shell:Creating environment hook '/home/eeiww/ud90uhak/bumperbot_ws/src/install/bumperbot_cpp_examples/share/bumperbot_cpp_examples/hook/cmake_prefix_path.ps1'
[2.555s] INFO:colcon.colcon_core.shell:Creating environment descriptor '/home/eeiww/ud90uhak/bumperbot_ws/src/install/bumperbot_cpp_examples/share/bumperbot_cpp_examples/hook/cmake_prefix_path.dsv'
[2.558s] INFO:colcon.colcon_core.shell:Creating environment hook '/home/eeiww/ud90uhak/bumperbot_ws/src/install/bumperbot_cpp_examples/share/bumperbot_cpp_examples/hook/cmake_prefix_path.sh'
[2.561s] Level 1:colcon.colcon_core.environment:checking '/home/eeiww/ud90uhak/bumperbot_ws/src/install/bumperbot_cpp_examples/lib'
[2.561s] Level 1:colcon.colcon_core.environment:checking '/home/eeiww/ud90uhak/bumperbot_ws/src/install/bumperbot_cpp_examples/bin'
[2.561s] Level 1:colcon.colcon_core.environment:checking '/home/eeiww/ud90uhak/bumperbot_ws/src/install/bumperbot_cpp_examples/lib/pkgconfig/bumperbot_cpp_examples.pc'
[2.562s] Level 1:colcon.colcon_core.environment:checking '/home/eeiww/ud90uhak/bumperbot_ws/src/install/bumperbot_cpp_examples/lib/python3.12/site-packages'
[2.562s] Level 1:colcon.colcon_core.environment:checking '/home/eeiww/ud90uhak/bumperbot_ws/src/install/bumperbot_cpp_examples/bin'
[2.562s] INFO:colcon.colcon_core.shell:Creating package script '/home/eeiww/ud90uhak/bumperbot_ws/src/install/bumperbot_cpp_examples/share/bumperbot_cpp_examples/package.ps1'
[2.565s] INFO:colcon.colcon_core.shell:Creating package descriptor '/home/eeiww/ud90uhak/bumperbot_ws/src/install/bumperbot_cpp_examples/share/bumperbot_cpp_examples/package.dsv'
[2.567s] INFO:colcon.colcon_core.shell:Creating package script '/home/eeiww/ud90uhak/bumperbot_ws/src/install/bumperbot_cpp_examples/share/bumperbot_cpp_examples/package.sh'
[2.570s] INFO:colcon.colcon_core.shell:Creating package script '/home/eeiww/ud90uhak/bumperbot_ws/src/install/bumperbot_cpp_examples/share/bumperbot_cpp_examples/package.bash'
[2.572s] INFO:colcon.colcon_core.shell:Creating package script '/home/eeiww/ud90uhak/bumperbot_ws/src/install/bumperbot_cpp_examples/share/bumperbot_cpp_examples/package.zsh'
[2.574s] Level 1:colcon.colcon_core.environment:create_file_with_runtime_dependencies(/home/eeiww/ud90uhak/bumperbot_ws/src/install/bumperbot_cpp_examples/share/colcon-core/packages/bumperbot_cpp_examples)
[2.577s] Level 1:colcon.colcon_core.environment:create_environment_scripts_only(bumperbot_cpp_examples)
[2.577s] Level 1:colcon.colcon_core.environment:checking '/home/eeiww/ud90uhak/bumperbot_ws/src/install/bumperbot_cpp_examples' for CMake module files
[2.579s] Level 1:colcon.colcon_core.environment:checking '/home/eeiww/ud90uhak/bumperbot_ws/src/install/bumperbot_cpp_examples' for CMake config files
[2.583s] Level 1:colcon.colcon_core.shell:create_environment_hook('bumperbot_cpp_examples', 'cmake_prefix_path')
[2.583s] INFO:colcon.colcon_core.shell:Creating environment hook '/home/eeiww/ud90uhak/bumperbot_ws/src/install/bumperbot_cpp_examples/share/bumperbot_cpp_examples/hook/cmake_prefix_path.ps1'
[2.586s] INFO:colcon.colcon_core.shell:Creating environment descriptor '/home/eeiww/ud90uhak/bumperbot_ws/src/install/bumperbot_cpp_examples/share/bumperbot_cpp_examples/hook/cmake_prefix_path.dsv'
[2.588s] INFO:colcon.colcon_core.shell:Creating environment hook '/home/eeiww/ud90uhak/bumperbot_ws/src/install/bumperbot_cpp_examples/share/bumperbot_cpp_examples/hook/cmake_prefix_path.sh'
[2.591s] Level 1:colcon.colcon_core.environment:checking '/home/eeiww/ud90uhak/bumperbot_ws/src/install/bumperbot_cpp_examples/lib'
[2.591s] Level 1:colcon.colcon_core.environment:checking '/home/eeiww/ud90uhak/bumperbot_ws/src/install/bumperbot_cpp_examples/bin'
[2.592s] Level 1:colcon.colcon_core.environment:checking '/home/eeiww/ud90uhak/bumperbot_ws/src/install/bumperbot_cpp_examples/lib/pkgconfig/bumperbot_cpp_examples.pc'
[2.592s] Level 1:colcon.colcon_core.environment:checking '/home/eeiww/ud90uhak/bumperbot_ws/src/install/bumperbot_cpp_examples/lib/python3.12/site-packages'
[2.593s] Level 1:colcon.colcon_core.environment:checking '/home/eeiww/ud90uhak/bumperbot_ws/src/install/bumperbot_cpp_examples/bin'
[2.594s] INFO:colcon.colcon_core.shell:Creating package script '/home/eeiww/ud90uhak/bumperbot_ws/src/install/bumperbot_cpp_examples/share/bumperbot_cpp_examples/package.ps1'
[2.597s] INFO:colcon.colcon_core.shell:Creating package descriptor '/home/eeiww/ud90uhak/bumperbot_ws/src/install/bumperbot_cpp_examples/share/bumperbot_cpp_examples/package.dsv'
[2.599s] INFO:colcon.colcon_core.shell:Creating package script '/home/eeiww/ud90uhak/bumperbot_ws/src/install/bumperbot_cpp_examples/share/bumperbot_cpp_examples/package.sh'
[2.602s] INFO:colcon.colcon_core.shell:Creating package script '/home/eeiww/ud90uhak/bumperbot_ws/src/install/bumperbot_cpp_examples/share/bumperbot_cpp_examples/package.bash'
[2.604s] INFO:colcon.colcon_core.shell:Creating package script '/home/eeiww/ud90uhak/bumperbot_ws/src/install/bumperbot_cpp_examples/share/bumperbot_cpp_examples/package.zsh'
[2.607s] Level 1:colcon.colcon_core.environment:create_file_with_runtime_dependencies(/home/eeiww/ud90uhak/bumperbot_ws/src/install/bumperbot_cpp_examples/share/colcon-core/packages/bumperbot_cpp_examples)
[2.613s] DEBUG:colcon.colcon_core.event_handler.log_command:Invoked command in '/home/eeiww/ud90uhak/bumperbot_ws/src/build/bumperbot_bringup' returned '0': AMENT_PREFIX_PATH=/home/eeiww/ud90uhak/bumperbot_ws/src/install/bumperbot_mapping:/home/eeiww/ud90uhak/bumperbot_ws/src/install/bumperbot_localization:/home/eeiww/ud90uhak/bumperbot_ws/src/install/bumperbot_firmware:/home/eeiww/ud90uhak/bumperbot_ws/src/install/bumperbot_description:/home/eeiww/ud90uhak/bumperbot_ws/src/install/bumperbot_controller:${AMENT_PREFIX_PATH} CMAKE_PREFIX_PATH=/home/eeiww/ud90uhak/bumperbot_ws/src/install/bumperbot_mapping:/home/eeiww/ud90uhak/bumperbot_ws/src/install/bumperbot_localization:/home/eeiww/ud90uhak/bumperbot_ws/src/install/bumperbot_firmware:/home/eeiww/ud90uhak/bumperbot_ws/src/install/bumperbot_description:/home/eeiww/ud90uhak/bumperbot_ws/src/install/bumperbot_controller:/opt/ros/jazzy/opt/gz_sim_vendor:/opt/ros/jazzy/opt/gz_sensors_vendor:/opt/ros/jazzy/opt/gz_physics_vendor:/opt/ros/jazzy/opt/sdformat_vendor:/opt/ros/jazzy/opt/gz_gui_vendor:/opt/ros/jazzy/opt/gz_transport_vendor:/opt/ros/jazzy/opt/gz_rendering_vendor:/opt/ros/jazzy/opt/gz_plugin_vendor:/opt/ros/jazzy/opt/gz_fuel_tools_vendor:/opt/ros/jazzy/opt/gz_msgs_vendor:/opt/ros/jazzy/opt/gz_common_vendor:/opt/ros/jazzy/opt/gz_math_vendor:/opt/ros/jazzy/opt/gz_utils_vendor:/opt/ros/jazzy/opt/gz_tools_vendor:/opt/ros/jazzy/opt/gz_ogre_next_vendor:/opt/ros/jazzy/opt/gz_dartsim_vendor:/opt/ros/jazzy/opt/gz_cmake_vendor:/opt/ros/jazzy DEBUGINFOD_URLS=https://debuginfod.ubuntu.com LD_LIBRARY_PATH=/home/eeiww/ud90uhak/bumperbot_ws/src/install/bumperbot_firmware/lib:${LD_LIBRARY_PATH} PATH=/home/eeiww/ud90uhak/bumperbot_ws/src/install/bumperbot_localization/bin:${PATH} PYTHONPATH=/home/eeiww/ud90uhak/bumperbot_ws/src/install/bumperbot_mapping/lib/python3.12/site-packages:/home/eeiww/ud90uhak/bumperbot_ws/src/install/bumperbot_localization/lib/python3.12/site-packages:/home/eeiww/ud90uhak/bumperbot_ws/src/install/bumperbot_firmware/lib/python3.12/site-packages:/home/eeiww/ud90uhak/bumperbot_ws/src/install/bumperbot_controller/lib/python3.12/site-packages:${PYTHONPATH} /usr/bin/cmake --build /home/eeiww/ud90uhak/bumperbot_ws/src/build/bumperbot_bringup -- -j8 -l8
[2.614s] DEBUG:colcon.colcon_core.event_handler.log_command:Invoking command in '/home/eeiww/ud90uhak/bumperbot_ws/src/build/bumperbot_bringup': AMENT_PREFIX_PATH=/home/eeiww/ud90uhak/bumperbot_ws/src/install/bumperbot_mapping:/home/eeiww/ud90uhak/bumperbot_ws/src/install/bumperbot_localization:/home/eeiww/ud90uhak/bumperbot_ws/src/install/bumperbot_firmware:/home/eeiww/ud90uhak/bumperbot_ws/src/install/bumperbot_description:/home/eeiww/ud90uhak/bumperbot_ws/src/install/bumperbot_controller:${AMENT_PREFIX_PATH} CMAKE_PREFIX_PATH=/home/eeiww/ud90uhak/bumperbot_ws/src/install/bumperbot_mapping:/home/eeiww/ud90uhak/bumperbot_ws/src/install/bumperbot_localization:/home/eeiww/ud90uhak/bumperbot_ws/src/install/bumperbot_firmware:/home/eeiww/ud90uhak/bumperbot_ws/src/install/bumperbot_description:/home/eeiww/ud90uhak/bumperbot_ws/src/install/bumperbot_controller:/opt/ros/jazzy/opt/gz_sim_vendor:/opt/ros/jazzy/opt/gz_sensors_vendor:/opt/ros/jazzy/opt/gz_physics_vendor:/opt/ros/jazzy/opt/sdformat_vendor:/opt/ros/jazzy/opt/gz_gui_vendor:/opt/ros/jazzy/opt/gz_transport_vendor:/opt/ros/jazzy/opt/gz_rendering_vendor:/opt/ros/jazzy/opt/gz_plugin_vendor:/opt/ros/jazzy/opt/gz_fuel_tools_vendor:/opt/ros/jazzy/opt/gz_msgs_vendor:/opt/ros/jazzy/opt/gz_common_vendor:/opt/ros/jazzy/opt/gz_math_vendor:/opt/ros/jazzy/opt/gz_utils_vendor:/opt/ros/jazzy/opt/gz_tools_vendor:/opt/ros/jazzy/opt/gz_ogre_next_vendor:/opt/ros/jazzy/opt/gz_dartsim_vendor:/opt/ros/jazzy/opt/gz_cmake_vendor:/opt/ros/jazzy DEBUGINFOD_URLS=https://debuginfod.ubuntu.com LD_LIBRARY_PATH=/home/eeiww/ud90uhak/bumperbot_ws/src/install/bumperbot_firmware/lib:${LD_LIBRARY_PATH} PATH=/home/eeiww/ud90uhak/bumperbot_ws/src/install/bumperbot_localization/bin:${PATH} PYTHONPATH=/home/eeiww/ud90uhak/bumperbot_ws/src/install/bumperbot_mapping/lib/python3.12/site-packages:/home/eeiww/ud90uhak/bumperbot_ws/src/install/bumperbot_localization/lib/python3.12/site-packages:/home/eeiww/ud90uhak/bumperbot_ws/src/install/bumperbot_firmware/lib/python3.12/site-packages:/home/eeiww/ud90uhak/bumperbot_ws/src/install/bumperbot_controller/lib/python3.12/site-packages:${PYTHONPATH} /usr/bin/cmake --install /home/eeiww/ud90uhak/bumperbot_ws/src/build/bumperbot_bringup
[2.642s] Level 1:colcon.colcon_core.environment:create_environment_scripts_only(bumperbot_bringup)
[2.642s] Level 1:colcon.colcon_core.environment:checking '/home/eeiww/ud90uhak/bumperbot_ws/src/install/bumperbot_bringup' for CMake module files
[2.643s] DEBUG:colcon.colcon_core.event_handler.log_command:Invoked command in '/home/eeiww/ud90uhak/bumperbot_ws/src/build/bumperbot_bringup' returned '0': AMENT_PREFIX_PATH=/home/eeiww/ud90uhak/bumperbot_ws/src/install/bumperbot_mapping:/home/eeiww/ud90uhak/bumperbot_ws/src/install/bumperbot_localization:/home/eeiww/ud90uhak/bumperbot_ws/src/install/bumperbot_firmware:/home/eeiww/ud90uhak/bumperbot_ws/src/install/bumperbot_description:/home/eeiww/ud90uhak/bumperbot_ws/src/install/bumperbot_controller:${AMENT_PREFIX_PATH} CMAKE_PREFIX_PATH=/home/eeiww/ud90uhak/bumperbot_ws/src/install/bumperbot_mapping:/home/eeiww/ud90uhak/bumperbot_ws/src/install/bumperbot_localization:/home/eeiww/ud90uhak/bumperbot_ws/src/install/bumperbot_firmware:/home/eeiww/ud90uhak/bumperbot_ws/src/install/bumperbot_description:/home/eeiww/ud90uhak/bumperbot_ws/src/install/bumperbot_controller:/opt/ros/jazzy/opt/gz_sim_vendor:/opt/ros/jazzy/opt/gz_sensors_vendor:/opt/ros/jazzy/opt/gz_physics_vendor:/opt/ros/jazzy/opt/sdformat_vendor:/opt/ros/jazzy/opt/gz_gui_vendor:/opt/ros/jazzy/opt/gz_transport_vendor:/opt/ros/jazzy/opt/gz_rendering_vendor:/opt/ros/jazzy/opt/gz_plugin_vendor:/opt/ros/jazzy/opt/gz_fuel_tools_vendor:/opt/ros/jazzy/opt/gz_msgs_vendor:/opt/ros/jazzy/opt/gz_common_vendor:/opt/ros/jazzy/opt/gz_math_vendor:/opt/ros/jazzy/opt/gz_utils_vendor:/opt/ros/jazzy/opt/gz_tools_vendor:/opt/ros/jazzy/opt/gz_ogre_next_vendor:/opt/ros/jazzy/opt/gz_dartsim_vendor:/opt/ros/jazzy/opt/gz_cmake_vendor:/opt/ros/jazzy DEBUGINFOD_URLS=https://debuginfod.ubuntu.com LD_LIBRARY_PATH=/home/eeiww/ud90uhak/bumperbot_ws/src/install/bumperbot_firmware/lib:${LD_LIBRARY_PATH} PATH=/home/eeiww/ud90uhak/bumperbot_ws/src/install/bumperbot_localization/bin:${PATH} PYTHONPATH=/home/eeiww/ud90uhak/bumperbot_ws/src/install/bumperbot_mapping/lib/python3.12/site-packages:/home/eeiww/ud90uhak/bumperbot_ws/src/install/bumperbot_localization/lib/python3.12/site-packages:/home/eeiww/ud90uhak/bumperbot_ws/src/install/bumperbot_firmware/lib/python3.12/site-packages:/home/eeiww/ud90uhak/bumperbot_ws/src/install/bumperbot_controller/lib/python3.12/site-packages:${PYTHONPATH} /usr/bin/cmake --install /home/eeiww/ud90uhak/bumperbot_ws/src/build/bumperbot_bringup
[2.644s] Level 1:colcon.colcon_core.environment:checking '/home/eeiww/ud90uhak/bumperbot_ws/src/install/bumperbot_bringup' for CMake config files
[2.646s] Level 1:colcon.colcon_core.shell:create_environment_hook('bumperbot_bringup', 'cmake_prefix_path')
[2.646s] INFO:colcon.colcon_core.shell:Creating environment hook '/home/eeiww/ud90uhak/bumperbot_ws/src/install/bumperbot_bringup/share/bumperbot_bringup/hook/cmake_prefix_path.ps1'
[2.649s] INFO:colcon.colcon_core.shell:Creating environment descriptor '/home/eeiww/ud90uhak/bumperbot_ws/src/install/bumperbot_bringup/share/bumperbot_bringup/hook/cmake_prefix_path.dsv'
[2.652s] INFO:colcon.colcon_core.shell:Creating environment hook '/home/eeiww/ud90uhak/bumperbot_ws/src/install/bumperbot_bringup/share/bumperbot_bringup/hook/cmake_prefix_path.sh'
[2.655s] Level 1:colcon.colcon_core.environment:checking '/home/eeiww/ud90uhak/bumperbot_ws/src/install/bumperbot_bringup/bin'
[2.655s] Level 1:colcon.colcon_core.environment:checking '/home/eeiww/ud90uhak/bumperbot_ws/src/install/bumperbot_bringup/lib/pkgconfig/bumperbot_bringup.pc'
[2.655s] Level 1:colcon.colcon_core.environment:checking '/home/eeiww/ud90uhak/bumperbot_ws/src/install/bumperbot_bringup/lib/python3.12/site-packages'
[2.655s] Level 1:colcon.colcon_core.environment:checking '/home/eeiww/ud90uhak/bumperbot_ws/src/install/bumperbot_bringup/bin'
[2.655s] INFO:colcon.colcon_core.shell:Creating package script '/home/eeiww/ud90uhak/bumperbot_ws/src/install/bumperbot_bringup/share/bumperbot_bringup/package.ps1'
[2.658s] INFO:colcon.colcon_core.shell:Creating package descriptor '/home/eeiww/ud90uhak/bumperbot_ws/src/install/bumperbot_bringup/share/bumperbot_bringup/package.dsv'
[2.660s] INFO:colcon.colcon_core.shell:Creating package script '/home/eeiww/ud90uhak/bumperbot_ws/src/install/bumperbot_bringup/share/bumperbot_bringup/package.sh'
[2.663s] INFO:colcon.colcon_core.shell:Creating package script '/home/eeiww/ud90uhak/bumperbot_ws/src/install/bumperbot_bringup/share/bumperbot_bringup/package.bash'
[2.665s] INFO:colcon.colcon_core.shell:Creating package script '/home/eeiww/ud90uhak/bumperbot_ws/src/install/bumperbot_bringup/share/bumperbot_bringup/package.zsh'
[2.668s] Level 1:colcon.colcon_core.environment:create_file_with_runtime_dependencies(/home/eeiww/ud90uhak/bumperbot_ws/src/install/bumperbot_bringup/share/colcon-core/packages/bumperbot_bringup)
[2.671s] Level 1:colcon.colcon_core.environment:create_environment_scripts_only(bumperbot_bringup)
[2.671s] Level 1:colcon.colcon_core.environment:checking '/home/eeiww/ud90uhak/bumperbot_ws/src/install/bumperbot_bringup' for CMake module files
[2.673s] Level 1:colcon.colcon_core.environment:checking '/home/eeiww/ud90uhak/bumperbot_ws/src/install/bumperbot_bringup' for CMake config files
[2.674s] Level 1:colcon.colcon_core.shell:create_environment_hook('bumperbot_bringup', 'cmake_prefix_path')
[2.674s] INFO:colcon.colcon_core.shell:Creating environment hook '/home/eeiww/ud90uhak/bumperbot_ws/src/install/bumperbot_bringup/share/bumperbot_bringup/hook/cmake_prefix_path.ps1'
[2.677s] INFO:colcon.colcon_core.shell:Creating environment descriptor '/home/eeiww/ud90uhak/bumperbot_ws/src/install/bumperbot_bringup/share/bumperbot_bringup/hook/cmake_prefix_path.dsv'
[2.680s] INFO:colcon.colcon_core.shell:Creating environment hook '/home/eeiww/ud90uhak/bumperbot_ws/src/install/bumperbot_bringup/share/bumperbot_bringup/hook/cmake_prefix_path.sh'
[2.683s] Level 1:colcon.colcon_core.environment:checking '/home/eeiww/ud90uhak/bumperbot_ws/src/install/bumperbot_bringup/bin'
[2.683s] Level 1:colcon.colcon_core.environment:checking '/home/eeiww/ud90uhak/bumperbot_ws/src/install/bumperbot_bringup/lib/pkgconfig/bumperbot_bringup.pc'
[2.684s] Level 1:colcon.colcon_core.environment:checking '/home/eeiww/ud90uhak/bumperbot_ws/src/install/bumperbot_bringup/lib/python3.12/site-packages'
[2.684s] Level 1:colcon.colcon_core.environment:checking '/home/eeiww/ud90uhak/bumperbot_ws/src/install/bumperbot_bringup/bin'
[2.685s] INFO:colcon.colcon_core.shell:Creating package script '/home/eeiww/ud90uhak/bumperbot_ws/src/install/bumperbot_bringup/share/bumperbot_bringup/package.ps1'
[2.688s] INFO:colcon.colcon_core.shell:Creating package descriptor '/home/eeiww/ud90uhak/bumperbot_ws/src/install/bumperbot_bringup/share/bumperbot_bringup/package.dsv'
[2.690s] INFO:colcon.colcon_core.shell:Creating package script '/home/eeiww/ud90uhak/bumperbot_ws/src/install/bumperbot_bringup/share/bumperbot_bringup/package.sh'
[2.693s] INFO:colcon.colcon_core.shell:Creating package script '/home/eeiww/ud90uhak/bumperbot_ws/src/install/bumperbot_bringup/share/bumperbot_bringup/package.bash'
[2.696s] INFO:colcon.colcon_core.shell:Creating package script '/home/eeiww/ud90uhak/bumperbot_ws/src/install/bumperbot_bringup/share/bumperbot_bringup/package.zsh'
[2.698s] Level 1:colcon.colcon_core.environment:create_file_with_runtime_dependencies(/home/eeiww/ud90uhak/bumperbot_ws/src/install/bumperbot_bringup/share/colcon-core/packages/bumperbot_bringup)
[2.701s] Level 1:colcon.colcon_core.environment:create_environment_scripts_only(bumperbot_utils)
[2.701s] Level 1:colcon.colcon_core.environment:checking '/home/eeiww/ud90uhak/bumperbot_ws/src/install/bumperbot_utils' for CMake module files
[2.703s] Level 1:colcon.colcon_core.environment:checking '/home/eeiww/ud90uhak/bumperbot_ws/src/install/bumperbot_utils' for CMake config files
[2.705s] DEBUG:colcon.colcon_core.event_handler.log_command:Invoked command in '/home/eeiww/ud90uhak/bumperbot_ws/src/build/bumperbot_utils' returned '0': CMAKE_PREFIX_PATH=${CMAKE_PREFIX_PATH}:/opt/ros/jazzy DEBUGINFOD_URLS=https://debuginfod.ubuntu.com /usr/bin/cmake --install /home/eeiww/ud90uhak/bumperbot_ws/src/build/bumperbot_utils
[2.706s] Level 1:colcon.colcon_core.shell:create_environment_hook('bumperbot_utils', 'cmake_prefix_path')
[2.706s] INFO:colcon.colcon_core.shell:Creating environment hook '/home/eeiww/ud90uhak/bumperbot_ws/src/install/bumperbot_utils/share/bumperbot_utils/hook/cmake_prefix_path.ps1'
[2.709s] INFO:colcon.colcon_core.shell:Creating environment descriptor '/home/eeiww/ud90uhak/bumperbot_ws/src/install/bumperbot_utils/share/bumperbot_utils/hook/cmake_prefix_path.dsv'
[2.713s] INFO:colcon.colcon_core.shell:Creating environment hook '/home/eeiww/ud90uhak/bumperbot_ws/src/install/bumperbot_utils/share/bumperbot_utils/hook/cmake_prefix_path.sh'
[2.716s] Level 1:colcon.colcon_core.environment:checking '/home/eeiww/ud90uhak/bumperbot_ws/src/install/bumperbot_utils/lib'
[2.716s] Level 1:colcon.colcon_core.environment:checking '/home/eeiww/ud90uhak/bumperbot_ws/src/install/bumperbot_utils/bin'
[2.716s] Level 1:colcon.colcon_core.environment:checking '/home/eeiww/ud90uhak/bumperbot_ws/src/install/bumperbot_utils/lib/pkgconfig/bumperbot_utils.pc'
[2.717s] Level 1:colcon.colcon_core.environment:checking '/home/eeiww/ud90uhak/bumperbot_ws/src/install/bumperbot_utils/lib/python3.12/site-packages'
[2.718s] Level 1:colcon.colcon_core.shell:create_environment_hook('bumperbot_utils', 'pythonpath')
[2.718s] INFO:colcon.colcon_core.shell:Creating environment hook '/home/eeiww/ud90uhak/bumperbot_ws/src/install/bumperbot_utils/share/bumperbot_utils/hook/pythonpath.ps1'
[2.721s] INFO:colcon.colcon_core.shell:Creating environment descriptor '/home/eeiww/ud90uhak/bumperbot_ws/src/install/bumperbot_utils/share/bumperbot_utils/hook/pythonpath.dsv'
[2.724s] INFO:colcon.colcon_core.shell:Creating environment hook '/home/eeiww/ud90uhak/bumperbot_ws/src/install/bumperbot_utils/share/bumperbot_utils/hook/pythonpath.sh'
[2.727s] Level 1:colcon.colcon_core.environment:checking '/home/eeiww/ud90uhak/bumperbot_ws/src/install/bumperbot_utils/bin'
[2.727s] INFO:colcon.colcon_core.shell:Creating package script '/home/eeiww/ud90uhak/bumperbot_ws/src/install/bumperbot_utils/share/bumperbot_utils/package.ps1'
[2.730s] INFO:colcon.colcon_core.shell:Creating package descriptor '/home/eeiww/ud90uhak/bumperbot_ws/src/install/bumperbot_utils/share/bumperbot_utils/package.dsv'
[2.733s] INFO:colcon.colcon_core.shell:Creating package script '/home/eeiww/ud90uhak/bumperbot_ws/src/install/bumperbot_utils/share/bumperbot_utils/package.sh'
[2.735s] INFO:colcon.colcon_core.shell:Creating package script '/home/eeiww/ud90uhak/bumperbot_ws/src/install/bumperbot_utils/share/bumperbot_utils/package.bash'
[2.738s] INFO:colcon.colcon_core.shell:Creating package script '/home/eeiww/ud90uhak/bumperbot_ws/src/install/bumperbot_utils/share/bumperbot_utils/package.zsh'
[2.740s] Level 1:colcon.colcon_core.environment:create_file_with_runtime_dependencies(/home/eeiww/ud90uhak/bumperbot_ws/src/install/bumperbot_utils/share/colcon-core/packages/bumperbot_utils)
[2.743s] Level 1:colcon.colcon_core.environment:create_environment_scripts_only(bumperbot_utils)
[2.743s] Level 1:colcon.colcon_core.environment:checking '/home/eeiww/ud90uhak/bumperbot_ws/src/install/bumperbot_utils' for CMake module files
[2.746s] Level 1:colcon.colcon_core.environment:checking '/home/eeiww/ud90uhak/bumperbot_ws/src/install/bumperbot_utils' for CMake config files
[2.748s] Level 1:colcon.colcon_core.shell:create_environment_hook('bumperbot_utils', 'cmake_prefix_path')
[2.748s] INFO:colcon.colcon_core.shell:Creating environment hook '/home/eeiww/ud90uhak/bumperbot_ws/src/install/bumperbot_utils/share/bumperbot_utils/hook/cmake_prefix_path.ps1'
[2.751s] INFO:colcon.colcon_core.shell:Creating environment descriptor '/home/eeiww/ud90uhak/bumperbot_ws/src/install/bumperbot_utils/share/bumperbot_utils/hook/cmake_prefix_path.dsv'
[2.753s] INFO:colcon.colcon_core.shell:Creating environment hook '/home/eeiww/ud90uhak/bumperbot_ws/src/install/bumperbot_utils/share/bumperbot_utils/hook/cmake_prefix_path.sh'
[2.756s] Level 1:colcon.colcon_core.environment:checking '/home/eeiww/ud90uhak/bumperbot_ws/src/install/bumperbot_utils/lib'
[2.757s] Level 1:colcon.colcon_core.environment:checking '/home/eeiww/ud90uhak/bumperbot_ws/src/install/bumperbot_utils/bin'
[2.757s] Level 1:colcon.colcon_core.environment:checking '/home/eeiww/ud90uhak/bumperbot_ws/src/install/bumperbot_utils/lib/pkgconfig/bumperbot_utils.pc'
[2.757s] Level 1:colcon.colcon_core.environment:checking '/home/eeiww/ud90uhak/bumperbot_ws/src/install/bumperbot_utils/lib/python3.12/site-packages'
[2.757s] Level 1:colcon.colcon_core.shell:create_environment_hook('bumperbot_utils', 'pythonpath')
[2.758s] INFO:colcon.colcon_core.shell:Creating environment hook '/home/eeiww/ud90uhak/bumperbot_ws/src/install/bumperbot_utils/share/bumperbot_utils/hook/pythonpath.ps1'
[2.761s] INFO:colcon.colcon_core.shell:Creating environment descriptor '/home/eeiww/ud90uhak/bumperbot_ws/src/install/bumperbot_utils/share/bumperbot_utils/hook/pythonpath.dsv'
[2.763s] INFO:colcon.colcon_core.shell:Creating environment hook '/home/eeiww/ud90uhak/bumperbot_ws/src/install/bumperbot_utils/share/bumperbot_utils/hook/pythonpath.sh'
[2.766s] Level 1:colcon.colcon_core.environment:checking '/home/eeiww/ud90uhak/bumperbot_ws/src/install/bumperbot_utils/bin'
[2.766s] INFO:colcon.colcon_core.shell:Creating package script '/home/eeiww/ud90uhak/bumperbot_ws/src/install/bumperbot_utils/share/bumperbot_utils/package.ps1'
[2.769s] INFO:colcon.colcon_core.shell:Creating package descriptor '/home/eeiww/ud90uhak/bumperbot_ws/src/install/bumperbot_utils/share/bumperbot_utils/package.dsv'
[2.771s] INFO:colcon.colcon_core.shell:Creating package script '/home/eeiww/ud90uhak/bumperbot_ws/src/install/bumperbot_utils/share/bumperbot_utils/package.sh'
[2.774s] INFO:colcon.colcon_core.shell:Creating package script '/home/eeiww/ud90uhak/bumperbot_ws/src/install/bumperbot_utils/share/bumperbot_utils/package.bash'
[2.776s] INFO:colcon.colcon_core.shell:Creating package script '/home/eeiww/ud90uhak/bumperbot_ws/src/install/bumperbot_utils/share/bumperbot_utils/package.zsh'
[2.779s] Level 1:colcon.colcon_core.environment:create_file_with_runtime_dependencies(/home/eeiww/ud90uhak/bumperbot_ws/src/install/bumperbot_utils/share/colcon-core/packages/bumperbot_utils)
[3.270s] DEBUG:colcon.colcon_core.event_handler.log_command:Invoking command in '/home/eeiww/ud90uhak/bumperbot_ws/src/bumperbot_py_examples': AMENT_PREFIX_PATH=/home/eeiww/ud90uhak/bumperbot_ws/src/install/bumperbot_msgs:${AMENT_PREFIX_PATH} CMAKE_PREFIX_PATH=/home/eeiww/ud90uhak/bumperbot_ws/src/install/bumperbot_msgs:${CMAKE_PREFIX_PATH} DEBUGINFOD_URLS=https://debuginfod.ubuntu.com LD_LIBRARY_PATH=/home/eeiww/ud90uhak/bumperbot_ws/src/install/bumperbot_msgs/lib:${LD_LIBRARY_PATH} PYTHONPATH=/home/eeiww/ud90uhak/bumperbot_ws/src/build/bumperbot_py_examples/prefix_override:/usr/lib/python3/dist-packages/colcon_core/task/python/colcon_distutils_commands:/home/eeiww/ud90uhak/bumperbot_ws/src/install/bumperbot_py_examples/lib/python3.12/site-packages:/home/eeiww/ud90uhak/bumperbot_ws/src/install/bumperbot_msgs/lib/python3.12/site-packages:${PYTHONPATH} /usr/bin/python3 -W ignore:setup.py install is deprecated -W ignore:easy_install command is deprecated setup.py egg_info --egg-base ../build/bumperbot_py_examples build --build-base /home/eeiww/ud90uhak/bumperbot_ws/src/build/bumperbot_py_examples/build install --record /home/eeiww/ud90uhak/bumperbot_ws/src/build/bumperbot_py_examples/install.log --single-version-externally-managed install_data
[4.166s] Level 1:colcon.colcon_core.environment:checking '/home/eeiww/ud90uhak/bumperbot_ws/src/install/bumperbot_py_examples' for CMake module files
[4.167s] DEBUG:colcon.colcon_core.event_handler.log_command:Invoked command in '/home/eeiww/ud90uhak/bumperbot_ws/src/bumperbot_py_examples' returned '0': AMENT_PREFIX_PATH=/home/eeiww/ud90uhak/bumperbot_ws/src/install/bumperbot_msgs:${AMENT_PREFIX_PATH} CMAKE_PREFIX_PATH=/home/eeiww/ud90uhak/bumperbot_ws/src/install/bumperbot_msgs:${CMAKE_PREFIX_PATH} DEBUGINFOD_URLS=https://debuginfod.ubuntu.com LD_LIBRARY_PATH=/home/eeiww/ud90uhak/bumperbot_ws/src/install/bumperbot_msgs/lib:${LD_LIBRARY_PATH} PYTHONPATH=/home/eeiww/ud90uhak/bumperbot_ws/src/build/bumperbot_py_examples/prefix_override:/usr/lib/python3/dist-packages/colcon_core/task/python/colcon_distutils_commands:/home/eeiww/ud90uhak/bumperbot_ws/src/install/bumperbot_py_examples/lib/python3.12/site-packages:/home/eeiww/ud90uhak/bumperbot_ws/src/install/bumperbot_msgs/lib/python3.12/site-packages:${PYTHONPATH} /usr/bin/python3 -W ignore:setup.py install is deprecated -W ignore:easy_install command is deprecated setup.py egg_info --egg-base ../build/bumperbot_py_examples build --build-base /home/eeiww/ud90uhak/bumperbot_ws/src/build/bumperbot_py_examples/build install --record /home/eeiww/ud90uhak/bumperbot_ws/src/build/bumperbot_py_examples/install.log --single-version-externally-managed install_data
[4.170s] Level 1:colcon.colcon_core.environment:checking '/home/eeiww/ud90uhak/bumperbot_ws/src/install/bumperbot_py_examples' for CMake config files
[4.180s] Level 1:colcon.colcon_core.environment:checking '/home/eeiww/ud90uhak/bumperbot_ws/src/install/bumperbot_py_examples/lib'
[4.181s] Level 1:colcon.colcon_core.environment:checking '/home/eeiww/ud90uhak/bumperbot_ws/src/install/bumperbot_py_examples/bin'
[4.181s] Level 1:colcon.colcon_core.environment:checking '/home/eeiww/ud90uhak/bumperbot_ws/src/install/bumperbot_py_examples/lib/pkgconfig/bumperbot_py_examples.pc'
[4.181s] Level 1:colcon.colcon_core.environment:checking '/home/eeiww/ud90uhak/bumperbot_ws/src/install/bumperbot_py_examples/lib/python3.12/site-packages'
[4.181s] Level 1:colcon.colcon_core.shell:create_environment_hook('bumperbot_py_examples', 'pythonpath')
[4.182s] INFO:colcon.colcon_core.shell:Creating environment hook '/home/eeiww/ud90uhak/bumperbot_ws/src/install/bumperbot_py_examples/share/bumperbot_py_examples/hook/pythonpath.ps1'
[4.187s] INFO:colcon.colcon_core.shell:Creating environment descriptor '/home/eeiww/ud90uhak/bumperbot_ws/src/install/bumperbot_py_examples/share/bumperbot_py_examples/hook/pythonpath.dsv'
[4.191s] INFO:colcon.colcon_core.shell:Creating environment hook '/home/eeiww/ud90uhak/bumperbot_ws/src/install/bumperbot_py_examples/share/bumperbot_py_examples/hook/pythonpath.sh'
[4.195s] Level 1:colcon.colcon_core.environment:checking '/home/eeiww/ud90uhak/bumperbot_ws/src/install/bumperbot_py_examples/bin'
[4.195s] Level 1:colcon.colcon_core.environment:create_environment_scripts_only(bumperbot_py_examples)
[4.195s] INFO:colcon.colcon_core.shell:Creating package script '/home/eeiww/ud90uhak/bumperbot_ws/src/install/bumperbot_py_examples/share/bumperbot_py_examples/package.ps1'
[4.199s] INFO:colcon.colcon_core.shell:Creating package descriptor '/home/eeiww/ud90uhak/bumperbot_ws/src/install/bumperbot_py_examples/share/bumperbot_py_examples/package.dsv'
[4.202s] INFO:colcon.colcon_core.shell:Creating package script '/home/eeiww/ud90uhak/bumperbot_ws/src/install/bumperbot_py_examples/share/bumperbot_py_examples/package.sh'
[4.205s] INFO:colcon.colcon_core.shell:Creating package script '/home/eeiww/ud90uhak/bumperbot_ws/src/install/bumperbot_py_examples/share/bumperbot_py_examples/package.bash'
[4.208s] INFO:colcon.colcon_core.shell:Creating package script '/home/eeiww/ud90uhak/bumperbot_ws/src/install/bumperbot_py_examples/share/bumperbot_py_examples/package.zsh'
[4.211s] Level 1:colcon.colcon_core.environment:create_file_with_runtime_dependencies(/home/eeiww/ud90uhak/bumperbot_ws/src/install/bumperbot_py_examples/share/colcon-core/packages/bumperbot_py_examples)
[4.214s] DEBUG:colcon.colcon_parallel_executor.executor.parallel:closing loop
[4.214s] DEBUG:colcon.colcon_parallel_executor.executor.parallel:loop closed
[4.215s] DEBUG:colcon.colcon_parallel_executor.executor.parallel:run_until_complete finished with '0'
[4.215s] DEBUG:colcon.colcon_core.event_reactor:joining thread
[4.226s] INFO:colcon.colcon_core.plugin_system:Skipping extension 'colcon_notification.desktop_notification.terminal_notifier': Not used on non-Darwin systems
[4.226s] INFO:colcon.colcon_core.plugin_system:Skipping extension 'colcon_notification.desktop_notification.win32': Not used on non-Windows systems
[4.226s] INFO:colcon.colcon_notification.desktop_notification:Sending desktop notification using 'notify2'
[4.239s] DEBUG:colcon.colcon_core.event_reactor:joined thread
[4.239s] INFO:colcon.colcon_core.shell:Creating prefix script '/home/eeiww/ud90uhak/bumperbot_ws/src/install/local_setup.ps1'
[4.243s] INFO:colcon.colcon_core.shell:Creating prefix util module '/home/eeiww/ud90uhak/bumperbot_ws/src/install/_local_setup_util_ps1.py'
[4.248s] INFO:colcon.colcon_core.shell:Creating prefix chain script '/home/eeiww/ud90uhak/bumperbot_ws/src/install/setup.ps1'
[4.251s] INFO:colcon.colcon_core.shell:Creating prefix script '/home/eeiww/ud90uhak/bumperbot_ws/src/install/local_setup.sh'
[4.254s] INFO:colcon.colcon_core.shell:Creating prefix util module '/home/eeiww/ud90uhak/bumperbot_ws/src/install/_local_setup_util_sh.py'
[4.259s] INFO:colcon.colcon_core.shell:Creating prefix chain script '/home/eeiww/ud90uhak/bumperbot_ws/src/install/setup.sh'
[4.262s] INFO:colcon.colcon_core.shell:Creating prefix script '/home/eeiww/ud90uhak/bumperbot_ws/src/install/local_setup.bash'
[4.265s] INFO:colcon.colcon_core.shell:Creating prefix chain script '/home/eeiww/ud90uhak/bumperbot_ws/src/install/setup.bash'
[4.269s] INFO:colcon.colcon_core.shell:Creating prefix script '/home/eeiww/ud90uhak/bumperbot_ws/src/install/local_setup.zsh'
[4.273s] INFO:colcon.colcon_core.shell:Creating prefix chain script '/home/eeiww/ud90uhak/bumperbot_ws/src/install/setup.zsh'
