[0.092s] Invoking command in '/home/eeiww/ud90uhak/bumperbot_ws/src/build/bumperbot_description': CMAKE_PREFIX_PATH=${CMAKE_PREFIX_PATH}:/opt/ros/jazzy DEBUGINFOD_URLS=https://debuginfod.ubuntu.com /usr/bin/cmake --build /home/eeiww/ud90uhak/bumperbot_ws/src/build/bumperbot_description -- -j8 -l8
[0.143s] Invoked command in '/home/eeiww/ud90uhak/bumperbot_ws/src/build/bumperbot_description' returned '0': CMAKE_PREFIX_PATH=${CMAKE_PREFIX_PATH}:/opt/ros/jazzy DEBUGINFOD_URLS=https://debuginfod.ubuntu.com /usr/bin/cmake --build /home/eeiww/ud90uhak/bumperbot_ws/src/build/bumperbot_description -- -j8 -l8
[0.156s] Invoking command in '/home/eeiww/ud90uhak/bumperbot_ws/src/build/bumperbot_description': CMAKE_PREFIX_PATH=${CMAKE_PREFIX_PATH}:/opt/ros/jazzy DEBUGINFOD_URLS=https://debuginfod.ubuntu.com /usr/bin/cmake --install /home/eeiww/ud90uhak/bumperbot_ws/src/build/bumperbot_description
[0.840s] -- Install configuration: ""
[0.840s] -- Up-to-date: /home/eeiww/ud90uhak/bumperbot_ws/src/install/bumperbot_description/share/bumperbot_description/launch
[0.841s] -- Up-to-date: /home/eeiww/ud90uhak/bumperbot_ws/src/install/bumperbot_description/share/bumperbot_description/launch/display.launch.py
[0.841s] -- Up-to-date: /home/eeiww/ud90uhak/bumperbot_ws/src/install/bumperbot_description/share/bumperbot_description/launch/gazebo.launch.py
[0.841s] -- Up-to-date: /home/eeiww/ud90uhak/bumperbot_ws/src/install/bumperbot_description/share/bumperbot_description/meshes
[0.841s] -- Up-to-date: /home/eeiww/ud90uhak/bumperbot_ws/src/install/bumperbot_description/share/bumperbot_description/meshes/base_link.STL
[0.841s] -- Up-to-date: /home/eeiww/ud90uhak/bumperbot_ws/src/install/bumperbot_description/share/bumperbot_description/meshes/wheel_left_link.STL
[0.841s] -- Up-to-date: /home/eeiww/ud90uhak/bumperbot_ws/src/install/bumperbot_description/share/bumperbot_description/meshes/caster_front_link.STL
[0.841s] -- Up-to-date: /home/eeiww/ud90uhak/bumperbot_ws/src/install/bumperbot_description/share/bumperbot_description/meshes/imu_link.STL
[0.841s] -- Up-to-date: /home/eeiww/ud90uhak/bumperbot_ws/src/install/bumperbot_description/share/bumperbot_description/meshes/laser_link.STL
[0.841s] -- Up-to-date: /home/eeiww/ud90uhak/bumperbot_ws/src/install/bumperbot_description/share/bumperbot_description/meshes/caster_rear_link.STL
[0.841s] -- Up-to-date: /home/eeiww/ud90uhak/bumperbot_ws/src/install/bumperbot_description/share/bumperbot_description/meshes/wheel_right_link.STL
[0.841s] -- Up-to-date: /home/eeiww/ud90uhak/bumperbot_ws/src/install/bumperbot_description/share/bumperbot_description/urdf
[0.841s] -- Up-to-date: /home/eeiww/ud90uhak/bumperbot_ws/src/install/bumperbot_description/share/bumperbot_description/urdf/bumperbot_ros2_control.xacro
[0.841s] -- Up-to-date: /home/eeiww/ud90uhak/bumperbot_ws/src/install/bumperbot_description/share/bumperbot_description/urdf/bumperbot_gazebo.xacro
[0.842s] -- Up-to-date: /home/eeiww/ud90uhak/bumperbot_ws/src/install/bumperbot_description/share/bumperbot_description/urdf/bumperbot.urdf.xacro
[0.842s] -- Up-to-date: /home/eeiww/ud90uhak/bumperbot_ws/src/install/bumperbot_description/share/bumperbot_description/rviz
[0.842s] -- Up-to-date: /home/eeiww/ud90uhak/bumperbot_ws/src/install/bumperbot_description/share/bumperbot_description/rviz/display.rviz
[0.842s] -- Up-to-date: /home/eeiww/ud90uhak/bumperbot_ws/src/install/bumperbot_description/share/bumperbot_description/models
[0.842s] -- Up-to-date: /home/eeiww/ud90uhak/bumperbot_ws/src/install/bumperbot_description/share/bumperbot_description/models/aws_robomaker_residential_Curtain_01
[0.842s] -- Up-to-date: /home/eeiww/ud90uhak/bumperbot_ws/src/install/bumperbot_description/share/bumperbot_description/models/aws_robomaker_residential_Curtain_01/meshes
[0.842s] -- Up-to-date: /home/eeiww/ud90uhak/bumperbot_ws/src/install/bumperbot_description/share/bumperbot_description/models/aws_robomaker_residential_Curtain_01/meshes/aws_Curtain_01_collision.DAE
[0.842s] -- Up-to-date: /home/eeiww/ud90uhak/bumperbot_ws/src/install/bumperbot_description/share/bumperbot_description/models/aws_robomaker_residential_Curtain_01/meshes/aws_Curtain_01_visual.DAE
[0.842s] -- Up-to-date: /home/eeiww/ud90uhak/bumperbot_ws/src/install/bumperbot_description/share/bumperbot_description/models/aws_robomaker_residential_Curtain_01/model.sdf
[0.842s] -- Up-to-date: /home/eeiww/ud90uhak/bumperbot_ws/src/install/bumperbot_description/share/bumperbot_description/models/aws_robomaker_residential_Curtain_01/model.config
[0.842s] -- Up-to-date: /home/eeiww/ud90uhak/bumperbot_ws/src/install/bumperbot_description/share/bumperbot_description/models/aws_robomaker_residential_Curtain_01/materials
[0.842s] -- Up-to-date: /home/eeiww/ud90uhak/bumperbot_ws/src/install/bumperbot_description/share/bumperbot_description/models/aws_robomaker_residential_Curtain_01/materials/textures
[0.842s] -- Up-to-date: /home/eeiww/ud90uhak/bumperbot_ws/src/install/bumperbot_description/share/bumperbot_description/models/aws_robomaker_residential_Curtain_01/materials/textures/aws_Curtain_01.png
[0.842s] -- Up-to-date: /home/eeiww/ud90uhak/bumperbot_ws/src/install/bumperbot_description/share/bumperbot_description/models/aws_robomaker_residential_SecurityCamera_01
[0.842s] -- Up-to-date: /home/eeiww/ud90uhak/bumperbot_ws/src/install/bumperbot_description/share/bumperbot_description/models/aws_robomaker_residential_SecurityCamera_01/meshes
[0.842s] -- Up-to-date: /home/eeiww/ud90uhak/bumperbot_ws/src/install/bumperbot_description/share/bumperbot_description/models/aws_robomaker_residential_SecurityCamera_01/meshes/aws_SecurityCamera_01_collision.DAE
[0.843s] -- Up-to-date: /home/eeiww/ud90uhak/bumperbot_ws/src/install/bumperbot_description/share/bumperbot_description/models/aws_robomaker_residential_SecurityCamera_01/meshes/aws_SecurityCamera_01_visual.DAE
[0.843s] -- Up-to-date: /home/eeiww/ud90uhak/bumperbot_ws/src/install/bumperbot_description/share/bumperbot_description/models/aws_robomaker_residential_SecurityCamera_01/model.sdf
[0.843s] -- Up-to-date: /home/eeiww/ud90uhak/bumperbot_ws/src/install/bumperbot_description/share/bumperbot_description/models/aws_robomaker_residential_SecurityCamera_01/model.config
[0.843s] -- Up-to-date: /home/eeiww/ud90uhak/bumperbot_ws/src/install/bumperbot_description/share/bumperbot_description/models/aws_robomaker_residential_SecurityCamera_01/materials
[0.843s] -- Up-to-date: /home/eeiww/ud90uhak/bumperbot_ws/src/install/bumperbot_description/share/bumperbot_description/models/aws_robomaker_residential_SecurityCamera_01/materials/textures
[0.843s] -- Up-to-date: /home/eeiww/ud90uhak/bumperbot_ws/src/install/bumperbot_description/share/bumperbot_description/models/aws_robomaker_residential_SecurityCamera_01/materials/textures/aws_SecurityCamera_01.png
[0.843s] -- Up-to-date: /home/eeiww/ud90uhak/bumperbot_ws/src/install/bumperbot_description/share/bumperbot_description/models/aws_robomaker_residential_Ball_01
[0.843s] -- Up-to-date: /home/eeiww/ud90uhak/bumperbot_ws/src/install/bumperbot_description/share/bumperbot_description/models/aws_robomaker_residential_Ball_01/meshes
[0.843s] -- Up-to-date: /home/eeiww/ud90uhak/bumperbot_ws/src/install/bumperbot_description/share/bumperbot_description/models/aws_robomaker_residential_Ball_01/meshes/aws_Ball_01_visual.DAE
[0.843s] -- Up-to-date: /home/eeiww/ud90uhak/bumperbot_ws/src/install/bumperbot_description/share/bumperbot_description/models/aws_robomaker_residential_Ball_01/meshes/aws_Ball_01_collision.DAE
[0.843s] -- Up-to-date: /home/eeiww/ud90uhak/bumperbot_ws/src/install/bumperbot_description/share/bumperbot_description/models/aws_robomaker_residential_Ball_01/model.sdf
[0.843s] -- Up-to-date: /home/eeiww/ud90uhak/bumperbot_ws/src/install/bumperbot_description/share/bumperbot_description/models/aws_robomaker_residential_Ball_01/model.config
[0.843s] -- Up-to-date: /home/eeiww/ud90uhak/bumperbot_ws/src/install/bumperbot_description/share/bumperbot_description/models/aws_robomaker_residential_Ball_01/materials
[0.843s] -- Up-to-date: /home/eeiww/ud90uhak/bumperbot_ws/src/install/bumperbot_description/share/bumperbot_description/models/aws_robomaker_residential_Ball_01/materials/textures
[0.843s] -- Up-to-date: /home/eeiww/ud90uhak/bumperbot_ws/src/install/bumperbot_description/share/bumperbot_description/models/aws_robomaker_residential_Ball_01/materials/textures/aws_Ball_01.png
[0.843s] -- Up-to-date: /home/eeiww/ud90uhak/bumperbot_ws/src/install/bumperbot_description/share/bumperbot_description/models/aws_robomaker_warehouse_ShelfD_01
[0.844s] -- Up-to-date: /home/eeiww/ud90uhak/bumperbot_ws/src/install/bumperbot_description/share/bumperbot_description/models/aws_robomaker_warehouse_ShelfD_01/meshes
[0.844s] -- Up-to-date: /home/eeiww/ud90uhak/bumperbot_ws/src/install/bumperbot_description/share/bumperbot_description/models/aws_robomaker_warehouse_ShelfD_01/meshes/aws_robomaker_warehouse_ShelfD_01_visual.DAE
[0.844s] -- Up-to-date: /home/eeiww/ud90uhak/bumperbot_ws/src/install/bumperbot_description/share/bumperbot_description/models/aws_robomaker_warehouse_ShelfD_01/meshes/aws_robomaker_warehouse_ShelfD_01_collision.DAE
[0.844s] -- Up-to-date: /home/eeiww/ud90uhak/bumperbot_ws/src/install/bumperbot_description/share/bumperbot_description/models/aws_robomaker_warehouse_ShelfD_01/model.sdf
[0.844s] -- Up-to-date: /home/eeiww/ud90uhak/bumperbot_ws/src/install/bumperbot_description/share/bumperbot_description/models/aws_robomaker_warehouse_ShelfD_01/model.config
[0.844s] -- Up-to-date: /home/eeiww/ud90uhak/bumperbot_ws/src/install/bumperbot_description/share/bumperbot_description/models/aws_robomaker_warehouse_ShelfD_01/materials
[0.844s] -- Up-to-date: /home/eeiww/ud90uhak/bumperbot_ws/src/install/bumperbot_description/share/bumperbot_description/models/aws_robomaker_warehouse_ShelfD_01/materials/textures
[0.844s] -- Up-to-date: /home/eeiww/ud90uhak/bumperbot_ws/src/install/bumperbot_description/share/bumperbot_description/models/aws_robomaker_warehouse_ShelfD_01/materials/textures/aws_robomaker_warehouse_ShelfD_03.png
[0.844s] -- Up-to-date: /home/eeiww/ud90uhak/bumperbot_ws/src/install/bumperbot_description/share/bumperbot_description/models/aws_robomaker_warehouse_ShelfD_01/materials/textures/aws_robomaker_warehouse_ShelfD_04.png
[0.844s] -- Up-to-date: /home/eeiww/ud90uhak/bumperbot_ws/src/install/bumperbot_description/share/bumperbot_description/models/aws_robomaker_warehouse_ShelfD_01/materials/textures/aws_robomaker_warehouse_ShelfD_02.png
[0.844s] -- Up-to-date: /home/eeiww/ud90uhak/bumperbot_ws/src/install/bumperbot_description/share/bumperbot_description/models/aws_robomaker_warehouse_ShelfD_01/materials/textures/aws_robomaker_warehouse_ShelfD_01.png
[0.844s] -- Up-to-date: /home/eeiww/ud90uhak/bumperbot_ws/src/install/bumperbot_description/share/bumperbot_description/models/aws_robomaker_warehouse_ClutteringC_01
[0.844s] -- Up-to-date: /home/eeiww/ud90uhak/bumperbot_ws/src/install/bumperbot_description/share/bumperbot_description/models/aws_robomaker_warehouse_ClutteringC_01/meshes
[0.844s] -- Up-to-date: /home/eeiww/ud90uhak/bumperbot_ws/src/install/bumperbot_description/share/bumperbot_description/models/aws_robomaker_warehouse_ClutteringC_01/meshes/aws_robomaker_warehouse_ClutteringC_01_visual.DAE
[0.845s] -- Up-to-date: /home/eeiww/ud90uhak/bumperbot_ws/src/install/bumperbot_description/share/bumperbot_description/models/aws_robomaker_warehouse_ClutteringC_01/meshes/aws_robomaker_warehouse_ClutteringC_01_collision.DAE
[0.845s] -- Up-to-date: /home/eeiww/ud90uhak/bumperbot_ws/src/install/bumperbot_description/share/bumperbot_description/models/aws_robomaker_warehouse_ClutteringC_01/model.sdf
[0.845s] -- Up-to-date: /home/eeiww/ud90uhak/bumperbot_ws/src/install/bumperbot_description/share/bumperbot_description/models/aws_robomaker_warehouse_ClutteringC_01/model.config
[0.845s] -- Up-to-date: /home/eeiww/ud90uhak/bumperbot_ws/src/install/bumperbot_description/share/bumperbot_description/models/aws_robomaker_warehouse_ClutteringC_01/materials
[0.845s] -- Up-to-date: /home/eeiww/ud90uhak/bumperbot_ws/src/install/bumperbot_description/share/bumperbot_description/models/aws_robomaker_warehouse_ClutteringC_01/materials/textures
[0.845s] -- Up-to-date: /home/eeiww/ud90uhak/bumperbot_ws/src/install/bumperbot_description/share/bumperbot_description/models/aws_robomaker_warehouse_ClutteringC_01/materials/textures/aws_robomaker_warehouse_ClutteringC_02.png
[0.845s] -- Up-to-date: /home/eeiww/ud90uhak/bumperbot_ws/src/install/bumperbot_description/share/bumperbot_description/models/aws_robomaker_warehouse_ClutteringC_01/materials/textures/aws_robomaker_warehouse_ClutteringC_01.png
[0.846s] -- Up-to-date: /home/eeiww/ud90uhak/bumperbot_ws/src/install/bumperbot_description/share/bumperbot_description/models/aws_robomaker_residential_KitchenUtensils_01
[0.846s] -- Up-to-date: /home/eeiww/ud90uhak/bumperbot_ws/src/install/bumperbot_description/share/bumperbot_description/models/aws_robomaker_residential_KitchenUtensils_01/meshes
[0.846s] -- Up-to-date: /home/eeiww/ud90uhak/bumperbot_ws/src/install/bumperbot_description/share/bumperbot_description/models/aws_robomaker_residential_KitchenUtensils_01/meshes/aws_KitchenUtensils_01_collision.DAE
[0.846s] -- Up-to-date: /home/eeiww/ud90uhak/bumperbot_ws/src/install/bumperbot_description/share/bumperbot_description/models/aws_robomaker_residential_KitchenUtensils_01/meshes/aws_KitchenUtensils_01_visual.DAE
[0.846s] -- Up-to-date: /home/eeiww/ud90uhak/bumperbot_ws/src/install/bumperbot_description/share/bumperbot_description/models/aws_robomaker_residential_KitchenUtensils_01/model.sdf
[0.847s] -- Up-to-date: /home/eeiww/ud90uhak/bumperbot_ws/src/install/bumperbot_description/share/bumperbot_description/models/aws_robomaker_residential_KitchenUtensils_01/model.config
[0.847s] -- Up-to-date: /home/eeiww/ud90uhak/bumperbot_ws/src/install/bumperbot_description/share/bumperbot_description/models/aws_robomaker_residential_KitchenUtensils_01/materials
[0.847s] -- Up-to-date: /home/eeiww/ud90uhak/bumperbot_ws/src/install/bumperbot_description/share/bumperbot_description/models/aws_robomaker_residential_KitchenUtensils_01/materials/textures
[0.847s] -- Up-to-date: /home/eeiww/ud90uhak/bumperbot_ws/src/install/bumperbot_description/share/bumperbot_description/models/aws_robomaker_residential_KitchenUtensils_01/materials/textures/aws_KitchenUtensils_01.png
[0.847s] -- Up-to-date: /home/eeiww/ud90uhak/bumperbot_ws/src/install/bumperbot_description/share/bumperbot_description/models/aws_robomaker_residential_TV_02
[0.847s] -- Up-to-date: /home/eeiww/ud90uhak/bumperbot_ws/src/install/bumperbot_description/share/bumperbot_description/models/aws_robomaker_residential_TV_02/meshes
[0.847s] -- Up-to-date: /home/eeiww/ud90uhak/bumperbot_ws/src/install/bumperbot_description/share/bumperbot_description/models/aws_robomaker_residential_TV_02/meshes/aws_TV_01_visual.DAE
[0.848s] -- Up-to-date: /home/eeiww/ud90uhak/bumperbot_ws/src/install/bumperbot_description/share/bumperbot_description/models/aws_robomaker_residential_TV_02/meshes/aws_TV_01_collision.DAE
[0.848s] -- Up-to-date: /home/eeiww/ud90uhak/bumperbot_ws/src/install/bumperbot_description/share/bumperbot_description/models/aws_robomaker_residential_TV_02/model.sdf
[0.848s] -- Up-to-date: /home/eeiww/ud90uhak/bumperbot_ws/src/install/bumperbot_description/share/bumperbot_description/models/aws_robomaker_residential_TV_02/model.config
[0.848s] -- Up-to-date: /home/eeiww/ud90uhak/bumperbot_ws/src/install/bumperbot_description/share/bumperbot_description/models/aws_robomaker_residential_TV_02/materials
[0.848s] -- Up-to-date: /home/eeiww/ud90uhak/bumperbot_ws/src/install/bumperbot_description/share/bumperbot_description/models/aws_robomaker_residential_TV_02/materials/textures
[0.848s] -- Up-to-date: /home/eeiww/ud90uhak/bumperbot_ws/src/install/bumperbot_description/share/bumperbot_description/models/aws_robomaker_residential_TV_02/materials/textures/aws_TV_01.png
[0.849s] -- Up-to-date: /home/eeiww/ud90uhak/bumperbot_ws/src/install/bumperbot_description/share/bumperbot_description/models/aws_robomaker_residential_Wardrobe_01
[0.850s] -- Up-to-date: /home/eeiww/ud90uhak/bumperbot_ws/src/install/bumperbot_description/share/bumperbot_description/models/aws_robomaker_residential_Wardrobe_01/meshes
[0.851s] -- Up-to-date: /home/eeiww/ud90uhak/bumperbot_ws/src/install/bumperbot_description/share/bumperbot_description/models/aws_robomaker_residential_Wardrobe_01/meshes/aws_Wardrobe_01_visual.DAE
[0.851s] -- Up-to-date: /home/eeiww/ud90uhak/bumperbot_ws/src/install/bumperbot_description/share/bumperbot_description/models/aws_robomaker_residential_Wardrobe_01/meshes/aws_Wardrobe_01_collision.DAE
[0.851s] -- Up-to-date: /home/eeiww/ud90uhak/bumperbot_ws/src/install/bumperbot_description/share/bumperbot_description/models/aws_robomaker_residential_Wardrobe_01/model.sdf
[0.851s] -- Up-to-date: /home/eeiww/ud90uhak/bumperbot_ws/src/install/bumperbot_description/share/bumperbot_description/models/aws_robomaker_residential_Wardrobe_01/model.config
[0.851s] -- Up-to-date: /home/eeiww/ud90uhak/bumperbot_ws/src/install/bumperbot_description/share/bumperbot_description/models/aws_robomaker_residential_Wardrobe_01/materials
[0.851s] -- Up-to-date: /home/eeiww/ud90uhak/bumperbot_ws/src/install/bumperbot_description/share/bumperbot_description/models/aws_robomaker_residential_Wardrobe_01/materials/textures
[0.851s] -- Up-to-date: /home/eeiww/ud90uhak/bumperbot_ws/src/install/bumperbot_description/share/bumperbot_description/models/aws_robomaker_residential_Wardrobe_01/materials/textures/aws_Wardrobe_01.png
[0.851s] -- Up-to-date: /home/eeiww/ud90uhak/bumperbot_ws/src/install/bumperbot_description/share/bumperbot_description/models/aws_robomaker_residential_Tablet_01
[0.851s] -- Up-to-date: /home/eeiww/ud90uhak/bumperbot_ws/src/install/bumperbot_description/share/bumperbot_description/models/aws_robomaker_residential_Tablet_01/meshes
[0.851s] -- Up-to-date: /home/eeiww/ud90uhak/bumperbot_ws/src/install/bumperbot_description/share/bumperbot_description/models/aws_robomaker_residential_Tablet_01/meshes/aws_Tablet_01_visual.DAE
[0.851s] -- Up-to-date: /home/eeiww/ud90uhak/bumperbot_ws/src/install/bumperbot_description/share/bumperbot_description/models/aws_robomaker_residential_Tablet_01/meshes/aws_Tablet_01_collision.DAE
[0.851s] -- Up-to-date: /home/eeiww/ud90uhak/bumperbot_ws/src/install/bumperbot_description/share/bumperbot_description/models/aws_robomaker_residential_Tablet_01/model.sdf
[0.851s] -- Up-to-date: /home/eeiww/ud90uhak/bumperbot_ws/src/install/bumperbot_description/share/bumperbot_description/models/aws_robomaker_residential_Tablet_01/model.config
[0.851s] -- Up-to-date: /home/eeiww/ud90uhak/bumperbot_ws/src/install/bumperbot_description/share/bumperbot_description/models/aws_robomaker_residential_Tablet_01/materials
[0.852s] -- Up-to-date: /home/eeiww/ud90uhak/bumperbot_ws/src/install/bumperbot_description/share/bumperbot_description/models/aws_robomaker_residential_Tablet_01/materials/textures
[0.852s] -- Up-to-date: /home/eeiww/ud90uhak/bumperbot_ws/src/install/bumperbot_description/share/bumperbot_description/models/aws_robomaker_residential_Tablet_01/materials/textures/aws_Tablet_01_nologo.png
[0.853s] -- Up-to-date: /home/eeiww/ud90uhak/bumperbot_ws/src/install/bumperbot_description/share/bumperbot_description/models/aws_robomaker_residential_PortraitB_01
[0.862s] -- Up-to-date: /home/eeiww/ud90uhak/bumperbot_ws/src/install/bumperbot_description/share/bumperbot_description/models/aws_robomaker_residential_PortraitB_01/meshes
[0.866s] -- Up-to-date: /home/eeiww/ud90uhak/bumperbot_ws/src/install/bumperbot_description/share/bumperbot_description/models/aws_robomaker_residential_PortraitB_01/meshes/aws_PortraitB_01_collision.DAE
[0.866s] -- Up-to-date: /home/eeiww/ud90uhak/bumperbot_ws/src/install/bumperbot_description/share/bumperbot_description/models/aws_robomaker_residential_PortraitB_01/meshes/aws_PortraitB_01_visual.DAE
[0.866s] -- Up-to-date: /home/eeiww/ud90uhak/bumperbot_ws/src/install/bumperbot_description/share/bumperbot_description/models/aws_robomaker_residential_PortraitB_01/model.sdf
[0.867s] -- Up-to-date: /home/eeiww/ud90uhak/bumperbot_ws/src/install/bumperbot_description/share/bumperbot_description/models/aws_robomaker_residential_PortraitB_01/model.config
[0.868s] -- Up-to-date: /home/eeiww/ud90uhak/bumperbot_ws/src/install/bumperbot_description/share/bumperbot_description/models/aws_robomaker_residential_PortraitB_01/materials
[0.871s] -- Up-to-date: /home/eeiww/ud90uhak/bumperbot_ws/src/install/bumperbot_description/share/bumperbot_description/models/aws_robomaker_residential_PortraitB_01/materials/textures
[0.874s] -- Up-to-date: /home/eeiww/ud90uhak/bumperbot_ws/src/install/bumperbot_description/share/bumperbot_description/models/aws_robomaker_residential_PortraitB_01/materials/textures/aws_PortraitB_01.png
[0.875s] -- Up-to-date: /home/eeiww/ud90uhak/bumperbot_ws/src/install/bumperbot_description/share/bumperbot_description/models/aws_robomaker_residential_PortraitB_01/materials/textures/aws_PortraitB_02.png
[0.877s] -- Up-to-date: /home/eeiww/ud90uhak/bumperbot_ws/src/install/bumperbot_description/share/bumperbot_description/models/aws_robomaker_warehouse_Bucket_01
[0.882s] -- Up-to-date: /home/eeiww/ud90uhak/bumperbot_ws/src/install/bumperbot_description/share/bumperbot_description/models/aws_robomaker_warehouse_Bucket_01/meshes
[0.882s] -- Up-to-date: /home/eeiww/ud90uhak/bumperbot_ws/src/install/bumperbot_description/share/bumperbot_description/models/aws_robomaker_warehouse_Bucket_01/meshes/aws_robomaker_warehouse_Bucket_01_collision.DAE
[0.883s] -- Up-to-date: /home/eeiww/ud90uhak/bumperbot_ws/src/install/bumperbot_description/share/bumperbot_description/models/aws_robomaker_warehouse_Bucket_01/meshes/aws_robomaker_warehouse_Bucket_01_visual.DAE
[0.883s] -- Up-to-date: /home/eeiww/ud90uhak/bumperbot_ws/src/install/bumperbot_description/share/bumperbot_description/models/aws_robomaker_warehouse_Bucket_01/model.sdf
[0.884s] -- Up-to-date: /home/eeiww/ud90uhak/bumperbot_ws/src/install/bumperbot_description/share/bumperbot_description/models/aws_robomaker_warehouse_Bucket_01/.DS_Store
[0.885s] -- Up-to-date: /home/eeiww/ud90uhak/bumperbot_ws/src/install/bumperbot_description/share/bumperbot_description/models/aws_robomaker_warehouse_Bucket_01/model.config
[0.886s] -- Up-to-date: /home/eeiww/ud90uhak/bumperbot_ws/src/install/bumperbot_description/share/bumperbot_description/models/aws_robomaker_warehouse_Bucket_01/materials
[0.889s] -- Up-to-date: /home/eeiww/ud90uhak/bumperbot_ws/src/install/bumperbot_description/share/bumperbot_description/models/aws_robomaker_warehouse_Bucket_01/materials/textures
[0.890s] -- Up-to-date: /home/eeiww/ud90uhak/bumperbot_ws/src/install/bumperbot_description/share/bumperbot_description/models/aws_robomaker_warehouse_Bucket_01/materials/textures/aws_robomaker_warehouse_Bucket_01.png
[0.892s] -- Up-to-date: /home/eeiww/ud90uhak/bumperbot_ws/src/install/bumperbot_description/share/bumperbot_description/models/aws_robomaker_warehouse_Bucket_01/materials/.DS_Store
[0.893s] -- Up-to-date: /home/eeiww/ud90uhak/bumperbot_ws/src/install/bumperbot_description/share/bumperbot_description/models/aws_robomaker_residential_SeasoningBox_01
[0.895s] -- Up-to-date: /home/eeiww/ud90uhak/bumperbot_ws/src/install/bumperbot_description/share/bumperbot_description/models/aws_robomaker_residential_SeasoningBox_01/meshes
[0.896s] -- Up-to-date: /home/eeiww/ud90uhak/bumperbot_ws/src/install/bumperbot_description/share/bumperbot_description/models/aws_robomaker_residential_SeasoningBox_01/meshes/aws_SeasoningBox_01_visual.DAE
[0.898s] -- Up-to-date: /home/eeiww/ud90uhak/bumperbot_ws/src/install/bumperbot_description/share/bumperbot_description/models/aws_robomaker_residential_SeasoningBox_01/meshes/aws_SeasoningBox_01_collision.DAE
[0.898s] -- Up-to-date: /home/eeiww/ud90uhak/bumperbot_ws/src/install/bumperbot_description/share/bumperbot_description/models/aws_robomaker_residential_SeasoningBox_01/model.sdf
[0.899s] -- Up-to-date: /home/eeiww/ud90uhak/bumperbot_ws/src/install/bumperbot_description/share/bumperbot_description/models/aws_robomaker_residential_SeasoningBox_01/model.config
[0.900s] -- Up-to-date: /home/eeiww/ud90uhak/bumperbot_ws/src/install/bumperbot_description/share/bumperbot_description/models/aws_robomaker_residential_SeasoningBox_01/materials
[0.904s] -- Up-to-date: /home/eeiww/ud90uhak/bumperbot_ws/src/install/bumperbot_description/share/bumperbot_description/models/aws_robomaker_residential_SeasoningBox_01/materials/textures
[0.904s] -- Up-to-date: /home/eeiww/ud90uhak/bumperbot_ws/src/install/bumperbot_description/share/bumperbot_description/models/aws_robomaker_residential_SeasoningBox_01/materials/textures/aws_SeasoningBox_01.png
[0.906s] -- Up-to-date: /home/eeiww/ud90uhak/bumperbot_ws/src/install/bumperbot_description/share/bumperbot_description/models/aws_robomaker_residential_Tableware_01
[0.908s] -- Up-to-date: /home/eeiww/ud90uhak/bumperbot_ws/src/install/bumperbot_description/share/bumperbot_description/models/aws_robomaker_residential_Tableware_01/meshes
[0.910s] -- Up-to-date: /home/eeiww/ud90uhak/bumperbot_ws/src/install/bumperbot_description/share/bumperbot_description/models/aws_robomaker_residential_Tableware_01/meshes/aws_Tableware_01_collision.DAE
[0.912s] -- Up-to-date: /home/eeiww/ud90uhak/bumperbot_ws/src/install/bumperbot_description/share/bumperbot_description/models/aws_robomaker_residential_Tableware_01/meshes/aws_Tableware_01_visual.DAE
[0.913s] -- Up-to-date: /home/eeiww/ud90uhak/bumperbot_ws/src/install/bumperbot_description/share/bumperbot_description/models/aws_robomaker_residential_Tableware_01/model.sdf
[0.914s] -- Up-to-date: /home/eeiww/ud90uhak/bumperbot_ws/src/install/bumperbot_description/share/bumperbot_description/models/aws_robomaker_residential_Tableware_01/model.config
[0.915s] -- Up-to-date: /home/eeiww/ud90uhak/bumperbot_ws/src/install/bumperbot_description/share/bumperbot_description/models/aws_robomaker_residential_Tableware_01/materials
[0.922s] -- Up-to-date: /home/eeiww/ud90uhak/bumperbot_ws/src/install/bumperbot_description/share/bumperbot_description/models/aws_robomaker_residential_Tableware_01/materials/textures
[0.922s] -- Up-to-date: /home/eeiww/ud90uhak/bumperbot_ws/src/install/bumperbot_description/share/bumperbot_description/models/aws_robomaker_residential_Tableware_01/materials/textures/aws_Tableware_01.png
[0.923s] -- Up-to-date: /home/eeiww/ud90uhak/bumperbot_ws/src/install/bumperbot_description/share/bumperbot_description/models/aws_robomaker_residential_DeskPortraitD_01
[0.923s] -- Up-to-date: /home/eeiww/ud90uhak/bumperbot_ws/src/install/bumperbot_description/share/bumperbot_description/models/aws_robomaker_residential_DeskPortraitD_01/meshes
[0.924s] -- Up-to-date: /home/eeiww/ud90uhak/bumperbot_ws/src/install/bumperbot_description/share/bumperbot_description/models/aws_robomaker_residential_DeskPortraitD_01/meshes/aws_DeskPortraitD_01_visual.DAE
[0.926s] -- Up-to-date: /home/eeiww/ud90uhak/bumperbot_ws/src/install/bumperbot_description/share/bumperbot_description/models/aws_robomaker_residential_DeskPortraitD_01/meshes/aws_DeskPortraitD_01_collision.DAE
[0.926s] -- Up-to-date: /home/eeiww/ud90uhak/bumperbot_ws/src/install/bumperbot_description/share/bumperbot_description/models/aws_robomaker_residential_DeskPortraitD_01/model.sdf
[0.926s] -- Up-to-date: /home/eeiww/ud90uhak/bumperbot_ws/src/install/bumperbot_description/share/bumperbot_description/models/aws_robomaker_residential_DeskPortraitD_01/model.config
[0.927s] -- Up-to-date: /home/eeiww/ud90uhak/bumperbot_ws/src/install/bumperbot_description/share/bumperbot_description/models/aws_robomaker_residential_DeskPortraitD_01/materials
[0.928s] -- Up-to-date: /home/eeiww/ud90uhak/bumperbot_ws/src/install/bumperbot_description/share/bumperbot_description/models/aws_robomaker_residential_DeskPortraitD_01/materials/textures
[0.930s] -- Up-to-date: /home/eeiww/ud90uhak/bumperbot_ws/src/install/bumperbot_description/share/bumperbot_description/models/aws_robomaker_residential_DeskPortraitD_01/materials/textures/aws_DeskPortraitD_02.png
[0.931s] -- Up-to-date: /home/eeiww/ud90uhak/bumperbot_ws/src/install/bumperbot_description/share/bumperbot_description/models/aws_robomaker_residential_DeskPortraitD_01/materials/textures/aws_DeskPortraitD_01.png
[0.933s] -- Up-to-date: /home/eeiww/ud90uhak/bumperbot_ws/src/install/bumperbot_description/share/bumperbot_description/models/aws_robomaker_residential_KitchenTable_01
[0.934s] -- Up-to-date: /home/eeiww/ud90uhak/bumperbot_ws/src/install/bumperbot_description/share/bumperbot_description/models/aws_robomaker_residential_KitchenTable_01/meshes
[0.936s] -- Up-to-date: /home/eeiww/ud90uhak/bumperbot_ws/src/install/bumperbot_description/share/bumperbot_description/models/aws_robomaker_residential_KitchenTable_01/meshes/aws_KitchenTable_01_collision.DAE
[0.937s] -- Up-to-date: /home/eeiww/ud90uhak/bumperbot_ws/src/install/bumperbot_description/share/bumperbot_description/models/aws_robomaker_residential_KitchenTable_01/meshes/aws_KitchenTable_01_visual.DAE
[0.938s] -- Up-to-date: /home/eeiww/ud90uhak/bumperbot_ws/src/install/bumperbot_description/share/bumperbot_description/models/aws_robomaker_residential_KitchenTable_01/model.sdf
[0.939s] -- Up-to-date: /home/eeiww/ud90uhak/bumperbot_ws/src/install/bumperbot_description/share/bumperbot_description/models/aws_robomaker_residential_KitchenTable_01/model.config
[0.940s] -- Up-to-date: /home/eeiww/ud90uhak/bumperbot_ws/src/install/bumperbot_description/share/bumperbot_description/models/aws_robomaker_residential_KitchenTable_01/materials
[0.943s] -- Up-to-date: /home/eeiww/ud90uhak/bumperbot_ws/src/install/bumperbot_description/share/bumperbot_description/models/aws_robomaker_residential_KitchenTable_01/materials/textures
[0.944s] -- Up-to-date: /home/eeiww/ud90uhak/bumperbot_ws/src/install/bumperbot_description/share/bumperbot_description/models/aws_robomaker_residential_KitchenTable_01/materials/textures/aws_KitchenTable_01.png
[0.945s] -- Up-to-date: /home/eeiww/ud90uhak/bumperbot_ws/src/install/bumperbot_description/share/bumperbot_description/models/aws_robomaker_residential_DeskPortraitD_04
[0.947s] -- Up-to-date: /home/eeiww/ud90uhak/bumperbot_ws/src/install/bumperbot_description/share/bumperbot_description/models/aws_robomaker_residential_DeskPortraitD_04/meshes
[0.949s] -- Up-to-date: /home/eeiww/ud90uhak/bumperbot_ws/src/install/bumperbot_description/share/bumperbot_description/models/aws_robomaker_residential_DeskPortraitD_04/meshes/aws_DeskPortraitD_01_visual.DAE
[0.950s] -- Up-to-date: /home/eeiww/ud90uhak/bumperbot_ws/src/install/bumperbot_description/share/bumperbot_description/models/aws_robomaker_residential_DeskPortraitD_04/meshes/aws_DeskPortraitD_01_collision.DAE
[0.951s] -- Up-to-date: /home/eeiww/ud90uhak/bumperbot_ws/src/install/bumperbot_description/share/bumperbot_description/models/aws_robomaker_residential_DeskPortraitD_04/model.sdf
[0.952s] -- Up-to-date: /home/eeiww/ud90uhak/bumperbot_ws/src/install/bumperbot_description/share/bumperbot_description/models/aws_robomaker_residential_DeskPortraitD_04/model.config
[0.954s] -- Up-to-date: /home/eeiww/ud90uhak/bumperbot_ws/src/install/bumperbot_description/share/bumperbot_description/models/aws_robomaker_residential_DeskPortraitD_04/materials
[0.958s] -- Up-to-date: /home/eeiww/ud90uhak/bumperbot_ws/src/install/bumperbot_description/share/bumperbot_description/models/aws_robomaker_residential_DeskPortraitD_04/materials/textures
[0.961s] -- Up-to-date: /home/eeiww/ud90uhak/bumperbot_ws/src/install/bumperbot_description/share/bumperbot_description/models/aws_robomaker_residential_DeskPortraitD_04/materials/textures/aws_DeskPortraitD_02.png
[0.962s] -- Up-to-date: /home/eeiww/ud90uhak/bumperbot_ws/src/install/bumperbot_description/share/bumperbot_description/models/aws_robomaker_residential_DeskPortraitD_04/materials/textures/aws_DeskPortraitD_01.png
[0.963s] -- Up-to-date: /home/eeiww/ud90uhak/bumperbot_ws/src/install/bumperbot_description/share/bumperbot_description/models/aws_robomaker_residential_LightC_01
[0.967s] -- Up-to-date: /home/eeiww/ud90uhak/bumperbot_ws/src/install/bumperbot_description/share/bumperbot_description/models/aws_robomaker_residential_LightC_01/meshes
[0.969s] -- Up-to-date: /home/eeiww/ud90uhak/bumperbot_ws/src/install/bumperbot_description/share/bumperbot_description/models/aws_robomaker_residential_LightC_01/meshes/aws_LightC_01_visual.DAE
[0.970s] -- Up-to-date: /home/eeiww/ud90uhak/bumperbot_ws/src/install/bumperbot_description/share/bumperbot_description/models/aws_robomaker_residential_LightC_01/meshes/aws_LightC_01_collision.DAE
[0.975s] -- Up-to-date: /home/eeiww/ud90uhak/bumperbot_ws/src/install/bumperbot_description/share/bumperbot_description/models/aws_robomaker_residential_LightC_01/model.sdf
[0.975s] -- Up-to-date: /home/eeiww/ud90uhak/bumperbot_ws/src/install/bumperbot_description/share/bumperbot_description/models/aws_robomaker_residential_LightC_01/model.config
[0.975s] -- Up-to-date: /home/eeiww/ud90uhak/bumperbot_ws/src/install/bumperbot_description/share/bumperbot_description/models/aws_robomaker_residential_LightC_01/materials
[0.976s] -- Up-to-date: /home/eeiww/ud90uhak/bumperbot_ws/src/install/bumperbot_description/share/bumperbot_description/models/aws_robomaker_residential_LightC_01/materials/textures
[0.977s] -- Up-to-date: /home/eeiww/ud90uhak/bumperbot_ws/src/install/bumperbot_description/share/bumperbot_description/models/aws_robomaker_residential_LightC_01/materials/textures/aws_LightC_01.png
[0.979s] -- Up-to-date: /home/eeiww/ud90uhak/bumperbot_ws/src/install/bumperbot_description/share/bumperbot_description/models/aws_robomaker_residential_PortraitD_02
[0.996s] -- Up-to-date: /home/eeiww/ud90uhak/bumperbot_ws/src/install/bumperbot_description/share/bumperbot_description/models/aws_robomaker_residential_PortraitD_02/meshes
[0.998s] -- Up-to-date: /home/eeiww/ud90uhak/bumperbot_ws/src/install/bumperbot_description/share/bumperbot_description/models/aws_robomaker_residential_PortraitD_02/meshes/aws_PortraitD_01_collision.DAE
[0.999s] -- Up-to-date: /home/eeiww/ud90uhak/bumperbot_ws/src/install/bumperbot_description/share/bumperbot_description/models/aws_robomaker_residential_PortraitD_02/meshes/aws_PortraitD_01_visual.DAE
[1.000s] -- Up-to-date: /home/eeiww/ud90uhak/bumperbot_ws/src/install/bumperbot_description/share/bumperbot_description/models/aws_robomaker_residential_PortraitD_02/model.sdf
[1.002s] -- Up-to-date: /home/eeiww/ud90uhak/bumperbot_ws/src/install/bumperbot_description/share/bumperbot_description/models/aws_robomaker_residential_PortraitD_02/model.config
[1.010s] -- Up-to-date: /home/eeiww/ud90uhak/bumperbot_ws/src/install/bumperbot_description/share/bumperbot_description/models/aws_robomaker_residential_PortraitD_02/materials
[1.010s] -- Up-to-date: /home/eeiww/ud90uhak/bumperbot_ws/src/install/bumperbot_description/share/bumperbot_description/models/aws_robomaker_residential_PortraitD_02/materials/textures
[1.012s] -- Up-to-date: /home/eeiww/ud90uhak/bumperbot_ws/src/install/bumperbot_description/share/bumperbot_description/models/aws_robomaker_residential_PortraitD_02/materials/textures/aws_PortraitD_01.png
[1.014s] -- Up-to-date: /home/eeiww/ud90uhak/bumperbot_ws/src/install/bumperbot_description/share/bumperbot_description/models/aws_robomaker_residential_PortraitD_02/materials/textures/aws_PortraitD_02.png
[1.014s] -- Up-to-date: /home/eeiww/ud90uhak/bumperbot_ws/src/install/bumperbot_description/share/bumperbot_description/models/aws_robomaker_residential_FoldingDoor_02
[1.014s] -- Up-to-date: /home/eeiww/ud90uhak/bumperbot_ws/src/install/bumperbot_description/share/bumperbot_description/models/aws_robomaker_residential_FoldingDoor_02/meshes
[1.016s] -- Up-to-date: /home/eeiww/ud90uhak/bumperbot_ws/src/install/bumperbot_description/share/bumperbot_description/models/aws_robomaker_residential_FoldingDoor_02/meshes/aws_FoldingDoor_02_visual.DAE
[1.017s] -- Up-to-date: /home/eeiww/ud90uhak/bumperbot_ws/src/install/bumperbot_description/share/bumperbot_description/models/aws_robomaker_residential_FoldingDoor_02/meshes/aws_FoldingDoor_02_collision.DAE
[1.034s] -- Up-to-date: /home/eeiww/ud90uhak/bumperbot_ws/src/install/bumperbot_description/share/bumperbot_description/models/aws_robomaker_residential_FoldingDoor_02/model.sdf
[1.080s] -- Up-to-date: /home/eeiww/ud90uhak/bumperbot_ws/src/install/bumperbot_description/share/bumperbot_description/models/aws_robomaker_residential_FoldingDoor_02/model.config
[1.081s] -- Up-to-date: /home/eeiww/ud90uhak/bumperbot_ws/src/install/bumperbot_description/share/bumperbot_description/models/aws_robomaker_residential_FoldingDoor_02/materials
[1.083s] -- Up-to-date: /home/eeiww/ud90uhak/bumperbot_ws/src/install/bumperbot_description/share/bumperbot_description/models/aws_robomaker_residential_FoldingDoor_02/materials/textures
[1.084s] -- Up-to-date: /home/eeiww/ud90uhak/bumperbot_ws/src/install/bumperbot_description/share/bumperbot_description/models/aws_robomaker_residential_FoldingDoor_02/materials/textures/aws_FoldingDoor_02.png
[1.085s] -- Up-to-date: /home/eeiww/ud90uhak/bumperbot_ws/src/install/bumperbot_description/share/bumperbot_description/models/aws_robomaker_residential_DeskPortraitB_01
[1.087s] -- Up-to-date: /home/eeiww/ud90uhak/bumperbot_ws/src/install/bumperbot_description/share/bumperbot_description/models/aws_robomaker_residential_DeskPortraitB_01/meshes
[1.089s] -- Up-to-date: /home/eeiww/ud90uhak/bumperbot_ws/src/install/bumperbot_description/share/bumperbot_description/models/aws_robomaker_residential_DeskPortraitB_01/meshes/aws_DeskPortraitB_01_visual.DAE
[1.090s] -- Up-to-date: /home/eeiww/ud90uhak/bumperbot_ws/src/install/bumperbot_description/share/bumperbot_description/models/aws_robomaker_residential_DeskPortraitB_01/meshes/aws_DeskPortraitB_01_collision.DAE
[1.091s] -- Up-to-date: /home/eeiww/ud90uhak/bumperbot_ws/src/install/bumperbot_description/share/bumperbot_description/models/aws_robomaker_residential_DeskPortraitB_01/model.sdf
[1.092s] -- Up-to-date: /home/eeiww/ud90uhak/bumperbot_ws/src/install/bumperbot_description/share/bumperbot_description/models/aws_robomaker_residential_DeskPortraitB_01/model.config
[1.093s] -- Up-to-date: /home/eeiww/ud90uhak/bumperbot_ws/src/install/bumperbot_description/share/bumperbot_description/models/aws_robomaker_residential_DeskPortraitB_01/materials
[1.095s] -- Up-to-date: /home/eeiww/ud90uhak/bumperbot_ws/src/install/bumperbot_description/share/bumperbot_description/models/aws_robomaker_residential_DeskPortraitB_01/materials/textures
[1.103s] -- Up-to-date: /home/eeiww/ud90uhak/bumperbot_ws/src/install/bumperbot_description/share/bumperbot_description/models/aws_robomaker_residential_DeskPortraitB_01/materials/textures/aws_DeskPortraitB_01.png
[1.103s] -- Up-to-date: /home/eeiww/ud90uhak/bumperbot_ws/src/install/bumperbot_description/share/bumperbot_description/models/aws_robomaker_residential_DeskPortraitB_01/materials/textures/aws_DeskPortraitB_02.png
[1.103s] -- Up-to-date: /home/eeiww/ud90uhak/bumperbot_ws/src/install/bumperbot_description/share/bumperbot_description/models/aws_robomaker_residential_NightStand_01
[1.103s] -- Up-to-date: /home/eeiww/ud90uhak/bumperbot_ws/src/install/bumperbot_description/share/bumperbot_description/models/aws_robomaker_residential_NightStand_01/meshes
[1.104s] -- Up-to-date: /home/eeiww/ud90uhak/bumperbot_ws/src/install/bumperbot_description/share/bumperbot_description/models/aws_robomaker_residential_NightStand_01/meshes/aws_NightStand_01_collision.DAE
[1.116s] -- Up-to-date: /home/eeiww/ud90uhak/bumperbot_ws/src/install/bumperbot_description/share/bumperbot_description/models/aws_robomaker_residential_NightStand_01/meshes/aws_NightStand_01_visual.DAE
[1.117s] -- Up-to-date: /home/eeiww/ud90uhak/bumperbot_ws/src/install/bumperbot_description/share/bumperbot_description/models/aws_robomaker_residential_NightStand_01/model.sdf
[1.118s] -- Up-to-date: /home/eeiww/ud90uhak/bumperbot_ws/src/install/bumperbot_description/share/bumperbot_description/models/aws_robomaker_residential_NightStand_01/model.config
[1.119s] -- Up-to-date: /home/eeiww/ud90uhak/bumperbot_ws/src/install/bumperbot_description/share/bumperbot_description/models/aws_robomaker_residential_NightStand_01/materials
[1.121s] -- Up-to-date: /home/eeiww/ud90uhak/bumperbot_ws/src/install/bumperbot_description/share/bumperbot_description/models/aws_robomaker_residential_NightStand_01/materials/textures
[1.123s] -- Up-to-date: /home/eeiww/ud90uhak/bumperbot_ws/src/install/bumperbot_description/share/bumperbot_description/models/aws_robomaker_residential_NightStand_01/materials/textures/aws_NightStand_01.png
[1.124s] -- Up-to-date: /home/eeiww/ud90uhak/bumperbot_ws/src/install/bumperbot_description/share/bumperbot_description/models/aws_robomaker_residential_BalconyTable_01
[1.126s] -- Up-to-date: /home/eeiww/ud90uhak/bumperbot_ws/src/install/bumperbot_description/share/bumperbot_description/models/aws_robomaker_residential_BalconyTable_01/meshes
[1.128s] -- Up-to-date: /home/eeiww/ud90uhak/bumperbot_ws/src/install/bumperbot_description/share/bumperbot_description/models/aws_robomaker_residential_BalconyTable_01/meshes/aws_BalconyTable_01_collision.DAE
[1.129s] -- Up-to-date: /home/eeiww/ud90uhak/bumperbot_ws/src/install/bumperbot_description/share/bumperbot_description/models/aws_robomaker_residential_BalconyTable_01/meshes/aws_BalconyTable_01_visual.DAE
[1.145s] -- Up-to-date: /home/eeiww/ud90uhak/bumperbot_ws/src/install/bumperbot_description/share/bumperbot_description/models/aws_robomaker_residential_BalconyTable_01/model.sdf
[1.146s] -- Up-to-date: /home/eeiww/ud90uhak/bumperbot_ws/src/install/bumperbot_description/share/bumperbot_description/models/aws_robomaker_residential_BalconyTable_01/model.config
[1.207s] -- Up-to-date: /home/eeiww/ud90uhak/bumperbot_ws/src/install/bumperbot_description/share/bumperbot_description/models/aws_robomaker_residential_BalconyTable_01/materials
[1.209s] -- Up-to-date: /home/eeiww/ud90uhak/bumperbot_ws/src/install/bumperbot_description/share/bumperbot_description/models/aws_robomaker_residential_BalconyTable_01/materials/textures
[1.213s] -- Up-to-date: /home/eeiww/ud90uhak/bumperbot_ws/src/install/bumperbot_description/share/bumperbot_description/models/aws_robomaker_residential_BalconyTable_01/materials/textures/aws_BalconyTable_01.png
[1.213s] -- Up-to-date: /home/eeiww/ud90uhak/bumperbot_ws/src/install/bumperbot_description/share/bumperbot_description/models/aws_robomaker_residential_KitchenCabinet_01
[1.215s] -- Up-to-date: /home/eeiww/ud90uhak/bumperbot_ws/src/install/bumperbot_description/share/bumperbot_description/models/aws_robomaker_residential_KitchenCabinet_01/meshes
[1.217s] -- Up-to-date: /home/eeiww/ud90uhak/bumperbot_ws/src/install/bumperbot_description/share/bumperbot_description/models/aws_robomaker_residential_KitchenCabinet_01/meshes/aws_KitchenCabinet_01_collision.DAE
[1.218s] -- Up-to-date: /home/eeiww/ud90uhak/bumperbot_ws/src/install/bumperbot_description/share/bumperbot_description/models/aws_robomaker_residential_KitchenCabinet_01/meshes/aws_KitchenCabinet_01_visual.DAE
[1.220s] -- Up-to-date: /home/eeiww/ud90uhak/bumperbot_ws/src/install/bumperbot_description/share/bumperbot_description/models/aws_robomaker_residential_KitchenCabinet_01/model.sdf
[1.221s] -- Up-to-date: /home/eeiww/ud90uhak/bumperbot_ws/src/install/bumperbot_description/share/bumperbot_description/models/aws_robomaker_residential_KitchenCabinet_01/model.config
[1.222s] -- Up-to-date: /home/eeiww/ud90uhak/bumperbot_ws/src/install/bumperbot_description/share/bumperbot_description/models/aws_robomaker_residential_KitchenCabinet_01/materials
[1.223s] -- Up-to-date: /home/eeiww/ud90uhak/bumperbot_ws/src/install/bumperbot_description/share/bumperbot_description/models/aws_robomaker_residential_KitchenCabinet_01/materials/textures
[1.226s] -- Up-to-date: /home/eeiww/ud90uhak/bumperbot_ws/src/install/bumperbot_description/share/bumperbot_description/models/aws_robomaker_residential_KitchenCabinet_01/materials/textures/aws_KitchenCabinet_01.png
[1.227s] -- Up-to-date: /home/eeiww/ud90uhak/bumperbot_ws/src/install/bumperbot_description/share/bumperbot_description/models/aws_robomaker_warehouse_WallB_01
[1.227s] -- Up-to-date: /home/eeiww/ud90uhak/bumperbot_ws/src/install/bumperbot_description/share/bumperbot_description/models/aws_robomaker_warehouse_WallB_01/meshes
[1.273s] -- Up-to-date: /home/eeiww/ud90uhak/bumperbot_ws/src/install/bumperbot_description/share/bumperbot_description/models/aws_robomaker_warehouse_WallB_01/meshes/aws_robomaker_warehouse_WallB_01_collision.DAE
[1.274s] -- Up-to-date: /home/eeiww/ud90uhak/bumperbot_ws/src/install/bumperbot_description/share/bumperbot_description/models/aws_robomaker_warehouse_WallB_01/meshes/aws_robomaker_warehouse_WallB_01_visual.DAE
[1.276s] -- Up-to-date: /home/eeiww/ud90uhak/bumperbot_ws/src/install/bumperbot_description/share/bumperbot_description/models/aws_robomaker_warehouse_WallB_01/model.sdf
[1.277s] -- Up-to-date: /home/eeiww/ud90uhak/bumperbot_ws/src/install/bumperbot_description/share/bumperbot_description/models/aws_robomaker_warehouse_WallB_01/model.config
[1.278s] -- Up-to-date: /home/eeiww/ud90uhak/bumperbot_ws/src/install/bumperbot_description/share/bumperbot_description/models/aws_robomaker_warehouse_WallB_01/materials
[1.280s] -- Up-to-date: /home/eeiww/ud90uhak/bumperbot_ws/src/install/bumperbot_description/share/bumperbot_description/models/aws_robomaker_warehouse_WallB_01/materials/textures
[1.292s] -- Up-to-date: /home/eeiww/ud90uhak/bumperbot_ws/src/install/bumperbot_description/share/bumperbot_description/models/aws_robomaker_warehouse_WallB_01/materials/textures/aws_robomaker_warehouse_WallB_01.png
[1.330s] -- Up-to-date: /home/eeiww/ud90uhak/bumperbot_ws/src/install/bumperbot_description/share/bumperbot_description/models/aws_robomaker_residential_DeskPortraitC_02
[1.332s] -- Up-to-date: /home/eeiww/ud90uhak/bumperbot_ws/src/install/bumperbot_description/share/bumperbot_description/models/aws_robomaker_residential_DeskPortraitC_02/meshes
[1.334s] -- Up-to-date: /home/eeiww/ud90uhak/bumperbot_ws/src/install/bumperbot_description/share/bumperbot_description/models/aws_robomaker_residential_DeskPortraitC_02/meshes/aws_DeskPortraitC_01_collision.DAE
[1.336s] -- Up-to-date: /home/eeiww/ud90uhak/bumperbot_ws/src/install/bumperbot_description/share/bumperbot_description/models/aws_robomaker_residential_DeskPortraitC_02/meshes/aws_DeskPortraitC_01_visual.DAE
[1.337s] -- Up-to-date: /home/eeiww/ud90uhak/bumperbot_ws/src/install/bumperbot_description/share/bumperbot_description/models/aws_robomaker_residential_DeskPortraitC_02/model.sdf
[1.338s] -- Up-to-date: /home/eeiww/ud90uhak/bumperbot_ws/src/install/bumperbot_description/share/bumperbot_description/models/aws_robomaker_residential_DeskPortraitC_02/model.config
[1.340s] -- Up-to-date: /home/eeiww/ud90uhak/bumperbot_ws/src/install/bumperbot_description/share/bumperbot_description/models/aws_robomaker_residential_DeskPortraitC_02/materials
[1.341s] -- Up-to-date: /home/eeiww/ud90uhak/bumperbot_ws/src/install/bumperbot_description/share/bumperbot_description/models/aws_robomaker_residential_DeskPortraitC_02/materials/textures
[1.344s] -- Up-to-date: /home/eeiww/ud90uhak/bumperbot_ws/src/install/bumperbot_description/share/bumperbot_description/models/aws_robomaker_residential_DeskPortraitC_02/materials/textures/aws_DeskPortraitC_01.png
[1.345s] -- Up-to-date: /home/eeiww/ud90uhak/bumperbot_ws/src/install/bumperbot_description/share/bumperbot_description/models/aws_robomaker_residential_DeskPortraitC_02/materials/textures/aws_DeskPortraitC_02.png
[1.346s] -- Up-to-date: /home/eeiww/ud90uhak/bumperbot_ws/src/install/bumperbot_description/share/bumperbot_description/models/aws_robomaker_warehouse_PalletJackB_01
[1.348s] -- Up-to-date: /home/eeiww/ud90uhak/bumperbot_ws/src/install/bumperbot_description/share/bumperbot_description/models/aws_robomaker_warehouse_PalletJackB_01/meshes
[1.350s] -- Up-to-date: /home/eeiww/ud90uhak/bumperbot_ws/src/install/bumperbot_description/share/bumperbot_description/models/aws_robomaker_warehouse_PalletJackB_01/meshes/aws_robomaker_warehouse_PalletJackB_01_collision.DAE
[1.352s] -- Up-to-date: /home/eeiww/ud90uhak/bumperbot_ws/src/install/bumperbot_description/share/bumperbot_description/models/aws_robomaker_warehouse_PalletJackB_01/meshes/aws_robomaker_warehouse_PalletJackB_01_visual.DAE
[1.352s] -- Up-to-date: /home/eeiww/ud90uhak/bumperbot_ws/src/install/bumperbot_description/share/bumperbot_description/models/aws_robomaker_warehouse_PalletJackB_01/model.sdf
[1.353s] -- Up-to-date: /home/eeiww/ud90uhak/bumperbot_ws/src/install/bumperbot_description/share/bumperbot_description/models/aws_robomaker_warehouse_PalletJackB_01/.DS_Store
[1.354s] -- Up-to-date: /home/eeiww/ud90uhak/bumperbot_ws/src/install/bumperbot_description/share/bumperbot_description/models/aws_robomaker_warehouse_PalletJackB_01/model.config
[1.355s] -- Up-to-date: /home/eeiww/ud90uhak/bumperbot_ws/src/install/bumperbot_description/share/bumperbot_description/models/aws_robomaker_warehouse_PalletJackB_01/materials
[1.357s] -- Up-to-date: /home/eeiww/ud90uhak/bumperbot_ws/src/install/bumperbot_description/share/bumperbot_description/models/aws_robomaker_warehouse_PalletJackB_01/materials/textures
[1.359s] -- Up-to-date: /home/eeiww/ud90uhak/bumperbot_ws/src/install/bumperbot_description/share/bumperbot_description/models/aws_robomaker_warehouse_PalletJackB_01/materials/textures/aws_robomaker_warehouse_PalletJackB_02.png
[1.361s] -- Up-to-date: /home/eeiww/ud90uhak/bumperbot_ws/src/install/bumperbot_description/share/bumperbot_description/models/aws_robomaker_warehouse_PalletJackB_01/materials/textures/aws_robomaker_warehouse_PalletJackB_01.png
[1.361s] -- Up-to-date: /home/eeiww/ud90uhak/bumperbot_ws/src/install/bumperbot_description/share/bumperbot_description/models/aws_robomaker_warehouse_PalletJackB_01/materials/.DS_Store
[1.377s] -- Up-to-date: /home/eeiww/ud90uhak/bumperbot_ws/src/install/bumperbot_description/share/bumperbot_description/models/aws_robomaker_residential_CoffeeTable_01
[1.422s] -- Up-to-date: /home/eeiww/ud90uhak/bumperbot_ws/src/install/bumperbot_description/share/bumperbot_description/models/aws_robomaker_residential_CoffeeTable_01/meshes
[1.423s] -- Up-to-date: /home/eeiww/ud90uhak/bumperbot_ws/src/install/bumperbot_description/share/bumperbot_description/models/aws_robomaker_residential_CoffeeTable_01/meshes/aws_CoffeeTable_01_visual.DAE
[1.424s] -- Up-to-date: /home/eeiww/ud90uhak/bumperbot_ws/src/install/bumperbot_description/share/bumperbot_description/models/aws_robomaker_residential_CoffeeTable_01/meshes/aws_CoffeeTable_01_collision.DAE
[1.426s] -- Up-to-date: /home/eeiww/ud90uhak/bumperbot_ws/src/install/bumperbot_description/share/bumperbot_description/models/aws_robomaker_residential_CoffeeTable_01/model.sdf
[1.427s] -- Up-to-date: /home/eeiww/ud90uhak/bumperbot_ws/src/install/bumperbot_description/share/bumperbot_description/models/aws_robomaker_residential_CoffeeTable_01/model.config
[1.428s] -- Up-to-date: /home/eeiww/ud90uhak/bumperbot_ws/src/install/bumperbot_description/share/bumperbot_description/models/aws_robomaker_residential_CoffeeTable_01/materials
[1.431s] -- Up-to-date: /home/eeiww/ud90uhak/bumperbot_ws/src/install/bumperbot_description/share/bumperbot_description/models/aws_robomaker_residential_CoffeeTable_01/materials/textures
[1.431s] -- Up-to-date: /home/eeiww/ud90uhak/bumperbot_ws/src/install/bumperbot_description/share/bumperbot_description/models/aws_robomaker_residential_CoffeeTable_01/materials/textures/aws_CoffeeTable_01.png
[1.432s] -- Up-to-date: /home/eeiww/ud90uhak/bumperbot_ws/src/install/bumperbot_description/share/bumperbot_description/models/aws_robomaker_residential_ReadingDesk_01
[1.434s] -- Up-to-date: /home/eeiww/ud90uhak/bumperbot_ws/src/install/bumperbot_description/share/bumperbot_description/models/aws_robomaker_residential_ReadingDesk_01/meshes
[1.435s] -- Up-to-date: /home/eeiww/ud90uhak/bumperbot_ws/src/install/bumperbot_description/share/bumperbot_description/models/aws_robomaker_residential_ReadingDesk_01/meshes/aws_ReadingDesk_01_visual.DAE
[1.437s] -- Up-to-date: /home/eeiww/ud90uhak/bumperbot_ws/src/install/bumperbot_description/share/bumperbot_description/models/aws_robomaker_residential_ReadingDesk_01/meshes/aws_ReadingDesk_01_collision.DAE
[1.438s] -- Up-to-date: /home/eeiww/ud90uhak/bumperbot_ws/src/install/bumperbot_description/share/bumperbot_description/models/aws_robomaker_residential_ReadingDesk_01/model.sdf
[1.441s] -- Up-to-date: /home/eeiww/ud90uhak/bumperbot_ws/src/install/bumperbot_description/share/bumperbot_description/models/aws_robomaker_residential_ReadingDesk_01/model.config
[1.442s] -- Up-to-date: /home/eeiww/ud90uhak/bumperbot_ws/src/install/bumperbot_description/share/bumperbot_description/models/aws_robomaker_residential_ReadingDesk_01/materials
[1.442s] -- Up-to-date: /home/eeiww/ud90uhak/bumperbot_ws/src/install/bumperbot_description/share/bumperbot_description/models/aws_robomaker_residential_ReadingDesk_01/materials/textures
[1.444s] -- Up-to-date: /home/eeiww/ud90uhak/bumperbot_ws/src/install/bumperbot_description/share/bumperbot_description/models/aws_robomaker_residential_ReadingDesk_01/materials/textures/aws_ReadingDesk_01.png
[1.445s] -- Up-to-date: /home/eeiww/ud90uhak/bumperbot_ws/src/install/bumperbot_description/share/bumperbot_description/models/aws_robomaker_residential_RoomWindow_01
[1.447s] -- Up-to-date: /home/eeiww/ud90uhak/bumperbot_ws/src/install/bumperbot_description/share/bumperbot_description/models/aws_robomaker_residential_RoomWindow_01/meshes
[1.449s] -- Up-to-date: /home/eeiww/ud90uhak/bumperbot_ws/src/install/bumperbot_description/share/bumperbot_description/models/aws_robomaker_residential_RoomWindow_01/meshes/aws_RoomWindow_01_visual.DAE
[1.450s] -- Up-to-date: /home/eeiww/ud90uhak/bumperbot_ws/src/install/bumperbot_description/share/bumperbot_description/models/aws_robomaker_residential_RoomWindow_01/meshes/aws_RoomWindow_01_collision.DAE
[1.451s] -- Up-to-date: /home/eeiww/ud90uhak/bumperbot_ws/src/install/bumperbot_description/share/bumperbot_description/models/aws_robomaker_residential_RoomWindow_01/model.sdf
[1.452s] -- Up-to-date: /home/eeiww/ud90uhak/bumperbot_ws/src/install/bumperbot_description/share/bumperbot_description/models/aws_robomaker_residential_RoomWindow_01/model.config
[1.458s] -- Up-to-date: /home/eeiww/ud90uhak/bumperbot_ws/src/install/bumperbot_description/share/bumperbot_description/models/aws_robomaker_residential_RoomWindow_01/materials
[1.458s] -- Up-to-date: /home/eeiww/ud90uhak/bumperbot_ws/src/install/bumperbot_description/share/bumperbot_description/models/aws_robomaker_residential_RoomWindow_01/materials/textures
[1.459s] -- Up-to-date: /home/eeiww/ud90uhak/bumperbot_ws/src/install/bumperbot_description/share/bumperbot_description/models/aws_robomaker_residential_RoomWindow_01/materials/textures/aws_RoomWindow_01.png
[1.459s] -- Up-to-date: /home/eeiww/ud90uhak/bumperbot_ws/src/install/bumperbot_description/share/bumperbot_description/models/aws_robomaker_residential_Bed_01
[1.460s] -- Up-to-date: /home/eeiww/ud90uhak/bumperbot_ws/src/install/bumperbot_description/share/bumperbot_description/models/aws_robomaker_residential_Bed_01/meshes
[1.462s] -- Up-to-date: /home/eeiww/ud90uhak/bumperbot_ws/src/install/bumperbot_description/share/bumperbot_description/models/aws_robomaker_residential_Bed_01/meshes/aws_Bed_01_collision.DAE
[1.464s] -- Up-to-date: /home/eeiww/ud90uhak/bumperbot_ws/src/install/bumperbot_description/share/bumperbot_description/models/aws_robomaker_residential_Bed_01/meshes/aws_Bed_01_visual.DAE
[1.465s] -- Up-to-date: /home/eeiww/ud90uhak/bumperbot_ws/src/install/bumperbot_description/share/bumperbot_description/models/aws_robomaker_residential_Bed_01/model.sdf
[1.466s] -- Up-to-date: /home/eeiww/ud90uhak/bumperbot_ws/src/install/bumperbot_description/share/bumperbot_description/models/aws_robomaker_residential_Bed_01/model.config
[1.466s] -- Up-to-date: /home/eeiww/ud90uhak/bumperbot_ws/src/install/bumperbot_description/share/bumperbot_description/models/aws_robomaker_residential_Bed_01/materials
[1.468s] -- Up-to-date: /home/eeiww/ud90uhak/bumperbot_ws/src/install/bumperbot_description/share/bumperbot_description/models/aws_robomaker_residential_Bed_01/materials/textures
[1.470s] -- Up-to-date: /home/eeiww/ud90uhak/bumperbot_ws/src/install/bumperbot_description/share/bumperbot_description/models/aws_robomaker_residential_Bed_01/materials/textures/aws_BedB_01.png
[1.471s] -- Up-to-date: /home/eeiww/ud90uhak/bumperbot_ws/src/install/bumperbot_description/share/bumperbot_description/models/aws_robomaker_residential_Bed_01/materials/textures/aws_Bed_01.png
[1.473s] -- Up-to-date: /home/eeiww/ud90uhak/bumperbot_ws/src/install/bumperbot_description/share/bumperbot_description/models/aws_robomaker_residential_Bed_01/materials/textures/aws_BedC_01.png
[1.473s] -- Up-to-date: /home/eeiww/ud90uhak/bumperbot_ws/src/install/bumperbot_description/share/bumperbot_description/models/aws_robomaker_residential_Bed_01/materials/textures/aws_BedA_01.png
[1.473s] -- Up-to-date: /home/eeiww/ud90uhak/bumperbot_ws/src/install/bumperbot_description/share/bumperbot_description/models/aws_robomaker_residential_ChairA_01
[1.475s] -- Up-to-date: /home/eeiww/ud90uhak/bumperbot_ws/src/install/bumperbot_description/share/bumperbot_description/models/aws_robomaker_residential_ChairA_01/meshes
[1.478s] -- Up-to-date: /home/eeiww/ud90uhak/bumperbot_ws/src/install/bumperbot_description/share/bumperbot_description/models/aws_robomaker_residential_ChairA_01/meshes/aws_ChairA_01_visual.DAE
[1.480s] -- Up-to-date: /home/eeiww/ud90uhak/bumperbot_ws/src/install/bumperbot_description/share/bumperbot_description/models/aws_robomaker_residential_ChairA_01/meshes/aws_ChairA_01_collision.DAE
[1.480s] -- Up-to-date: /home/eeiww/ud90uhak/bumperbot_ws/src/install/bumperbot_description/share/bumperbot_description/models/aws_robomaker_residential_ChairA_01/model.sdf
[1.482s] -- Up-to-date: /home/eeiww/ud90uhak/bumperbot_ws/src/install/bumperbot_description/share/bumperbot_description/models/aws_robomaker_residential_ChairA_01/model.config
[1.484s] -- Up-to-date: /home/eeiww/ud90uhak/bumperbot_ws/src/install/bumperbot_description/share/bumperbot_description/models/aws_robomaker_residential_ChairA_01/materials
[1.485s] -- Up-to-date: /home/eeiww/ud90uhak/bumperbot_ws/src/install/bumperbot_description/share/bumperbot_description/models/aws_robomaker_residential_ChairA_01/materials/textures
[1.487s] -- Up-to-date: /home/eeiww/ud90uhak/bumperbot_ws/src/install/bumperbot_description/share/bumperbot_description/models/aws_robomaker_residential_ChairA_01/materials/textures/aws_ChairA_01.png
[1.488s] -- Up-to-date: /home/eeiww/ud90uhak/bumperbot_ws/src/install/bumperbot_description/share/bumperbot_description/models/aws_robomaker_warehouse_ShelfE_01
[1.490s] -- Up-to-date: /home/eeiww/ud90uhak/bumperbot_ws/src/install/bumperbot_description/share/bumperbot_description/models/aws_robomaker_warehouse_ShelfE_01/meshes
[1.492s] -- Up-to-date: /home/eeiww/ud90uhak/bumperbot_ws/src/install/bumperbot_description/share/bumperbot_description/models/aws_robomaker_warehouse_ShelfE_01/meshes/aws_robomaker_warehouse_ShelfE_01_collision.DAE
[1.493s] -- Up-to-date: /home/eeiww/ud90uhak/bumperbot_ws/src/install/bumperbot_description/share/bumperbot_description/models/aws_robomaker_warehouse_ShelfE_01/meshes/aws_robomaker_warehouse_ShelfE_01_visual.DAE
[1.495s] -- Up-to-date: /home/eeiww/ud90uhak/bumperbot_ws/src/install/bumperbot_description/share/bumperbot_description/models/aws_robomaker_warehouse_ShelfE_01/model.sdf
[1.501s] -- Up-to-date: /home/eeiww/ud90uhak/bumperbot_ws/src/install/bumperbot_description/share/bumperbot_description/models/aws_robomaker_warehouse_ShelfE_01/.DS_Store
[1.501s] -- Up-to-date: /home/eeiww/ud90uhak/bumperbot_ws/src/install/bumperbot_description/share/bumperbot_description/models/aws_robomaker_warehouse_ShelfE_01/model.config
[1.501s] -- Up-to-date: /home/eeiww/ud90uhak/bumperbot_ws/src/install/bumperbot_description/share/bumperbot_description/models/aws_robomaker_warehouse_ShelfE_01/materials
[1.502s] -- Up-to-date: /home/eeiww/ud90uhak/bumperbot_ws/src/install/bumperbot_description/share/bumperbot_description/models/aws_robomaker_warehouse_ShelfE_01/materials/textures
[1.502s] -- Up-to-date: /home/eeiww/ud90uhak/bumperbot_ws/src/install/bumperbot_description/share/bumperbot_description/models/aws_robomaker_warehouse_ShelfE_01/materials/textures/aws_robomaker_warehouse_ShelfE_03.png
[1.504s] -- Up-to-date: /home/eeiww/ud90uhak/bumperbot_ws/src/install/bumperbot_description/share/bumperbot_description/models/aws_robomaker_warehouse_ShelfE_01/materials/textures/aws_robomaker_warehouse_ShelfE_01.png
[1.504s] -- Up-to-date: /home/eeiww/ud90uhak/bumperbot_ws/src/install/bumperbot_description/share/bumperbot_description/models/aws_robomaker_warehouse_ShelfE_01/materials/textures/aws_robomaker_warehouse_ShelfE_04.png
[1.506s] -- Up-to-date: /home/eeiww/ud90uhak/bumperbot_ws/src/install/bumperbot_description/share/bumperbot_description/models/aws_robomaker_warehouse_ShelfE_01/materials/textures/aws_robomaker_warehouse_ShelfE_02.png
[1.507s] -- Up-to-date: /home/eeiww/ud90uhak/bumperbot_ws/src/install/bumperbot_description/share/bumperbot_description/models/aws_robomaker_warehouse_ShelfE_01/materials/.DS_Store
[1.508s] -- Up-to-date: /home/eeiww/ud90uhak/bumperbot_ws/src/install/bumperbot_description/share/bumperbot_description/models/aws_robomaker_residential_Handle_01
[1.509s] -- Up-to-date: /home/eeiww/ud90uhak/bumperbot_ws/src/install/bumperbot_description/share/bumperbot_description/models/aws_robomaker_residential_Handle_01/meshes
[1.512s] -- Up-to-date: /home/eeiww/ud90uhak/bumperbot_ws/src/install/bumperbot_description/share/bumperbot_description/models/aws_robomaker_residential_Handle_01/meshes/aws_ handle_01_collision.DAE
[1.513s] -- Up-to-date: /home/eeiww/ud90uhak/bumperbot_ws/src/install/bumperbot_description/share/bumperbot_description/models/aws_robomaker_residential_Handle_01/meshes/aws_Handle_01_visual.DAE
[1.514s] -- Up-to-date: /home/eeiww/ud90uhak/bumperbot_ws/src/install/bumperbot_description/share/bumperbot_description/models/aws_robomaker_residential_Handle_01/meshes/aws_Handle_01_collision.DAE
[1.516s] -- Up-to-date: /home/eeiww/ud90uhak/bumperbot_ws/src/install/bumperbot_description/share/bumperbot_description/models/aws_robomaker_residential_Handle_01/model.sdf
[1.517s] -- Up-to-date: /home/eeiww/ud90uhak/bumperbot_ws/src/install/bumperbot_description/share/bumperbot_description/models/aws_robomaker_residential_Handle_01/model.config
[1.517s] -- Up-to-date: /home/eeiww/ud90uhak/bumperbot_ws/src/install/bumperbot_description/share/bumperbot_description/models/aws_robomaker_residential_Handle_01/materials
[1.520s] -- Up-to-date: /home/eeiww/ud90uhak/bumperbot_ws/src/install/bumperbot_description/share/bumperbot_description/models/aws_robomaker_residential_Handle_01/materials/textures
[1.522s] -- Up-to-date: /home/eeiww/ud90uhak/bumperbot_ws/src/install/bumperbot_description/share/bumperbot_description/models/aws_robomaker_residential_Handle_01/materials/textures/aws_Handle_01.png
[1.524s] -- Up-to-date: /home/eeiww/ud90uhak/bumperbot_ws/src/install/bumperbot_description/share/bumperbot_description/models/aws_robomaker_warehouse_GroundB_01
[1.525s] -- Up-to-date: /home/eeiww/ud90uhak/bumperbot_ws/src/install/bumperbot_description/share/bumperbot_description/models/aws_robomaker_warehouse_GroundB_01/meshes
[1.527s] -- Up-to-date: /home/eeiww/ud90uhak/bumperbot_ws/src/install/bumperbot_description/share/bumperbot_description/models/aws_robomaker_warehouse_GroundB_01/meshes/aws_robomaker_warehouse_GroundB_01_visual.DAE
[1.528s] -- Up-to-date: /home/eeiww/ud90uhak/bumperbot_ws/src/install/bumperbot_description/share/bumperbot_description/models/aws_robomaker_warehouse_GroundB_01/meshes/aws_robomaker_warehouse_GroundB_01_collision.DAE
[1.529s] -- Up-to-date: /home/eeiww/ud90uhak/bumperbot_ws/src/install/bumperbot_description/share/bumperbot_description/models/aws_robomaker_warehouse_GroundB_01/model.sdf
[1.529s] -- Up-to-date: /home/eeiww/ud90uhak/bumperbot_ws/src/install/bumperbot_description/share/bumperbot_description/models/aws_robomaker_warehouse_GroundB_01/model.config
[1.531s] -- Up-to-date: /home/eeiww/ud90uhak/bumperbot_ws/src/install/bumperbot_description/share/bumperbot_description/models/aws_robomaker_warehouse_GroundB_01/materials
[1.532s] -- Up-to-date: /home/eeiww/ud90uhak/bumperbot_ws/src/install/bumperbot_description/share/bumperbot_description/models/aws_robomaker_warehouse_GroundB_01/materials/textures
[1.534s] -- Up-to-date: /home/eeiww/ud90uhak/bumperbot_ws/src/install/bumperbot_description/share/bumperbot_description/models/aws_robomaker_warehouse_GroundB_01/materials/textures/aws_robomaker_warehouse_GroundB_01.png
[1.535s] -- Up-to-date: /home/eeiww/ud90uhak/bumperbot_ws/src/install/bumperbot_description/share/bumperbot_description/models/aws_robomaker_warehouse_GroundB_01/materials/textures/aws_robomaker_warehouse_GroundB_02.png
[1.536s] -- Up-to-date: /home/eeiww/ud90uhak/bumperbot_ws/src/install/bumperbot_description/share/bumperbot_description/models/aws_robomaker_residential_DeskPortraitB_02
[1.538s] -- Up-to-date: /home/eeiww/ud90uhak/bumperbot_ws/src/install/bumperbot_description/share/bumperbot_description/models/aws_robomaker_residential_DeskPortraitB_02/meshes
[1.540s] -- Up-to-date: /home/eeiww/ud90uhak/bumperbot_ws/src/install/bumperbot_description/share/bumperbot_description/models/aws_robomaker_residential_DeskPortraitB_02/meshes/aws_DeskPortraitB_01_visual.DAE
[1.540s] -- Up-to-date: /home/eeiww/ud90uhak/bumperbot_ws/src/install/bumperbot_description/share/bumperbot_description/models/aws_robomaker_residential_DeskPortraitB_02/meshes/aws_DeskPortraitB_01_collision.DAE
[1.541s] -- Up-to-date: /home/eeiww/ud90uhak/bumperbot_ws/src/install/bumperbot_description/share/bumperbot_description/models/aws_robomaker_residential_DeskPortraitB_02/model.sdf
[1.542s] -- Up-to-date: /home/eeiww/ud90uhak/bumperbot_ws/src/install/bumperbot_description/share/bumperbot_description/models/aws_robomaker_residential_DeskPortraitB_02/model.config
[1.543s] -- Up-to-date: /home/eeiww/ud90uhak/bumperbot_ws/src/install/bumperbot_description/share/bumperbot_description/models/aws_robomaker_residential_DeskPortraitB_02/materials
[1.545s] -- Up-to-date: /home/eeiww/ud90uhak/bumperbot_ws/src/install/bumperbot_description/share/bumperbot_description/models/aws_robomaker_residential_DeskPortraitB_02/materials/textures
[1.547s] -- Up-to-date: /home/eeiww/ud90uhak/bumperbot_ws/src/install/bumperbot_description/share/bumperbot_description/models/aws_robomaker_residential_DeskPortraitB_02/materials/textures/aws_DeskPortraitB_01.png
[1.550s] -- Up-to-date: /home/eeiww/ud90uhak/bumperbot_ws/src/install/bumperbot_description/share/bumperbot_description/models/aws_robomaker_residential_DeskPortraitB_02/materials/textures/aws_DeskPortraitB_02.png
[1.552s] -- Up-to-date: /home/eeiww/ud90uhak/bumperbot_ws/src/install/bumperbot_description/share/bumperbot_description/models/aws_robomaker_residential_FloorB_01
[1.553s] -- Up-to-date: /home/eeiww/ud90uhak/bumperbot_ws/src/install/bumperbot_description/share/bumperbot_description/models/aws_robomaker_residential_FloorB_01/meshes
[1.554s] -- Up-to-date: /home/eeiww/ud90uhak/bumperbot_ws/src/install/bumperbot_description/share/bumperbot_description/models/aws_robomaker_residential_FloorB_01/meshes/aws_FloorB_01_visual.DAE
[1.556s] -- Up-to-date: /home/eeiww/ud90uhak/bumperbot_ws/src/install/bumperbot_description/share/bumperbot_description/models/aws_robomaker_residential_FloorB_01/meshes/aws_FloorB_01_collision.DAE
[1.557s] -- Up-to-date: /home/eeiww/ud90uhak/bumperbot_ws/src/install/bumperbot_description/share/bumperbot_description/models/aws_robomaker_residential_FloorB_01/model.sdf
[1.558s] -- Up-to-date: /home/eeiww/ud90uhak/bumperbot_ws/src/install/bumperbot_description/share/bumperbot_description/models/aws_robomaker_residential_FloorB_01/model.config
[1.559s] -- Up-to-date: /home/eeiww/ud90uhak/bumperbot_ws/src/install/bumperbot_description/share/bumperbot_description/models/aws_robomaker_residential_FloorB_01/materials
[1.561s] -- Up-to-date: /home/eeiww/ud90uhak/bumperbot_ws/src/install/bumperbot_description/share/bumperbot_description/models/aws_robomaker_residential_FloorB_01/materials/textures
[1.562s] -- Up-to-date: /home/eeiww/ud90uhak/bumperbot_ws/src/install/bumperbot_description/share/bumperbot_description/models/aws_robomaker_residential_FloorB_01/materials/textures/aws_FloorB_01.png
[1.564s] -- Up-to-date: /home/eeiww/ud90uhak/bumperbot_ws/src/install/bumperbot_description/share/bumperbot_description/models/aws_robomaker_residential_Carpet_01
[1.565s] -- Up-to-date: /home/eeiww/ud90uhak/bumperbot_ws/src/install/bumperbot_description/share/bumperbot_description/models/aws_robomaker_residential_Carpet_01/meshes
[1.567s] -- Up-to-date: /home/eeiww/ud90uhak/bumperbot_ws/src/install/bumperbot_description/share/bumperbot_description/models/aws_robomaker_residential_Carpet_01/meshes/aws_Carpet_01_visual.DAE
[1.568s] -- Up-to-date: /home/eeiww/ud90uhak/bumperbot_ws/src/install/bumperbot_description/share/bumperbot_description/models/aws_robomaker_residential_Carpet_01/meshes/aws_Carpet_01_collision.DAE
[1.570s] -- Up-to-date: /home/eeiww/ud90uhak/bumperbot_ws/src/install/bumperbot_description/share/bumperbot_description/models/aws_robomaker_residential_Carpet_01/model.sdf
[1.571s] -- Up-to-date: /home/eeiww/ud90uhak/bumperbot_ws/src/install/bumperbot_description/share/bumperbot_description/models/aws_robomaker_residential_Carpet_01/model.config
[1.571s] -- Up-to-date: /home/eeiww/ud90uhak/bumperbot_ws/src/install/bumperbot_description/share/bumperbot_description/models/aws_robomaker_residential_Carpet_01/materials
[1.577s] -- Up-to-date: /home/eeiww/ud90uhak/bumperbot_ws/src/install/bumperbot_description/share/bumperbot_description/models/aws_robomaker_residential_Carpet_01/materials/textures
[1.578s] -- Up-to-date: /home/eeiww/ud90uhak/bumperbot_ws/src/install/bumperbot_description/share/bumperbot_description/models/aws_robomaker_residential_Carpet_01/materials/textures/aws_Carpet_01.png
[1.579s] -- Up-to-date: /home/eeiww/ud90uhak/bumperbot_ws/src/install/bumperbot_description/share/bumperbot_description/models/aws_robomaker_warehouse_ShelfF_01
[1.579s] -- Up-to-date: /home/eeiww/ud90uhak/bumperbot_ws/src/install/bumperbot_description/share/bumperbot_description/models/aws_robomaker_warehouse_ShelfF_01/meshes
[1.581s] -- Up-to-date: /home/eeiww/ud90uhak/bumperbot_ws/src/install/bumperbot_description/share/bumperbot_description/models/aws_robomaker_warehouse_ShelfF_01/meshes/aws_robomaker_warehouse_ShelfF_01_visual.DAE
[1.582s] -- Up-to-date: /home/eeiww/ud90uhak/bumperbot_ws/src/install/bumperbot_description/share/bumperbot_description/models/aws_robomaker_warehouse_ShelfF_01/meshes/aws_robomaker_warehouse_ShelfF_01_collision.DAE
[1.583s] -- Up-to-date: /home/eeiww/ud90uhak/bumperbot_ws/src/install/bumperbot_description/share/bumperbot_description/models/aws_robomaker_warehouse_ShelfF_01/model.sdf
[1.584s] -- Up-to-date: /home/eeiww/ud90uhak/bumperbot_ws/src/install/bumperbot_description/share/bumperbot_description/models/aws_robomaker_warehouse_ShelfF_01/model.config
[1.585s] -- Up-to-date: /home/eeiww/ud90uhak/bumperbot_ws/src/install/bumperbot_description/share/bumperbot_description/models/aws_robomaker_warehouse_ShelfF_01/materials
[1.587s] -- Up-to-date: /home/eeiww/ud90uhak/bumperbot_ws/src/install/bumperbot_description/share/bumperbot_description/models/aws_robomaker_warehouse_ShelfF_01/materials/textures
[1.588s] -- Up-to-date: /home/eeiww/ud90uhak/bumperbot_ws/src/install/bumperbot_description/share/bumperbot_description/models/aws_robomaker_warehouse_ShelfF_01/materials/textures/aws_robomaker_warehouse_ShelfF_03.png
[1.589s] -- Up-to-date: /home/eeiww/ud90uhak/bumperbot_ws/src/install/bumperbot_description/share/bumperbot_description/models/aws_robomaker_warehouse_ShelfF_01/materials/textures/aws_robomaker_warehouse_ShelfF_02.png
[1.591s] -- Up-to-date: /home/eeiww/ud90uhak/bumperbot_ws/src/install/bumperbot_description/share/bumperbot_description/models/aws_robomaker_warehouse_ShelfF_01/materials/textures/aws_robomaker_warehouse_ShelfF_01.png
[1.591s] -- Up-to-date: /home/eeiww/ud90uhak/bumperbot_ws/src/install/bumperbot_description/share/bumperbot_description/models/aws_robomaker_residential_PortraitC_01
[1.593s] -- Up-to-date: /home/eeiww/ud90uhak/bumperbot_ws/src/install/bumperbot_description/share/bumperbot_description/models/aws_robomaker_residential_PortraitC_01/meshes
[1.595s] -- Up-to-date: /home/eeiww/ud90uhak/bumperbot_ws/src/install/bumperbot_description/share/bumperbot_description/models/aws_robomaker_residential_PortraitC_01/meshes/aws_PortraitC_01_visual.DAE
[1.596s] -- Up-to-date: /home/eeiww/ud90uhak/bumperbot_ws/src/install/bumperbot_description/share/bumperbot_description/models/aws_robomaker_residential_PortraitC_01/meshes/aws_PortraitC_01_collision.DAE
[1.597s] -- Up-to-date: /home/eeiww/ud90uhak/bumperbot_ws/src/install/bumperbot_description/share/bumperbot_description/models/aws_robomaker_residential_PortraitC_01/model.sdf
[1.598s] -- Up-to-date: /home/eeiww/ud90uhak/bumperbot_ws/src/install/bumperbot_description/share/bumperbot_description/models/aws_robomaker_residential_PortraitC_01/model.config
[1.599s] -- Up-to-date: /home/eeiww/ud90uhak/bumperbot_ws/src/install/bumperbot_description/share/bumperbot_description/models/aws_robomaker_residential_PortraitC_01/materials
[1.601s] -- Up-to-date: /home/eeiww/ud90uhak/bumperbot_ws/src/install/bumperbot_description/share/bumperbot_description/models/aws_robomaker_residential_PortraitC_01/materials/textures
[1.603s] -- Up-to-date: /home/eeiww/ud90uhak/bumperbot_ws/src/install/bumperbot_description/share/bumperbot_description/models/aws_robomaker_residential_PortraitC_01/materials/textures/aws_PortraitC_02.png
[1.607s] -- Up-to-date: /home/eeiww/ud90uhak/bumperbot_ws/src/install/bumperbot_description/share/bumperbot_description/models/aws_robomaker_residential_PortraitC_01/materials/textures/aws_PortraitC_01.png
[1.607s] -- Up-to-date: /home/eeiww/ud90uhak/bumperbot_ws/src/install/bumperbot_description/share/bumperbot_description/models/aws_robomaker_residential_RoomCeiling_01
[1.609s] -- Up-to-date: /home/eeiww/ud90uhak/bumperbot_ws/src/install/bumperbot_description/share/bumperbot_description/models/aws_robomaker_residential_RoomCeiling_01/meshes
[1.610s] -- Up-to-date: /home/eeiww/ud90uhak/bumperbot_ws/src/install/bumperbot_description/share/bumperbot_description/models/aws_robomaker_residential_RoomCeiling_01/meshes/aws_RoomCeiling_01_collision.DAE
[1.612s] -- Up-to-date: /home/eeiww/ud90uhak/bumperbot_ws/src/install/bumperbot_description/share/bumperbot_description/models/aws_robomaker_residential_RoomCeiling_01/meshes/aws_RoomCeiling_01_visual.DAE
[1.614s] -- Up-to-date: /home/eeiww/ud90uhak/bumperbot_ws/src/install/bumperbot_description/share/bumperbot_description/models/aws_robomaker_residential_RoomCeiling_01/model.sdf
[1.615s] -- Up-to-date: /home/eeiww/ud90uhak/bumperbot_ws/src/install/bumperbot_description/share/bumperbot_description/models/aws_robomaker_residential_RoomCeiling_01/model.config
[1.615s] -- Up-to-date: /home/eeiww/ud90uhak/bumperbot_ws/src/install/bumperbot_description/share/bumperbot_description/models/aws_robomaker_residential_RoomCeiling_01/materials
[1.617s] -- Up-to-date: /home/eeiww/ud90uhak/bumperbot_ws/src/install/bumperbot_description/share/bumperbot_description/models/aws_robomaker_residential_RoomCeiling_01/materials/textures
[1.618s] -- Up-to-date: /home/eeiww/ud90uhak/bumperbot_ws/src/install/bumperbot_description/share/bumperbot_description/models/aws_robomaker_residential_RoomCeiling_01/materials/textures/aws_RoomCeiling_01.png
[1.624s] -- Up-to-date: /home/eeiww/ud90uhak/bumperbot_ws/src/install/bumperbot_description/share/bumperbot_description/models/aws_robomaker_residential_TV_01
[1.624s] -- Up-to-date: /home/eeiww/ud90uhak/bumperbot_ws/src/install/bumperbot_description/share/bumperbot_description/models/aws_robomaker_residential_TV_01/meshes
[1.625s] -- Up-to-date: /home/eeiww/ud90uhak/bumperbot_ws/src/install/bumperbot_description/share/bumperbot_description/models/aws_robomaker_residential_TV_01/meshes/aws_TV_01_visual.DAE
[1.625s] -- Up-to-date: /home/eeiww/ud90uhak/bumperbot_ws/src/install/bumperbot_description/share/bumperbot_description/models/aws_robomaker_residential_TV_01/meshes/aws_TV_01_collision.DAE
[1.625s] -- Up-to-date: /home/eeiww/ud90uhak/bumperbot_ws/src/install/bumperbot_description/share/bumperbot_description/models/aws_robomaker_residential_TV_01/model.sdf
[1.626s] -- Up-to-date: /home/eeiww/ud90uhak/bumperbot_ws/src/install/bumperbot_description/share/bumperbot_description/models/aws_robomaker_residential_TV_01/model.config
[1.627s] -- Up-to-date: /home/eeiww/ud90uhak/bumperbot_ws/src/install/bumperbot_description/share/bumperbot_description/models/aws_robomaker_residential_TV_01/materials
[1.628s] -- Up-to-date: /home/eeiww/ud90uhak/bumperbot_ws/src/install/bumperbot_description/share/bumperbot_description/models/aws_robomaker_residential_TV_01/materials/textures
[1.630s] -- Up-to-date: /home/eeiww/ud90uhak/bumperbot_ws/src/install/bumperbot_description/share/bumperbot_description/models/aws_robomaker_residential_TV_01/materials/textures/aws_TV_01.png
[1.631s] -- Up-to-date: /home/eeiww/ud90uhak/bumperbot_ws/src/install/bumperbot_description/share/bumperbot_description/models/aws_robomaker_residential_AirconditionerB_01
[1.633s] -- Up-to-date: /home/eeiww/ud90uhak/bumperbot_ws/src/install/bumperbot_description/share/bumperbot_description/models/aws_robomaker_residential_AirconditionerB_01/meshes
[1.634s] -- Up-to-date: /home/eeiww/ud90uhak/bumperbot_ws/src/install/bumperbot_description/share/bumperbot_description/models/aws_robomaker_residential_AirconditionerB_01/meshes/aws_AirconditionerB_01_visual.DAE
[1.635s] -- Up-to-date: /home/eeiww/ud90uhak/bumperbot_ws/src/install/bumperbot_description/share/bumperbot_description/models/aws_robomaker_residential_AirconditionerB_01/meshes/aws_AirconditionerB_01_collision.DAE
[1.636s] -- Up-to-date: /home/eeiww/ud90uhak/bumperbot_ws/src/install/bumperbot_description/share/bumperbot_description/models/aws_robomaker_residential_AirconditionerB_01/model.sdf
[1.637s] -- Up-to-date: /home/eeiww/ud90uhak/bumperbot_ws/src/install/bumperbot_description/share/bumperbot_description/models/aws_robomaker_residential_AirconditionerB_01/model.config
[1.638s] -- Up-to-date: /home/eeiww/ud90uhak/bumperbot_ws/src/install/bumperbot_description/share/bumperbot_description/models/aws_robomaker_residential_AirconditionerB_01/materials
[1.640s] -- Up-to-date: /home/eeiww/ud90uhak/bumperbot_ws/src/install/bumperbot_description/share/bumperbot_description/models/aws_robomaker_residential_AirconditionerB_01/materials/textures
[1.641s] -- Up-to-date: /home/eeiww/ud90uhak/bumperbot_ws/src/install/bumperbot_description/share/bumperbot_description/models/aws_robomaker_residential_AirconditionerB_01/materials/textures/aws_AirconditionerB_01.png
[1.642s] -- Up-to-date: /home/eeiww/ud90uhak/bumperbot_ws/src/install/bumperbot_description/share/bumperbot_description/models/aws_robomaker_residential_ShoeRack_01
[1.644s] -- Up-to-date: /home/eeiww/ud90uhak/bumperbot_ws/src/install/bumperbot_description/share/bumperbot_description/models/aws_robomaker_residential_ShoeRack_01/meshes
[1.645s] -- Up-to-date: /home/eeiww/ud90uhak/bumperbot_ws/src/install/bumperbot_description/share/bumperbot_description/models/aws_robomaker_residential_ShoeRack_01/meshes/aws_ShoeRack_01_visual.DAE
[1.646s] -- Up-to-date: /home/eeiww/ud90uhak/bumperbot_ws/src/install/bumperbot_description/share/bumperbot_description/models/aws_robomaker_residential_ShoeRack_01/meshes/aws_ShoeRack_01_collision.DAE
[1.647s] -- Up-to-date: /home/eeiww/ud90uhak/bumperbot_ws/src/install/bumperbot_description/share/bumperbot_description/models/aws_robomaker_residential_ShoeRack_01/model.sdf
[1.650s] -- Up-to-date: /home/eeiww/ud90uhak/bumperbot_ws/src/install/bumperbot_description/share/bumperbot_description/models/aws_robomaker_residential_ShoeRack_01/model.config
[1.651s] -- Up-to-date: /home/eeiww/ud90uhak/bumperbot_ws/src/install/bumperbot_description/share/bumperbot_description/models/aws_robomaker_residential_ShoeRack_01/materials
[1.652s] -- Up-to-date: /home/eeiww/ud90uhak/bumperbot_ws/src/install/bumperbot_description/share/bumperbot_description/models/aws_robomaker_residential_ShoeRack_01/materials/textures
[1.654s] -- Up-to-date: /home/eeiww/ud90uhak/bumperbot_ws/src/install/bumperbot_description/share/bumperbot_description/models/aws_robomaker_residential_ShoeRack_01/materials/textures/aws_ShoeRack_01.png
[1.656s] -- Up-to-date: /home/eeiww/ud90uhak/bumperbot_ws/src/install/bumperbot_description/share/bumperbot_description/models/aws_robomaker_residential_HouseWallB_01
[1.657s] -- Up-to-date: /home/eeiww/ud90uhak/bumperbot_ws/src/install/bumperbot_description/share/bumperbot_description/models/aws_robomaker_residential_HouseWallB_01/meshes
[1.658s] -- Up-to-date: /home/eeiww/ud90uhak/bumperbot_ws/src/install/bumperbot_description/share/bumperbot_description/models/aws_robomaker_residential_HouseWallB_01/meshes/aws_HouseWallB_01_collision.DAE
[1.659s] -- Up-to-date: /home/eeiww/ud90uhak/bumperbot_ws/src/install/bumperbot_description/share/bumperbot_description/models/aws_robomaker_residential_HouseWallB_01/meshes/aws_HouseWallB_01_visual.DAE
[1.660s] -- Up-to-date: /home/eeiww/ud90uhak/bumperbot_ws/src/install/bumperbot_description/share/bumperbot_description/models/aws_robomaker_residential_HouseWallB_01/model.sdf
[1.661s] -- Up-to-date: /home/eeiww/ud90uhak/bumperbot_ws/src/install/bumperbot_description/share/bumperbot_description/models/aws_robomaker_residential_HouseWallB_01/model.config
[1.663s] -- Up-to-date: /home/eeiww/ud90uhak/bumperbot_ws/src/install/bumperbot_description/share/bumperbot_description/models/aws_robomaker_residential_HouseWallB_01/materials
[1.669s] -- Up-to-date: /home/eeiww/ud90uhak/bumperbot_ws/src/install/bumperbot_description/share/bumperbot_description/models/aws_robomaker_residential_HouseWallB_01/materials/textures
[1.673s] -- Up-to-date: /home/eeiww/ud90uhak/bumperbot_ws/src/install/bumperbot_description/share/bumperbot_description/models/aws_robomaker_residential_HouseWallB_01/materials/textures/aws_HouseWallB_01.png
[1.674s] -- Up-to-date: /home/eeiww/ud90uhak/bumperbot_ws/src/install/bumperbot_description/share/bumperbot_description/models/aws_robomaker_residential_Sofa_01
[1.676s] -- Up-to-date: /home/eeiww/ud90uhak/bumperbot_ws/src/install/bumperbot_description/share/bumperbot_description/models/aws_robomaker_residential_Sofa_01/meshes
[1.678s] -- Up-to-date: /home/eeiww/ud90uhak/bumperbot_ws/src/install/bumperbot_description/share/bumperbot_description/models/aws_robomaker_residential_Sofa_01/meshes/aws_Sofa_01_collision.DAE
[1.679s] -- Up-to-date: /home/eeiww/ud90uhak/bumperbot_ws/src/install/bumperbot_description/share/bumperbot_description/models/aws_robomaker_residential_Sofa_01/meshes/aws_Sofa_01.DAE
[1.680s] -- Up-to-date: /home/eeiww/ud90uhak/bumperbot_ws/src/install/bumperbot_description/share/bumperbot_description/models/aws_robomaker_residential_Sofa_01/meshes/aws_Sofa_01_visual.DAE
[1.682s] -- Up-to-date: /home/eeiww/ud90uhak/bumperbot_ws/src/install/bumperbot_description/share/bumperbot_description/models/aws_robomaker_residential_Sofa_01/model.sdf
[1.684s] -- Up-to-date: /home/eeiww/ud90uhak/bumperbot_ws/src/install/bumperbot_description/share/bumperbot_description/models/aws_robomaker_residential_Sofa_01/model.config
[1.684s] -- Up-to-date: /home/eeiww/ud90uhak/bumperbot_ws/src/install/bumperbot_description/share/bumperbot_description/models/aws_robomaker_residential_Sofa_01/materials
[1.686s] -- Up-to-date: /home/eeiww/ud90uhak/bumperbot_ws/src/install/bumperbot_description/share/bumperbot_description/models/aws_robomaker_residential_Sofa_01/materials/textures
[1.688s] -- Up-to-date: /home/eeiww/ud90uhak/bumperbot_ws/src/install/bumperbot_description/share/bumperbot_description/models/aws_robomaker_residential_Sofa_01/materials/textures/aws_Sofa_01.png
[1.689s] -- Up-to-date: /home/eeiww/ud90uhak/bumperbot_ws/src/install/bumperbot_description/share/bumperbot_description/models/aws_robomaker_warehouse_ClutteringD_01
[1.691s] -- Up-to-date: /home/eeiww/ud90uhak/bumperbot_ws/src/install/bumperbot_description/share/bumperbot_description/models/aws_robomaker_warehouse_ClutteringD_01/meshes
[1.694s] -- Up-to-date: /home/eeiww/ud90uhak/bumperbot_ws/src/install/bumperbot_description/share/bumperbot_description/models/aws_robomaker_warehouse_ClutteringD_01/meshes/aws_robomaker_warehouse_ClutteringD_01_visual.DAE
[1.695s] -- Up-to-date: /home/eeiww/ud90uhak/bumperbot_ws/src/install/bumperbot_description/share/bumperbot_description/models/aws_robomaker_warehouse_ClutteringD_01/meshes/aws_robomaker_warehouse_ClutteringD_01_collision.DAE
[1.696s] -- Up-to-date: /home/eeiww/ud90uhak/bumperbot_ws/src/install/bumperbot_description/share/bumperbot_description/models/aws_robomaker_warehouse_ClutteringD_01/model.sdf
[1.697s] -- Up-to-date: /home/eeiww/ud90uhak/bumperbot_ws/src/install/bumperbot_description/share/bumperbot_description/models/aws_robomaker_warehouse_ClutteringD_01/model.config
[1.698s] -- Up-to-date: /home/eeiww/ud90uhak/bumperbot_ws/src/install/bumperbot_description/share/bumperbot_description/models/aws_robomaker_warehouse_ClutteringD_01/materials
[1.699s] -- Up-to-date: /home/eeiww/ud90uhak/bumperbot_ws/src/install/bumperbot_description/share/bumperbot_description/models/aws_robomaker_warehouse_ClutteringD_01/materials/textures
[1.702s] -- Up-to-date: /home/eeiww/ud90uhak/bumperbot_ws/src/install/bumperbot_description/share/bumperbot_description/models/aws_robomaker_warehouse_ClutteringD_01/materials/textures/aws_robomaker_warehouse_ClutteringD_02.png
[1.703s] -- Up-to-date: /home/eeiww/ud90uhak/bumperbot_ws/src/install/bumperbot_description/share/bumperbot_description/models/aws_robomaker_warehouse_ClutteringD_01/materials/textures/aws_robomaker_warehouse_ClutteringD_01.png
[1.704s] -- Up-to-date: /home/eeiww/ud90uhak/bumperbot_ws/src/install/bumperbot_description/share/bumperbot_description/models/aws_robomaker_residential_DeskPortraitA_01
[1.705s] -- Up-to-date: /home/eeiww/ud90uhak/bumperbot_ws/src/install/bumperbot_description/share/bumperbot_description/models/aws_robomaker_residential_DeskPortraitA_01/meshes
[1.707s] -- Up-to-date: /home/eeiww/ud90uhak/bumperbot_ws/src/install/bumperbot_description/share/bumperbot_description/models/aws_robomaker_residential_DeskPortraitA_01/meshes/aws_DeskPortraitA_01_visual.DAE
[1.708s] -- Up-to-date: /home/eeiww/ud90uhak/bumperbot_ws/src/install/bumperbot_description/share/bumperbot_description/models/aws_robomaker_residential_DeskPortraitA_01/meshes/aws_DeskPortraitA_01_collision.DAE
[1.709s] -- Up-to-date: /home/eeiww/ud90uhak/bumperbot_ws/src/install/bumperbot_description/share/bumperbot_description/models/aws_robomaker_residential_DeskPortraitA_01/model.sdf
[1.710s] -- Up-to-date: /home/eeiww/ud90uhak/bumperbot_ws/src/install/bumperbot_description/share/bumperbot_description/models/aws_robomaker_residential_DeskPortraitA_01/model.config
[1.711s] -- Up-to-date: /home/eeiww/ud90uhak/bumperbot_ws/src/install/bumperbot_description/share/bumperbot_description/models/aws_robomaker_residential_DeskPortraitA_01/materials
[1.713s] -- Up-to-date: /home/eeiww/ud90uhak/bumperbot_ws/src/install/bumperbot_description/share/bumperbot_description/models/aws_robomaker_residential_DeskPortraitA_01/materials/textures
[1.715s] -- Up-to-date: /home/eeiww/ud90uhak/bumperbot_ws/src/install/bumperbot_description/share/bumperbot_description/models/aws_robomaker_residential_DeskPortraitA_01/materials/textures/aws_DeskPortraitA_02.png
[1.717s] -- Up-to-date: /home/eeiww/ud90uhak/bumperbot_ws/src/install/bumperbot_description/share/bumperbot_description/models/aws_robomaker_residential_DeskPortraitA_01/materials/textures/aws_DeskPortraitA_01.png
[1.718s] -- Up-to-date: /home/eeiww/ud90uhak/bumperbot_ws/src/install/bumperbot_description/share/bumperbot_description/models/aws_robomaker_residential_Board_01
[1.720s] -- Up-to-date: /home/eeiww/ud90uhak/bumperbot_ws/src/install/bumperbot_description/share/bumperbot_description/models/aws_robomaker_residential_Board_01/meshes
[1.721s] -- Up-to-date: /home/eeiww/ud90uhak/bumperbot_ws/src/install/bumperbot_description/share/bumperbot_description/models/aws_robomaker_residential_Board_01/meshes/aws_Board_01_collision.DAE
[1.722s] -- Up-to-date: /home/eeiww/ud90uhak/bumperbot_ws/src/install/bumperbot_description/share/bumperbot_description/models/aws_robomaker_residential_Board_01/meshes/aws_Board_01_visual.DAE
[1.723s] -- Up-to-date: /home/eeiww/ud90uhak/bumperbot_ws/src/install/bumperbot_description/share/bumperbot_description/models/aws_robomaker_residential_Board_01/model.sdf
[1.724s] -- Up-to-date: /home/eeiww/ud90uhak/bumperbot_ws/src/install/bumperbot_description/share/bumperbot_description/models/aws_robomaker_residential_Board_01/model.config
[1.725s] -- Up-to-date: /home/eeiww/ud90uhak/bumperbot_ws/src/install/bumperbot_description/share/bumperbot_description/models/aws_robomaker_residential_Board_01/materials
[1.727s] -- Up-to-date: /home/eeiww/ud90uhak/bumperbot_ws/src/install/bumperbot_description/share/bumperbot_description/models/aws_robomaker_residential_Board_01/materials/textures
[1.729s] -- Up-to-date: /home/eeiww/ud90uhak/bumperbot_ws/src/install/bumperbot_description/share/bumperbot_description/models/aws_robomaker_residential_Board_01/materials/textures/aws_Board_01.png
[1.732s] -- Up-to-date: /home/eeiww/ud90uhak/bumperbot_ws/src/install/bumperbot_description/share/bumperbot_description/models/aws_robomaker_residential_RoomWall_01
[1.733s] -- Up-to-date: /home/eeiww/ud90uhak/bumperbot_ws/src/install/bumperbot_description/share/bumperbot_description/models/aws_robomaker_residential_RoomWall_01/meshes
[1.734s] -- Up-to-date: /home/eeiww/ud90uhak/bumperbot_ws/src/install/bumperbot_description/share/bumperbot_description/models/aws_robomaker_residential_RoomWall_01/meshes/aws_RoomWall_01_visual.DAE
[1.734s] -- Up-to-date: /home/eeiww/ud90uhak/bumperbot_ws/src/install/bumperbot_description/share/bumperbot_description/models/aws_robomaker_residential_RoomWall_01/meshes/aws_RoomWall_01_collision.DAE
[1.736s] -- Up-to-date: /home/eeiww/ud90uhak/bumperbot_ws/src/install/bumperbot_description/share/bumperbot_description/models/aws_robomaker_residential_RoomWall_01/model.sdf
[1.736s] -- Up-to-date: /home/eeiww/ud90uhak/bumperbot_ws/src/install/bumperbot_description/share/bumperbot_description/models/aws_robomaker_residential_RoomWall_01/model.config
[1.737s] -- Up-to-date: /home/eeiww/ud90uhak/bumperbot_ws/src/install/bumperbot_description/share/bumperbot_description/models/aws_robomaker_residential_RoomWall_01/materials
[1.739s] -- Up-to-date: /home/eeiww/ud90uhak/bumperbot_ws/src/install/bumperbot_description/share/bumperbot_description/models/aws_robomaker_residential_RoomWall_01/materials/textures
[1.741s] -- Up-to-date: /home/eeiww/ud90uhak/bumperbot_ws/src/install/bumperbot_description/share/bumperbot_description/models/aws_robomaker_residential_RoomWall_01/materials/textures/aws_RoomWall_01.png
[1.742s] -- Up-to-date: /home/eeiww/ud90uhak/bumperbot_ws/src/install/bumperbot_description/share/bumperbot_description/models/aws_robomaker_residential_PortraitE_01
[1.743s] -- Up-to-date: /home/eeiww/ud90uhak/bumperbot_ws/src/install/bumperbot_description/share/bumperbot_description/models/aws_robomaker_residential_PortraitE_01/meshes
[1.750s] -- Up-to-date: /home/eeiww/ud90uhak/bumperbot_ws/src/install/bumperbot_description/share/bumperbot_description/models/aws_robomaker_residential_PortraitE_01/meshes/aws_PortraitE_01_collision.DAE
[1.750s] -- Up-to-date: /home/eeiww/ud90uhak/bumperbot_ws/src/install/bumperbot_description/share/bumperbot_description/models/aws_robomaker_residential_PortraitE_01/meshes/aws_PortraitE_01_visual.DAE
[1.750s] -- Up-to-date: /home/eeiww/ud90uhak/bumperbot_ws/src/install/bumperbot_description/share/bumperbot_description/models/aws_robomaker_residential_PortraitE_01/model.sdf
[1.750s] -- Up-to-date: /home/eeiww/ud90uhak/bumperbot_ws/src/install/bumperbot_description/share/bumperbot_description/models/aws_robomaker_residential_PortraitE_01/model.config
[1.750s] -- Up-to-date: /home/eeiww/ud90uhak/bumperbot_ws/src/install/bumperbot_description/share/bumperbot_description/models/aws_robomaker_residential_PortraitE_01/materials
[1.751s] -- Up-to-date: /home/eeiww/ud90uhak/bumperbot_ws/src/install/bumperbot_description/share/bumperbot_description/models/aws_robomaker_residential_PortraitE_01/materials/textures
[1.753s] -- Up-to-date: /home/eeiww/ud90uhak/bumperbot_ws/src/install/bumperbot_description/share/bumperbot_description/models/aws_robomaker_residential_PortraitE_01/materials/textures/aws_PortraitE_02.png
[1.753s] -- Up-to-date: /home/eeiww/ud90uhak/bumperbot_ws/src/install/bumperbot_description/share/bumperbot_description/models/aws_robomaker_residential_PortraitE_01/materials/textures/aws_PortraitE_01.png
[1.755s] -- Up-to-date: /home/eeiww/ud90uhak/bumperbot_ws/src/install/bumperbot_description/share/bumperbot_description/models/aws_robomaker_residential_PortraitB_02
[1.756s] -- Up-to-date: /home/eeiww/ud90uhak/bumperbot_ws/src/install/bumperbot_description/share/bumperbot_description/models/aws_robomaker_residential_PortraitB_02/meshes
[1.758s] -- Up-to-date: /home/eeiww/ud90uhak/bumperbot_ws/src/install/bumperbot_description/share/bumperbot_description/models/aws_robomaker_residential_PortraitB_02/meshes/aws_PortraitB_01_collision.DAE
[1.759s] -- Up-to-date: /home/eeiww/ud90uhak/bumperbot_ws/src/install/bumperbot_description/share/bumperbot_description/models/aws_robomaker_residential_PortraitB_02/meshes/aws_PortraitB_01_visual.DAE
[1.762s] -- Up-to-date: /home/eeiww/ud90uhak/bumperbot_ws/src/install/bumperbot_description/share/bumperbot_description/models/aws_robomaker_residential_PortraitB_02/model.sdf
[1.762s] -- Up-to-date: /home/eeiww/ud90uhak/bumperbot_ws/src/install/bumperbot_description/share/bumperbot_description/models/aws_robomaker_residential_PortraitB_02/model.config
[1.763s] -- Up-to-date: /home/eeiww/ud90uhak/bumperbot_ws/src/install/bumperbot_description/share/bumperbot_description/models/aws_robomaker_residential_PortraitB_02/materials
[1.765s] -- Up-to-date: /home/eeiww/ud90uhak/bumperbot_ws/src/install/bumperbot_description/share/bumperbot_description/models/aws_robomaker_residential_PortraitB_02/materials/textures
[1.767s] -- Up-to-date: /home/eeiww/ud90uhak/bumperbot_ws/src/install/bumperbot_description/share/bumperbot_description/models/aws_robomaker_residential_PortraitB_02/materials/textures/aws_PortraitB_01.png
[1.768s] -- Up-to-date: /home/eeiww/ud90uhak/bumperbot_ws/src/install/bumperbot_description/share/bumperbot_description/models/aws_robomaker_residential_PortraitB_02/materials/textures/aws_PortraitB_02.png
[1.768s] -- Up-to-date: /home/eeiww/ud90uhak/bumperbot_ws/src/install/bumperbot_description/share/bumperbot_description/models/aws_robomaker_residential_Quilt_01
[1.770s] -- Up-to-date: /home/eeiww/ud90uhak/bumperbot_ws/src/install/bumperbot_description/share/bumperbot_description/models/aws_robomaker_residential_Quilt_01/meshes
[1.772s] -- Up-to-date: /home/eeiww/ud90uhak/bumperbot_ws/src/install/bumperbot_description/share/bumperbot_description/models/aws_robomaker_residential_Quilt_01/meshes/aws_Quilt_01_collision.DAE
[1.772s] -- Up-to-date: /home/eeiww/ud90uhak/bumperbot_ws/src/install/bumperbot_description/share/bumperbot_description/models/aws_robomaker_residential_Quilt_01/meshes/aws_Quilt_01_visual.DAE
[1.773s] -- Up-to-date: /home/eeiww/ud90uhak/bumperbot_ws/src/install/bumperbot_description/share/bumperbot_description/models/aws_robomaker_residential_Quilt_01/model.sdf
[1.775s] -- Up-to-date: /home/eeiww/ud90uhak/bumperbot_ws/src/install/bumperbot_description/share/bumperbot_description/models/aws_robomaker_residential_Quilt_01/model.config
[1.776s] -- Up-to-date: /home/eeiww/ud90uhak/bumperbot_ws/src/install/bumperbot_description/share/bumperbot_description/models/aws_robomaker_residential_Quilt_01/materials
[1.778s] -- Up-to-date: /home/eeiww/ud90uhak/bumperbot_ws/src/install/bumperbot_description/share/bumperbot_description/models/aws_robomaker_residential_Quilt_01/materials/textures
[1.780s] -- Up-to-date: /home/eeiww/ud90uhak/bumperbot_ws/src/install/bumperbot_description/share/bumperbot_description/models/aws_robomaker_residential_Quilt_01/materials/textures/aws_Quilt_01.png
[1.780s] -- Up-to-date: /home/eeiww/ud90uhak/bumperbot_ws/src/install/bumperbot_description/share/bumperbot_description/models/aws_robomaker_residential_DeskPortraitC_01
[1.782s] -- Up-to-date: /home/eeiww/ud90uhak/bumperbot_ws/src/install/bumperbot_description/share/bumperbot_description/models/aws_robomaker_residential_DeskPortraitC_01/meshes
[1.784s] -- Up-to-date: /home/eeiww/ud90uhak/bumperbot_ws/src/install/bumperbot_description/share/bumperbot_description/models/aws_robomaker_residential_DeskPortraitC_01/meshes/aws_DeskPortraitC_01_collision.DAE
[1.785s] -- Up-to-date: /home/eeiww/ud90uhak/bumperbot_ws/src/install/bumperbot_description/share/bumperbot_description/models/aws_robomaker_residential_DeskPortraitC_01/meshes/aws_DeskPortraitC_01_visual.DAE
[1.785s] -- Up-to-date: /home/eeiww/ud90uhak/bumperbot_ws/src/install/bumperbot_description/share/bumperbot_description/models/aws_robomaker_residential_DeskPortraitC_01/model.sdf
[1.786s] -- Up-to-date: /home/eeiww/ud90uhak/bumperbot_ws/src/install/bumperbot_description/share/bumperbot_description/models/aws_robomaker_residential_DeskPortraitC_01/model.config
[1.787s] -- Up-to-date: /home/eeiww/ud90uhak/bumperbot_ws/src/install/bumperbot_description/share/bumperbot_description/models/aws_robomaker_residential_DeskPortraitC_01/materials
[1.794s] -- Up-to-date: /home/eeiww/ud90uhak/bumperbot_ws/src/install/bumperbot_description/share/bumperbot_description/models/aws_robomaker_residential_DeskPortraitC_01/materials/textures
[1.796s] -- Up-to-date: /home/eeiww/ud90uhak/bumperbot_ws/src/install/bumperbot_description/share/bumperbot_description/models/aws_robomaker_residential_DeskPortraitC_01/materials/textures/aws_DeskPortraitC_01.png
[1.797s] -- Up-to-date: /home/eeiww/ud90uhak/bumperbot_ws/src/install/bumperbot_description/share/bumperbot_description/models/aws_robomaker_residential_DeskPortraitC_01/materials/textures/aws_DeskPortraitC_02.png
[1.798s] -- Up-to-date: /home/eeiww/ud90uhak/bumperbot_ws/src/install/bumperbot_description/share/bumperbot_description/models/aws_robomaker_residential_Refrigerator_01
[1.800s] -- Up-to-date: /home/eeiww/ud90uhak/bumperbot_ws/src/install/bumperbot_description/share/bumperbot_description/models/aws_robomaker_residential_Refrigerator_01/meshes
[1.802s] -- Up-to-date: /home/eeiww/ud90uhak/bumperbot_ws/src/install/bumperbot_description/share/bumperbot_description/models/aws_robomaker_residential_Refrigerator_01/meshes/aws_Refrigerator_01.DAE
[1.803s] -- Up-to-date: /home/eeiww/ud90uhak/bumperbot_ws/src/install/bumperbot_description/share/bumperbot_description/models/aws_robomaker_residential_Refrigerator_01/meshes/aws_Refrigerator_01_visual.DAE
[1.804s] -- Up-to-date: /home/eeiww/ud90uhak/bumperbot_ws/src/install/bumperbot_description/share/bumperbot_description/models/aws_robomaker_residential_Refrigerator_01/meshes/aws_Refrigerator_01_collision.DAE
[1.805s] -- Up-to-date: /home/eeiww/ud90uhak/bumperbot_ws/src/install/bumperbot_description/share/bumperbot_description/models/aws_robomaker_residential_Refrigerator_01/model.sdf
[1.806s] -- Up-to-date: /home/eeiww/ud90uhak/bumperbot_ws/src/install/bumperbot_description/share/bumperbot_description/models/aws_robomaker_residential_Refrigerator_01/model.config
[1.807s] -- Up-to-date: /home/eeiww/ud90uhak/bumperbot_ws/src/install/bumperbot_description/share/bumperbot_description/models/aws_robomaker_residential_Refrigerator_01/materials
[1.809s] -- Up-to-date: /home/eeiww/ud90uhak/bumperbot_ws/src/install/bumperbot_description/share/bumperbot_description/models/aws_robomaker_residential_Refrigerator_01/materials/textures
[1.810s] -- Up-to-date: /home/eeiww/ud90uhak/bumperbot_ws/src/install/bumperbot_description/share/bumperbot_description/models/aws_robomaker_residential_Refrigerator_01/materials/textures/aws_Refrigerator_01.png
[1.812s] -- Up-to-date: /home/eeiww/ud90uhak/bumperbot_ws/src/install/bumperbot_description/share/bumperbot_description/models/aws_robomaker_residential_Refrigerator_01/materials/textures/aws_Refrigerator_02.png
[1.813s] -- Up-to-date: /home/eeiww/ud90uhak/bumperbot_ws/src/install/bumperbot_description/share/bumperbot_description/models/aws_robomaker_warehouse_Lamp_01
[1.815s] -- Up-to-date: /home/eeiww/ud90uhak/bumperbot_ws/src/install/bumperbot_description/share/bumperbot_description/models/aws_robomaker_warehouse_Lamp_01/meshes
[1.818s] -- Up-to-date: /home/eeiww/ud90uhak/bumperbot_ws/src/install/bumperbot_description/share/bumperbot_description/models/aws_robomaker_warehouse_Lamp_01/meshes/aws_robomaker_warehouse_Lamp_01_visual.DAE
[1.819s] -- Up-to-date: /home/eeiww/ud90uhak/bumperbot_ws/src/install/bumperbot_description/share/bumperbot_description/models/aws_robomaker_warehouse_Lamp_01/meshes/aws_robomaker_warehouse_Lamp_01_collision.DAE
[1.820s] -- Up-to-date: /home/eeiww/ud90uhak/bumperbot_ws/src/install/bumperbot_description/share/bumperbot_description/models/aws_robomaker_warehouse_Lamp_01/model.sdf
[1.821s] -- Up-to-date: /home/eeiww/ud90uhak/bumperbot_ws/src/install/bumperbot_description/share/bumperbot_description/models/aws_robomaker_warehouse_Lamp_01/model.config
[1.821s] -- Up-to-date: /home/eeiww/ud90uhak/bumperbot_ws/src/install/bumperbot_description/share/bumperbot_description/models/aws_robomaker_warehouse_Lamp_01/materials
[1.822s] -- Up-to-date: /home/eeiww/ud90uhak/bumperbot_ws/src/install/bumperbot_description/share/bumperbot_description/models/aws_robomaker_warehouse_Lamp_01/materials/textures
[1.824s] -- Up-to-date: /home/eeiww/ud90uhak/bumperbot_ws/src/install/bumperbot_description/share/bumperbot_description/models/aws_robomaker_warehouse_Lamp_01/materials/textures/aws_robomaker_warehouse_Lamp_01.png
[1.825s] -- Up-to-date: /home/eeiww/ud90uhak/bumperbot_ws/src/install/bumperbot_description/share/bumperbot_description/models/aws_robomaker_residential_FitnessEquipment_01
[1.827s] -- Up-to-date: /home/eeiww/ud90uhak/bumperbot_ws/src/install/bumperbot_description/share/bumperbot_description/models/aws_robomaker_residential_FitnessEquipment_01/meshes
[1.829s] -- Up-to-date: /home/eeiww/ud90uhak/bumperbot_ws/src/install/bumperbot_description/share/bumperbot_description/models/aws_robomaker_residential_FitnessEquipment_01/meshes/aws_FitnessEquipment_01_collision.DAE
[1.829s] -- Up-to-date: /home/eeiww/ud90uhak/bumperbot_ws/src/install/bumperbot_description/share/bumperbot_description/models/aws_robomaker_residential_FitnessEquipment_01/meshes/aws_FitnessEquipment_01_visual.DAE
[1.831s] -- Up-to-date: /home/eeiww/ud90uhak/bumperbot_ws/src/install/bumperbot_description/share/bumperbot_description/models/aws_robomaker_residential_FitnessEquipment_01/model.sdf
[1.832s] -- Up-to-date: /home/eeiww/ud90uhak/bumperbot_ws/src/install/bumperbot_description/share/bumperbot_description/models/aws_robomaker_residential_FitnessEquipment_01/model.config
[1.832s] -- Up-to-date: /home/eeiww/ud90uhak/bumperbot_ws/src/install/bumperbot_description/share/bumperbot_description/models/aws_robomaker_residential_FitnessEquipment_01/materials
[1.836s] -- Up-to-date: /home/eeiww/ud90uhak/bumperbot_ws/src/install/bumperbot_description/share/bumperbot_description/models/aws_robomaker_residential_FitnessEquipment_01/materials/textures
[1.836s] -- Up-to-date: /home/eeiww/ud90uhak/bumperbot_ws/src/install/bumperbot_description/share/bumperbot_description/models/aws_robomaker_residential_FitnessEquipment_01/materials/textures/aws_FitnessEquipment_01.png
[1.837s] -- Up-to-date: /home/eeiww/ud90uhak/bumperbot_ws/src/install/bumperbot_description/share/bumperbot_description/models/aws_robomaker_residential_Rangehood_01
[1.839s] -- Up-to-date: /home/eeiww/ud90uhak/bumperbot_ws/src/install/bumperbot_description/share/bumperbot_description/models/aws_robomaker_residential_Rangehood_01/meshes
[1.840s] -- Up-to-date: /home/eeiww/ud90uhak/bumperbot_ws/src/install/bumperbot_description/share/bumperbot_description/models/aws_robomaker_residential_Rangehood_01/meshes/aws_Rangehood_01_visual.DAE
[1.842s] -- Up-to-date: /home/eeiww/ud90uhak/bumperbot_ws/src/install/bumperbot_description/share/bumperbot_description/models/aws_robomaker_residential_Rangehood_01/meshes/aws_Rangehood_01_collision.DAE
[1.842s] -- Up-to-date: /home/eeiww/ud90uhak/bumperbot_ws/src/install/bumperbot_description/share/bumperbot_description/models/aws_robomaker_residential_Rangehood_01/model.sdf
[1.844s] -- Up-to-date: /home/eeiww/ud90uhak/bumperbot_ws/src/install/bumperbot_description/share/bumperbot_description/models/aws_robomaker_residential_Rangehood_01/model.config
[1.845s] -- Up-to-date: /home/eeiww/ud90uhak/bumperbot_ws/src/install/bumperbot_description/share/bumperbot_description/models/aws_robomaker_residential_Rangehood_01/materials
[1.847s] -- Up-to-date: /home/eeiww/ud90uhak/bumperbot_ws/src/install/bumperbot_description/share/bumperbot_description/models/aws_robomaker_residential_Rangehood_01/materials/textures
[1.849s] -- Up-to-date: /home/eeiww/ud90uhak/bumperbot_ws/src/install/bumperbot_description/share/bumperbot_description/models/aws_robomaker_residential_Rangehood_01/materials/textures/aws_Rangehood_01.png
[1.850s] -- Up-to-date: /home/eeiww/ud90uhak/bumperbot_ws/src/install/bumperbot_description/share/bumperbot_description/models/aws_robomaker_residential_DeskPortraitD_03
[1.853s] -- Up-to-date: /home/eeiww/ud90uhak/bumperbot_ws/src/install/bumperbot_description/share/bumperbot_description/models/aws_robomaker_residential_DeskPortraitD_03/meshes
[1.855s] -- Up-to-date: /home/eeiww/ud90uhak/bumperbot_ws/src/install/bumperbot_description/share/bumperbot_description/models/aws_robomaker_residential_DeskPortraitD_03/meshes/aws_DeskPortraitD_01_visual.DAE
[1.858s] -- Up-to-date: /home/eeiww/ud90uhak/bumperbot_ws/src/install/bumperbot_description/share/bumperbot_description/models/aws_robomaker_residential_DeskPortraitD_03/meshes/aws_DeskPortraitD_01_collision.DAE
[1.858s] -- Up-to-date: /home/eeiww/ud90uhak/bumperbot_ws/src/install/bumperbot_description/share/bumperbot_description/models/aws_robomaker_residential_DeskPortraitD_03/model.sdf
[1.858s] -- Up-to-date: /home/eeiww/ud90uhak/bumperbot_ws/src/install/bumperbot_description/share/bumperbot_description/models/aws_robomaker_residential_DeskPortraitD_03/model.config
[1.858s] -- Up-to-date: /home/eeiww/ud90uhak/bumperbot_ws/src/install/bumperbot_description/share/bumperbot_description/models/aws_robomaker_residential_DeskPortraitD_03/materials
[1.860s] -- Up-to-date: /home/eeiww/ud90uhak/bumperbot_ws/src/install/bumperbot_description/share/bumperbot_description/models/aws_robomaker_residential_DeskPortraitD_03/materials/textures
[1.862s] -- Up-to-date: /home/eeiww/ud90uhak/bumperbot_ws/src/install/bumperbot_description/share/bumperbot_description/models/aws_robomaker_residential_DeskPortraitD_03/materials/textures/aws_DeskPortraitD_02.png
[1.863s] -- Up-to-date: /home/eeiww/ud90uhak/bumperbot_ws/src/install/bumperbot_description/share/bumperbot_description/models/aws_robomaker_residential_DeskPortraitD_03/materials/textures/aws_DeskPortraitD_01.png
[1.864s] -- Up-to-date: /home/eeiww/ud90uhak/bumperbot_ws/src/install/bumperbot_description/share/bumperbot_description/models/aws_robomaker_residential_DeskPortraitD_02
[1.865s] -- Up-to-date: /home/eeiww/ud90uhak/bumperbot_ws/src/install/bumperbot_description/share/bumperbot_description/models/aws_robomaker_residential_DeskPortraitD_02/meshes
[1.868s] -- Up-to-date: /home/eeiww/ud90uhak/bumperbot_ws/src/install/bumperbot_description/share/bumperbot_description/models/aws_robomaker_residential_DeskPortraitD_02/meshes/aws_DeskPortraitD_01_visual.DAE
[1.869s] -- Up-to-date: /home/eeiww/ud90uhak/bumperbot_ws/src/install/bumperbot_description/share/bumperbot_description/models/aws_robomaker_residential_DeskPortraitD_02/meshes/aws_DeskPortraitD_01_collision.DAE
[1.870s] -- Up-to-date: /home/eeiww/ud90uhak/bumperbot_ws/src/install/bumperbot_description/share/bumperbot_description/models/aws_robomaker_residential_DeskPortraitD_02/model.sdf
[1.871s] -- Up-to-date: /home/eeiww/ud90uhak/bumperbot_ws/src/install/bumperbot_description/share/bumperbot_description/models/aws_robomaker_residential_DeskPortraitD_02/model.config
[1.872s] -- Up-to-date: /home/eeiww/ud90uhak/bumperbot_ws/src/install/bumperbot_description/share/bumperbot_description/models/aws_robomaker_residential_DeskPortraitD_02/materials
[1.875s] -- Up-to-date: /home/eeiww/ud90uhak/bumperbot_ws/src/install/bumperbot_description/share/bumperbot_description/models/aws_robomaker_residential_DeskPortraitD_02/materials/textures
[1.878s] -- Up-to-date: /home/eeiww/ud90uhak/bumperbot_ws/src/install/bumperbot_description/share/bumperbot_description/models/aws_robomaker_residential_DeskPortraitD_02/materials/textures/aws_DeskPortraitD_02.png
[1.880s] -- Up-to-date: /home/eeiww/ud90uhak/bumperbot_ws/src/install/bumperbot_description/share/bumperbot_description/models/aws_robomaker_residential_DeskPortraitD_02/materials/textures/aws_DeskPortraitD_01.png
[1.881s] -- Up-to-date: /home/eeiww/ud90uhak/bumperbot_ws/src/install/bumperbot_description/share/bumperbot_description/models/aws_robomaker_residential_Trash_01
[1.884s] -- Up-to-date: /home/eeiww/ud90uhak/bumperbot_ws/src/install/bumperbot_description/share/bumperbot_description/models/aws_robomaker_residential_Trash_01/meshes
[1.885s] -- Up-to-date: /home/eeiww/ud90uhak/bumperbot_ws/src/install/bumperbot_description/share/bumperbot_description/models/aws_robomaker_residential_Trash_01/meshes/aws_Trash_01_visual.DAE
[1.889s] -- Up-to-date: /home/eeiww/ud90uhak/bumperbot_ws/src/install/bumperbot_description/share/bumperbot_description/models/aws_robomaker_residential_Trash_01/meshes/aws_Trash_01_collision.DAE
[1.889s] -- Up-to-date: /home/eeiww/ud90uhak/bumperbot_ws/src/install/bumperbot_description/share/bumperbot_description/models/aws_robomaker_residential_Trash_01/model.sdf
[1.889s] -- Up-to-date: /home/eeiww/ud90uhak/bumperbot_ws/src/install/bumperbot_description/share/bumperbot_description/models/aws_robomaker_residential_Trash_01/model.config
[1.891s] -- Up-to-date: /home/eeiww/ud90uhak/bumperbot_ws/src/install/bumperbot_description/share/bumperbot_description/models/aws_robomaker_residential_Trash_01/materials
[1.892s] -- Up-to-date: /home/eeiww/ud90uhak/bumperbot_ws/src/install/bumperbot_description/share/bumperbot_description/models/aws_robomaker_residential_Trash_01/materials/textures
[1.895s] -- Up-to-date: /home/eeiww/ud90uhak/bumperbot_ws/src/install/bumperbot_description/share/bumperbot_description/models/aws_robomaker_residential_Trash_01/materials/textures/aws_Trash_01.png
[1.895s] -- Up-to-date: /home/eeiww/ud90uhak/bumperbot_ws/src/install/bumperbot_description/share/bumperbot_description/models/aws_robomaker_residential_Dumbbell_01
[1.897s] -- Up-to-date: /home/eeiww/ud90uhak/bumperbot_ws/src/install/bumperbot_description/share/bumperbot_description/models/aws_robomaker_residential_Dumbbell_01/meshes
[1.899s] -- Up-to-date: /home/eeiww/ud90uhak/bumperbot_ws/src/install/bumperbot_description/share/bumperbot_description/models/aws_robomaker_residential_Dumbbell_01/meshes/aws_Dumbbell_01_collision.DAE
[1.901s] -- Up-to-date: /home/eeiww/ud90uhak/bumperbot_ws/src/install/bumperbot_description/share/bumperbot_description/models/aws_robomaker_residential_Dumbbell_01/meshes/aws_Dumbbell_01_visual.DAE
[1.902s] -- Up-to-date: /home/eeiww/ud90uhak/bumperbot_ws/src/install/bumperbot_description/share/bumperbot_description/models/aws_robomaker_residential_Dumbbell_01/model.sdf
[1.903s] -- Up-to-date: /home/eeiww/ud90uhak/bumperbot_ws/src/install/bumperbot_description/share/bumperbot_description/models/aws_robomaker_residential_Dumbbell_01/model.config
[1.904s] -- Up-to-date: /home/eeiww/ud90uhak/bumperbot_ws/src/install/bumperbot_description/share/bumperbot_description/models/aws_robomaker_residential_Dumbbell_01/materials
[1.906s] -- Up-to-date: /home/eeiww/ud90uhak/bumperbot_ws/src/install/bumperbot_description/share/bumperbot_description/models/aws_robomaker_residential_Dumbbell_01/materials/textures
[1.908s] -- Up-to-date: /home/eeiww/ud90uhak/bumperbot_ws/src/install/bumperbot_description/share/bumperbot_description/models/aws_robomaker_residential_Dumbbell_01/materials/textures/aws_Dumbbell_01.png
[1.909s] -- Up-to-date: /home/eeiww/ud90uhak/bumperbot_ws/src/install/bumperbot_description/share/bumperbot_description/models/aws_robomaker_residential_PortraitB_03
[1.911s] -- Up-to-date: /home/eeiww/ud90uhak/bumperbot_ws/src/install/bumperbot_description/share/bumperbot_description/models/aws_robomaker_residential_PortraitB_03/meshes
[1.913s] -- Up-to-date: /home/eeiww/ud90uhak/bumperbot_ws/src/install/bumperbot_description/share/bumperbot_description/models/aws_robomaker_residential_PortraitB_03/meshes/aws_PortraitB_01_collision.DAE
[1.914s] -- Up-to-date: /home/eeiww/ud90uhak/bumperbot_ws/src/install/bumperbot_description/share/bumperbot_description/models/aws_robomaker_residential_PortraitB_03/meshes/aws_PortraitB_01_visual.DAE
[1.915s] -- Up-to-date: /home/eeiww/ud90uhak/bumperbot_ws/src/install/bumperbot_description/share/bumperbot_description/models/aws_robomaker_residential_PortraitB_03/model.sdf
[1.916s] -- Up-to-date: /home/eeiww/ud90uhak/bumperbot_ws/src/install/bumperbot_description/share/bumperbot_description/models/aws_robomaker_residential_PortraitB_03/model.config
[1.917s] -- Up-to-date: /home/eeiww/ud90uhak/bumperbot_ws/src/install/bumperbot_description/share/bumperbot_description/models/aws_robomaker_residential_PortraitB_03/materials
[1.919s] -- Up-to-date: /home/eeiww/ud90uhak/bumperbot_ws/src/install/bumperbot_description/share/bumperbot_description/models/aws_robomaker_residential_PortraitB_03/materials/textures
[1.921s] -- Up-to-date: /home/eeiww/ud90uhak/bumperbot_ws/src/install/bumperbot_description/share/bumperbot_description/models/aws_robomaker_residential_PortraitB_03/materials/textures/aws_PortraitB_01.png
[1.922s] -- Up-to-date: /home/eeiww/ud90uhak/bumperbot_ws/src/install/bumperbot_description/share/bumperbot_description/models/aws_robomaker_residential_PortraitB_03/materials/textures/aws_PortraitB_02.png
[1.924s] -- Up-to-date: /home/eeiww/ud90uhak/bumperbot_ws/src/install/bumperbot_description/share/bumperbot_description/models/aws_robomaker_residential_Chandelier_01
[1.924s] -- Up-to-date: /home/eeiww/ud90uhak/bumperbot_ws/src/install/bumperbot_description/share/bumperbot_description/models/aws_robomaker_residential_Chandelier_01/meshes
[1.926s] -- Up-to-date: /home/eeiww/ud90uhak/bumperbot_ws/src/install/bumperbot_description/share/bumperbot_description/models/aws_robomaker_residential_Chandelier_01/meshes/aws_Chandelier_01.DAE
[1.928s] -- Up-to-date: /home/eeiww/ud90uhak/bumperbot_ws/src/install/bumperbot_description/share/bumperbot_description/models/aws_robomaker_residential_Chandelier_01/meshes/aws_Chandelier_01_visual.DAE
[1.929s] -- Up-to-date: /home/eeiww/ud90uhak/bumperbot_ws/src/install/bumperbot_description/share/bumperbot_description/models/aws_robomaker_residential_Chandelier_01/meshes/aws_Chandelier_01_collision.DAE
[1.930s] -- Up-to-date: /home/eeiww/ud90uhak/bumperbot_ws/src/install/bumperbot_description/share/bumperbot_description/models/aws_robomaker_residential_Chandelier_01/model.sdf
[1.930s] -- Up-to-date: /home/eeiww/ud90uhak/bumperbot_ws/src/install/bumperbot_description/share/bumperbot_description/models/aws_robomaker_residential_Chandelier_01/model.config
[1.931s] -- Up-to-date: /home/eeiww/ud90uhak/bumperbot_ws/src/install/bumperbot_description/share/bumperbot_description/models/aws_robomaker_residential_Chandelier_01/materials
[1.933s] -- Up-to-date: /home/eeiww/ud90uhak/bumperbot_ws/src/install/bumperbot_description/share/bumperbot_description/models/aws_robomaker_residential_Chandelier_01/materials/textures
[1.935s] -- Up-to-date: /home/eeiww/ud90uhak/bumperbot_ws/src/install/bumperbot_description/share/bumperbot_description/models/aws_robomaker_residential_Chandelier_01/materials/textures/aws_Chandelier_01.png
[1.936s] -- Up-to-date: /home/eeiww/ud90uhak/bumperbot_ws/src/install/bumperbot_description/share/bumperbot_description/models/aws_robomaker_residential_ChairD_01
[1.937s] -- Up-to-date: /home/eeiww/ud90uhak/bumperbot_ws/src/install/bumperbot_description/share/bumperbot_description/models/aws_robomaker_residential_ChairD_01/meshes
[1.939s] -- Up-to-date: /home/eeiww/ud90uhak/bumperbot_ws/src/install/bumperbot_description/share/bumperbot_description/models/aws_robomaker_residential_ChairD_01/meshes/aws_ChairD_01_visual.DAE
[1.940s] -- Up-to-date: /home/eeiww/ud90uhak/bumperbot_ws/src/install/bumperbot_description/share/bumperbot_description/models/aws_robomaker_residential_ChairD_01/meshes/aws_ChairD_01_collision.DAE
[1.941s] -- Up-to-date: /home/eeiww/ud90uhak/bumperbot_ws/src/install/bumperbot_description/share/bumperbot_description/models/aws_robomaker_residential_ChairD_01/model.sdf
[1.942s] -- Up-to-date: /home/eeiww/ud90uhak/bumperbot_ws/src/install/bumperbot_description/share/bumperbot_description/models/aws_robomaker_residential_ChairD_01/model.config
[1.943s] -- Up-to-date: /home/eeiww/ud90uhak/bumperbot_ws/src/install/bumperbot_description/share/bumperbot_description/models/aws_robomaker_residential_ChairD_01/materials
[1.945s] -- Up-to-date: /home/eeiww/ud90uhak/bumperbot_ws/src/install/bumperbot_description/share/bumperbot_description/models/aws_robomaker_residential_ChairD_01/materials/textures
[1.947s] -- Up-to-date: /home/eeiww/ud90uhak/bumperbot_ws/src/install/bumperbot_description/share/bumperbot_description/models/aws_robomaker_residential_ChairD_01/materials/textures/aws_ChairD_01.png
[1.949s] -- Up-to-date: /home/eeiww/ud90uhak/bumperbot_ws/src/install/bumperbot_description/share/bumperbot_description/models/aws_robomaker_residential_FoldingDoor_01
[1.951s] -- Up-to-date: /home/eeiww/ud90uhak/bumperbot_ws/src/install/bumperbot_description/share/bumperbot_description/models/aws_robomaker_residential_FoldingDoor_01/meshes
[1.952s] -- Up-to-date: /home/eeiww/ud90uhak/bumperbot_ws/src/install/bumperbot_description/share/bumperbot_description/models/aws_robomaker_residential_FoldingDoor_01/meshes/aws_FoldingDoor_01_collision.DAE
[1.954s] -- Up-to-date: /home/eeiww/ud90uhak/bumperbot_ws/src/install/bumperbot_description/share/bumperbot_description/models/aws_robomaker_residential_FoldingDoor_01/meshes/aws_FoldingDoor_01_visual.DAE
[1.958s] -- Up-to-date: /home/eeiww/ud90uhak/bumperbot_ws/src/install/bumperbot_description/share/bumperbot_description/models/aws_robomaker_residential_FoldingDoor_01/model.sdf
[1.959s] -- Up-to-date: /home/eeiww/ud90uhak/bumperbot_ws/src/install/bumperbot_description/share/bumperbot_description/models/aws_robomaker_residential_FoldingDoor_01/model.config
[1.960s] -- Up-to-date: /home/eeiww/ud90uhak/bumperbot_ws/src/install/bumperbot_description/share/bumperbot_description/models/aws_robomaker_residential_FoldingDoor_01/materials
[1.963s] -- Up-to-date: /home/eeiww/ud90uhak/bumperbot_ws/src/install/bumperbot_description/share/bumperbot_description/models/aws_robomaker_residential_FoldingDoor_01/materials/textures
[1.965s] -- Up-to-date: /home/eeiww/ud90uhak/bumperbot_ws/src/install/bumperbot_description/share/bumperbot_description/models/aws_robomaker_residential_FoldingDoor_01/materials/textures/aws_FoldingDoor_01.png
[1.967s] -- Up-to-date: /home/eeiww/ud90uhak/bumperbot_ws/src/install/bumperbot_description/share/bumperbot_description/models/aws_robomaker_residential_PortraitA_01
[1.967s] -- Up-to-date: /home/eeiww/ud90uhak/bumperbot_ws/src/install/bumperbot_description/share/bumperbot_description/models/aws_robomaker_residential_PortraitA_01/meshes
[1.969s] -- Up-to-date: /home/eeiww/ud90uhak/bumperbot_ws/src/install/bumperbot_description/share/bumperbot_description/models/aws_robomaker_residential_PortraitA_01/meshes/aws_PortraitA_01_visual.DAE
[1.971s] -- Up-to-date: /home/eeiww/ud90uhak/bumperbot_ws/src/install/bumperbot_description/share/bumperbot_description/models/aws_robomaker_residential_PortraitA_01/meshes/aws_PortraitA_01_collision.DAE
[1.972s] -- Up-to-date: /home/eeiww/ud90uhak/bumperbot_ws/src/install/bumperbot_description/share/bumperbot_description/models/aws_robomaker_residential_PortraitA_01/model.sdf
[1.972s] -- Up-to-date: /home/eeiww/ud90uhak/bumperbot_ws/src/install/bumperbot_description/share/bumperbot_description/models/aws_robomaker_residential_PortraitA_01/model.config
[1.974s] -- Up-to-date: /home/eeiww/ud90uhak/bumperbot_ws/src/install/bumperbot_description/share/bumperbot_description/models/aws_robomaker_residential_PortraitA_01/materials
[1.975s] -- Up-to-date: /home/eeiww/ud90uhak/bumperbot_ws/src/install/bumperbot_description/share/bumperbot_description/models/aws_robomaker_residential_PortraitA_01/materials/textures
[1.981s] -- Up-to-date: /home/eeiww/ud90uhak/bumperbot_ws/src/install/bumperbot_description/share/bumperbot_description/models/aws_robomaker_residential_PortraitA_01/materials/textures/aws_PortraitA_01.png
[1.982s] -- Up-to-date: /home/eeiww/ud90uhak/bumperbot_ws/src/install/bumperbot_description/share/bumperbot_description/models/aws_robomaker_residential_PortraitA_01/materials/textures/aws_PortraitA_02.png
[1.983s] -- Up-to-date: /home/eeiww/ud90uhak/bumperbot_ws/src/install/bumperbot_description/share/bumperbot_description/models/aws_robomaker_warehouse_TrashCanC_01
[1.984s] -- Up-to-date: /home/eeiww/ud90uhak/bumperbot_ws/src/install/bumperbot_description/share/bumperbot_description/models/aws_robomaker_warehouse_TrashCanC_01/meshes
[1.987s] -- Up-to-date: /home/eeiww/ud90uhak/bumperbot_ws/src/install/bumperbot_description/share/bumperbot_description/models/aws_robomaker_warehouse_TrashCanC_01/meshes/aws_robomaker_warehouse_TrashCanC_01_visual.DAE
[1.987s] -- Up-to-date: /home/eeiww/ud90uhak/bumperbot_ws/src/install/bumperbot_description/share/bumperbot_description/models/aws_robomaker_warehouse_TrashCanC_01/meshes/aws_robomaker_warehouse_TrashCanC_01_collision.DAE
[1.989s] -- Up-to-date: /home/eeiww/ud90uhak/bumperbot_ws/src/install/bumperbot_description/share/bumperbot_description/models/aws_robomaker_warehouse_TrashCanC_01/model.sdf
[1.989s] -- Up-to-date: /home/eeiww/ud90uhak/bumperbot_ws/src/install/bumperbot_description/share/bumperbot_description/models/aws_robomaker_warehouse_TrashCanC_01/model.config
[1.990s] -- Up-to-date: /home/eeiww/ud90uhak/bumperbot_ws/src/install/bumperbot_description/share/bumperbot_description/models/aws_robomaker_warehouse_TrashCanC_01/materials
[1.992s] -- Up-to-date: /home/eeiww/ud90uhak/bumperbot_ws/src/install/bumperbot_description/share/bumperbot_description/models/aws_robomaker_warehouse_TrashCanC_01/materials/textures
[1.993s] -- Up-to-date: /home/eeiww/ud90uhak/bumperbot_ws/src/install/bumperbot_description/share/bumperbot_description/models/aws_robomaker_warehouse_TrashCanC_01/materials/textures/aws_robomaker_warehouse_TrashCanC_01.png
[1.995s] -- Up-to-date: /home/eeiww/ud90uhak/bumperbot_ws/src/install/bumperbot_description/share/bumperbot_description/models/aws_robomaker_residential_Pillow_01
[1.996s] -- Up-to-date: /home/eeiww/ud90uhak/bumperbot_ws/src/install/bumperbot_description/share/bumperbot_description/models/aws_robomaker_residential_Pillow_01/meshes
[1.998s] -- Up-to-date: /home/eeiww/ud90uhak/bumperbot_ws/src/install/bumperbot_description/share/bumperbot_description/models/aws_robomaker_residential_Pillow_01/meshes/aws_Pillow_01_visual.DAE
[1.999s] -- Up-to-date: /home/eeiww/ud90uhak/bumperbot_ws/src/install/bumperbot_description/share/bumperbot_description/models/aws_robomaker_residential_Pillow_01/meshes/aws_Pillow_01_collision.DAE
[2.000s] -- Up-to-date: /home/eeiww/ud90uhak/bumperbot_ws/src/install/bumperbot_description/share/bumperbot_description/models/aws_robomaker_residential_Pillow_01/model.sdf
[2.001s] -- Up-to-date: /home/eeiww/ud90uhak/bumperbot_ws/src/install/bumperbot_description/share/bumperbot_description/models/aws_robomaker_residential_Pillow_01/model.config
[2.002s] -- Up-to-date: /home/eeiww/ud90uhak/bumperbot_ws/src/install/bumperbot_description/share/bumperbot_description/models/aws_robomaker_residential_Pillow_01/materials
[2.007s] -- Up-to-date: /home/eeiww/ud90uhak/bumperbot_ws/src/install/bumperbot_description/share/bumperbot_description/models/aws_robomaker_residential_Pillow_01/materials/textures
[2.009s] -- Up-to-date: /home/eeiww/ud90uhak/bumperbot_ws/src/install/bumperbot_description/share/bumperbot_description/models/aws_robomaker_residential_Pillow_01/materials/textures/aws_Pillow_01.png
[2.009s] -- Up-to-date: /home/eeiww/ud90uhak/bumperbot_ws/src/install/bumperbot_description/share/bumperbot_description/models/aws_robomaker_residential_SofaC_01
[2.011s] -- Up-to-date: /home/eeiww/ud90uhak/bumperbot_ws/src/install/bumperbot_description/share/bumperbot_description/models/aws_robomaker_residential_SofaC_01/meshes
[2.012s] -- Up-to-date: /home/eeiww/ud90uhak/bumperbot_ws/src/install/bumperbot_description/share/bumperbot_description/models/aws_robomaker_residential_SofaC_01/meshes/aws_SofaC_01_collision.DAE
[2.013s] -- Up-to-date: /home/eeiww/ud90uhak/bumperbot_ws/src/install/bumperbot_description/share/bumperbot_description/models/aws_robomaker_residential_SofaC_01/meshes/aws_SofaC_01_visual.DAE
[2.015s] -- Up-to-date: /home/eeiww/ud90uhak/bumperbot_ws/src/install/bumperbot_description/share/bumperbot_description/models/aws_robomaker_residential_SofaC_01/model.sdf
[2.016s] -- Up-to-date: /home/eeiww/ud90uhak/bumperbot_ws/src/install/bumperbot_description/share/bumperbot_description/models/aws_robomaker_residential_SofaC_01/model.config
[2.017s] -- Up-to-date: /home/eeiww/ud90uhak/bumperbot_ws/src/install/bumperbot_description/share/bumperbot_description/models/aws_robomaker_residential_SofaC_01/materials
[2.018s] -- Up-to-date: /home/eeiww/ud90uhak/bumperbot_ws/src/install/bumperbot_description/share/bumperbot_description/models/aws_robomaker_residential_SofaC_01/materials/textures
[2.020s] -- Up-to-date: /home/eeiww/ud90uhak/bumperbot_ws/src/install/bumperbot_description/share/bumperbot_description/models/aws_robomaker_residential_SofaC_01/materials/textures/aws_SofaC_01.png
[2.021s] -- Up-to-date: /home/eeiww/ud90uhak/bumperbot_ws/src/install/bumperbot_description/share/bumperbot_description/models/aws_robomaker_residential_TVCabinet_01
[2.023s] -- Up-to-date: /home/eeiww/ud90uhak/bumperbot_ws/src/install/bumperbot_description/share/bumperbot_description/models/aws_robomaker_residential_TVCabinet_01/meshes
[2.025s] -- Up-to-date: /home/eeiww/ud90uhak/bumperbot_ws/src/install/bumperbot_description/share/bumperbot_description/models/aws_robomaker_residential_TVCabinet_01/meshes/aws_TVCabinet_01_collision.DAE
[2.026s] -- Up-to-date: /home/eeiww/ud90uhak/bumperbot_ws/src/install/bumperbot_description/share/bumperbot_description/models/aws_robomaker_residential_TVCabinet_01/meshes/aws_TVCabinet_01_visual.DAE
[2.027s] -- Up-to-date: /home/eeiww/ud90uhak/bumperbot_ws/src/install/bumperbot_description/share/bumperbot_description/models/aws_robomaker_residential_TVCabinet_01/model.sdf
[2.028s] -- Up-to-date: /home/eeiww/ud90uhak/bumperbot_ws/src/install/bumperbot_description/share/bumperbot_description/models/aws_robomaker_residential_TVCabinet_01/model.config
[2.029s] -- Up-to-date: /home/eeiww/ud90uhak/bumperbot_ws/src/install/bumperbot_description/share/bumperbot_description/models/aws_robomaker_residential_TVCabinet_01/materials
[2.030s] -- Up-to-date: /home/eeiww/ud90uhak/bumperbot_ws/src/install/bumperbot_description/share/bumperbot_description/models/aws_robomaker_residential_TVCabinet_01/materials/textures
[2.032s] -- Up-to-date: /home/eeiww/ud90uhak/bumperbot_ws/src/install/bumperbot_description/share/bumperbot_description/models/aws_robomaker_residential_TVCabinet_01/materials/textures/aws_TVCabinet_01.png
[2.033s] -- Up-to-date: /home/eeiww/ud90uhak/bumperbot_ws/src/install/bumperbot_description/share/bumperbot_description/models/aws_robomaker_residential_SofaB_01
[2.035s] -- Up-to-date: /home/eeiww/ud90uhak/bumperbot_ws/src/install/bumperbot_description/share/bumperbot_description/models/aws_robomaker_residential_SofaB_01/meshes
[2.037s] -- Up-to-date: /home/eeiww/ud90uhak/bumperbot_ws/src/install/bumperbot_description/share/bumperbot_description/models/aws_robomaker_residential_SofaB_01/meshes/aws_SofaB_01_visual.DAE
[2.038s] -- Up-to-date: /home/eeiww/ud90uhak/bumperbot_ws/src/install/bumperbot_description/share/bumperbot_description/models/aws_robomaker_residential_SofaB_01/meshes/aws_SofaB_01_collision.DAE
[2.039s] -- Up-to-date: /home/eeiww/ud90uhak/bumperbot_ws/src/install/bumperbot_description/share/bumperbot_description/models/aws_robomaker_residential_SofaB_01/model.sdf
[2.040s] -- Up-to-date: /home/eeiww/ud90uhak/bumperbot_ws/src/install/bumperbot_description/share/bumperbot_description/models/aws_robomaker_residential_SofaB_01/model.config
[2.041s] -- Up-to-date: /home/eeiww/ud90uhak/bumperbot_ws/src/install/bumperbot_description/share/bumperbot_description/models/aws_robomaker_residential_SofaB_01/materials
[2.043s] -- Up-to-date: /home/eeiww/ud90uhak/bumperbot_ws/src/install/bumperbot_description/share/bumperbot_description/models/aws_robomaker_residential_SofaB_01/materials/textures
[2.044s] -- Up-to-date: /home/eeiww/ud90uhak/bumperbot_ws/src/install/bumperbot_description/share/bumperbot_description/models/aws_robomaker_residential_SofaB_01/materials/textures/aws_SofaB_01.png
[2.045s] -- Up-to-date: /home/eeiww/ud90uhak/bumperbot_ws/src/install/bumperbot_description/share/bumperbot_description/models/aws_robomaker_residential_CookingBench_01
[2.047s] -- Up-to-date: /home/eeiww/ud90uhak/bumperbot_ws/src/install/bumperbot_description/share/bumperbot_description/models/aws_robomaker_residential_CookingBench_01/meshes
[2.049s] -- Up-to-date: /home/eeiww/ud90uhak/bumperbot_ws/src/install/bumperbot_description/share/bumperbot_description/models/aws_robomaker_residential_CookingBench_01/meshes/aws_CookingBench_01_collision.DAE
[2.050s] -- Up-to-date: /home/eeiww/ud90uhak/bumperbot_ws/src/install/bumperbot_description/share/bumperbot_description/models/aws_robomaker_residential_CookingBench_01/meshes/aws_CookingBench_01_visual.DAE
[2.051s] -- Up-to-date: /home/eeiww/ud90uhak/bumperbot_ws/src/install/bumperbot_description/share/bumperbot_description/models/aws_robomaker_residential_CookingBench_01/meshes/aws_CookingBench_01.DAE
[2.051s] -- Up-to-date: /home/eeiww/ud90uhak/bumperbot_ws/src/install/bumperbot_description/share/bumperbot_description/models/aws_robomaker_residential_CookingBench_01/model.sdf
[2.052s] -- Up-to-date: /home/eeiww/ud90uhak/bumperbot_ws/src/install/bumperbot_description/share/bumperbot_description/models/aws_robomaker_residential_CookingBench_01/model.config
[2.054s] -- Up-to-date: /home/eeiww/ud90uhak/bumperbot_ws/src/install/bumperbot_description/share/bumperbot_description/models/aws_robomaker_residential_CookingBench_01/materials
[2.055s] -- Up-to-date: /home/eeiww/ud90uhak/bumperbot_ws/src/install/bumperbot_description/share/bumperbot_description/models/aws_robomaker_residential_CookingBench_01/materials/textures
[2.058s] -- Up-to-date: /home/eeiww/ud90uhak/bumperbot_ws/src/install/bumperbot_description/share/bumperbot_description/models/aws_robomaker_residential_CookingBench_01/materials/textures/aws_CookingBench_01.png
[2.059s] -- Up-to-date: /home/eeiww/ud90uhak/bumperbot_ws/src/install/bumperbot_description/share/bumperbot_description/models/aws_robomaker_warehouse_DeskC_01
[2.059s] -- Up-to-date: /home/eeiww/ud90uhak/bumperbot_ws/src/install/bumperbot_description/share/bumperbot_description/models/aws_robomaker_warehouse_DeskC_01/meshes
[2.061s] -- Up-to-date: /home/eeiww/ud90uhak/bumperbot_ws/src/install/bumperbot_description/share/bumperbot_description/models/aws_robomaker_warehouse_DeskC_01/meshes/aws_robomaker_warehouse_DeskC_01_collision.DAE
[2.062s] -- Up-to-date: /home/eeiww/ud90uhak/bumperbot_ws/src/install/bumperbot_description/share/bumperbot_description/models/aws_robomaker_warehouse_DeskC_01/meshes/aws_robomaker_warehouse_DeskC_01_visual.DAE
[2.063s] -- Up-to-date: /home/eeiww/ud90uhak/bumperbot_ws/src/install/bumperbot_description/share/bumperbot_description/models/aws_robomaker_warehouse_DeskC_01/model.sdf
[2.064s] -- Up-to-date: /home/eeiww/ud90uhak/bumperbot_ws/src/install/bumperbot_description/share/bumperbot_description/models/aws_robomaker_warehouse_DeskC_01/model.config
[2.065s] -- Up-to-date: /home/eeiww/ud90uhak/bumperbot_ws/src/install/bumperbot_description/share/bumperbot_description/models/aws_robomaker_warehouse_DeskC_01/materials
[2.067s] -- Up-to-date: /home/eeiww/ud90uhak/bumperbot_ws/src/install/bumperbot_description/share/bumperbot_description/models/aws_robomaker_warehouse_DeskC_01/materials/textures
[2.069s] -- Up-to-date: /home/eeiww/ud90uhak/bumperbot_ws/src/install/bumperbot_description/share/bumperbot_description/models/aws_robomaker_warehouse_DeskC_01/materials/textures/aws_robomaker_warehouse_DeskC_01.png
[2.070s] -- Up-to-date: /home/eeiww/ud90uhak/bumperbot_ws/src/install/bumperbot_description/share/bumperbot_description/models/aws_robomaker_warehouse_DeskC_01/materials/textures/aws_robomaker_warehouse_DeskC_02.png
[2.071s] -- Up-to-date: /home/eeiww/ud90uhak/bumperbot_ws/src/install/bumperbot_description/share/bumperbot_description/models/aws_robomaker_warehouse_DeskC_01/materials/textures/aws_robomaker_warehouse_DeskC_03.psd
[2.074s] -- Up-to-date: /home/eeiww/ud90uhak/bumperbot_ws/src/install/bumperbot_description/share/bumperbot_description/models/aws_robomaker_warehouse_DeskC_01/materials/textures/aws_robomaker_warehouse_DeskC_03.png
[2.074s] -- Up-to-date: /home/eeiww/ud90uhak/bumperbot_ws/src/install/bumperbot_description/share/bumperbot_description/models/aws_robomaker_warehouse_DeskC_01/materials/textures/aws_robomaker_warehouse_DeskC_04.png
[2.074s] -- Up-to-date: /home/eeiww/ud90uhak/bumperbot_ws/src/install/bumperbot_description/share/bumperbot_description/models/aws_robomaker_warehouse_DeskC_01/materials/.DS_Store
[2.075s] -- Up-to-date: /home/eeiww/ud90uhak/bumperbot_ws/src/install/bumperbot_description/share/bumperbot_description/models/aws_robomaker_residential_PortraitA_02
[2.078s] -- Up-to-date: /home/eeiww/ud90uhak/bumperbot_ws/src/install/bumperbot_description/share/bumperbot_description/models/aws_robomaker_residential_PortraitA_02/meshes
[2.079s] -- Up-to-date: /home/eeiww/ud90uhak/bumperbot_ws/src/install/bumperbot_description/share/bumperbot_description/models/aws_robomaker_residential_PortraitA_02/meshes/aws_PortraitA_01_visual.DAE
[2.080s] -- Up-to-date: /home/eeiww/ud90uhak/bumperbot_ws/src/install/bumperbot_description/share/bumperbot_description/models/aws_robomaker_residential_PortraitA_02/meshes/aws_PortraitA_01_collision.DAE
[2.081s] -- Up-to-date: /home/eeiww/ud90uhak/bumperbot_ws/src/install/bumperbot_description/share/bumperbot_description/models/aws_robomaker_residential_PortraitA_02/model.sdf
[2.085s] -- Up-to-date: /home/eeiww/ud90uhak/bumperbot_ws/src/install/bumperbot_description/share/bumperbot_description/models/aws_robomaker_residential_PortraitA_02/model.config
[2.087s] -- Up-to-date: /home/eeiww/ud90uhak/bumperbot_ws/src/install/bumperbot_description/share/bumperbot_description/models/aws_robomaker_residential_PortraitA_02/materials
[2.089s] -- Up-to-date: /home/eeiww/ud90uhak/bumperbot_ws/src/install/bumperbot_description/share/bumperbot_description/models/aws_robomaker_residential_PortraitA_02/materials/textures
[2.091s] -- Up-to-date: /home/eeiww/ud90uhak/bumperbot_ws/src/install/bumperbot_description/share/bumperbot_description/models/aws_robomaker_residential_PortraitA_02/materials/textures/aws_PortraitA_01.png
[2.092s] -- Up-to-date: /home/eeiww/ud90uhak/bumperbot_ws/src/install/bumperbot_description/share/bumperbot_description/models/aws_robomaker_residential_PortraitA_02/materials/textures/aws_PortraitA_02.png
[2.093s] -- Up-to-date: /home/eeiww/ud90uhak/bumperbot_ws/src/install/bumperbot_description/share/bumperbot_description/models/aws_robomaker_warehouse_RoofB_01
[2.095s] -- Up-to-date: /home/eeiww/ud90uhak/bumperbot_ws/src/install/bumperbot_description/share/bumperbot_description/models/aws_robomaker_warehouse_RoofB_01/meshes
[2.097s] -- Up-to-date: /home/eeiww/ud90uhak/bumperbot_ws/src/install/bumperbot_description/share/bumperbot_description/models/aws_robomaker_warehouse_RoofB_01/meshes/aws_robomaker_warehouse_RoofB_01_collision.DAE
[2.098s] -- Up-to-date: /home/eeiww/ud90uhak/bumperbot_ws/src/install/bumperbot_description/share/bumperbot_description/models/aws_robomaker_warehouse_RoofB_01/meshes/aws_robomaker_warehouse_RoofB_01_visual.DAE
[2.100s] -- Up-to-date: /home/eeiww/ud90uhak/bumperbot_ws/src/install/bumperbot_description/share/bumperbot_description/models/aws_robomaker_warehouse_RoofB_01/model.sdf
[2.101s] -- Up-to-date: /home/eeiww/ud90uhak/bumperbot_ws/src/install/bumperbot_description/share/bumperbot_description/models/aws_robomaker_warehouse_RoofB_01/model.config
[2.101s] -- Up-to-date: /home/eeiww/ud90uhak/bumperbot_ws/src/install/bumperbot_description/share/bumperbot_description/models/aws_robomaker_warehouse_RoofB_01/materials
[2.103s] -- Up-to-date: /home/eeiww/ud90uhak/bumperbot_ws/src/install/bumperbot_description/share/bumperbot_description/models/aws_robomaker_warehouse_RoofB_01/materials/textures
[2.105s] -- Up-to-date: /home/eeiww/ud90uhak/bumperbot_ws/src/install/bumperbot_description/share/bumperbot_description/models/aws_robomaker_warehouse_RoofB_01/materials/textures/aws_robomaker_warehouse_RoofB_01.png
[2.106s] -- Up-to-date: /home/eeiww/ud90uhak/bumperbot_ws/src/install/bumperbot_description/share/bumperbot_description/models/aws_robomaker_residential_Vase_01
[2.107s] -- Up-to-date: /home/eeiww/ud90uhak/bumperbot_ws/src/install/bumperbot_description/share/bumperbot_description/models/aws_robomaker_residential_Vase_01/meshes
[2.110s] -- Up-to-date: /home/eeiww/ud90uhak/bumperbot_ws/src/install/bumperbot_description/share/bumperbot_description/models/aws_robomaker_residential_Vase_01/meshes/aws_Vase_01_collision.DAE
[2.110s] -- Up-to-date: /home/eeiww/ud90uhak/bumperbot_ws/src/install/bumperbot_description/share/bumperbot_description/models/aws_robomaker_residential_Vase_01/meshes/aws_Vase_01_visual.DAE
[2.111s] -- Up-to-date: /home/eeiww/ud90uhak/bumperbot_ws/src/install/bumperbot_description/share/bumperbot_description/models/aws_robomaker_residential_Vase_01/model.sdf
[2.113s] -- Up-to-date: /home/eeiww/ud90uhak/bumperbot_ws/src/install/bumperbot_description/share/bumperbot_description/models/aws_robomaker_residential_Vase_01/model.config
[2.113s] -- Up-to-date: /home/eeiww/ud90uhak/bumperbot_ws/src/install/bumperbot_description/share/bumperbot_description/models/aws_robomaker_residential_Vase_01/materials
[2.115s] -- Up-to-date: /home/eeiww/ud90uhak/bumperbot_ws/src/install/bumperbot_description/share/bumperbot_description/models/aws_robomaker_residential_Vase_01/materials/textures
[2.117s] -- Up-to-date: /home/eeiww/ud90uhak/bumperbot_ws/src/install/bumperbot_description/share/bumperbot_description/models/aws_robomaker_residential_Vase_01/materials/textures/aws_Vase_01.png
[2.118s] -- Up-to-date: /home/eeiww/ud90uhak/bumperbot_ws/src/install/bumperbot_description/share/bumperbot_description/models/aws_robomaker_residential_PortraitE_02
[2.120s] -- Up-to-date: /home/eeiww/ud90uhak/bumperbot_ws/src/install/bumperbot_description/share/bumperbot_description/models/aws_robomaker_residential_PortraitE_02/meshes
[2.122s] -- Up-to-date: /home/eeiww/ud90uhak/bumperbot_ws/src/install/bumperbot_description/share/bumperbot_description/models/aws_robomaker_residential_PortraitE_02/meshes/aws_PortraitE_01_collision.DAE
[2.123s] -- Up-to-date: /home/eeiww/ud90uhak/bumperbot_ws/src/install/bumperbot_description/share/bumperbot_description/models/aws_robomaker_residential_PortraitE_02/meshes/aws_PortraitE_01_visual.DAE
[2.125s] -- Up-to-date: /home/eeiww/ud90uhak/bumperbot_ws/src/install/bumperbot_description/share/bumperbot_description/models/aws_robomaker_residential_PortraitE_02/model.sdf
[2.125s] -- Up-to-date: /home/eeiww/ud90uhak/bumperbot_ws/src/install/bumperbot_description/share/bumperbot_description/models/aws_robomaker_residential_PortraitE_02/model.config
[2.129s] -- Up-to-date: /home/eeiww/ud90uhak/bumperbot_ws/src/install/bumperbot_description/share/bumperbot_description/models/aws_robomaker_residential_PortraitE_02/materials
[2.132s] -- Up-to-date: /home/eeiww/ud90uhak/bumperbot_ws/src/install/bumperbot_description/share/bumperbot_description/models/aws_robomaker_residential_PortraitE_02/materials/textures
[2.133s] -- Up-to-date: /home/eeiww/ud90uhak/bumperbot_ws/src/install/bumperbot_description/share/bumperbot_description/models/aws_robomaker_residential_PortraitE_02/materials/textures/aws_PortraitE_02.png
[2.134s] -- Up-to-date: /home/eeiww/ud90uhak/bumperbot_ws/src/install/bumperbot_description/share/bumperbot_description/models/aws_robomaker_residential_PortraitE_02/materials/textures/aws_PortraitE_01.png
[2.136s] -- Up-to-date: /home/eeiww/ud90uhak/bumperbot_ws/src/install/bumperbot_description/share/bumperbot_description/models/aws_robomaker_residential_Door_01
[2.137s] -- Up-to-date: /home/eeiww/ud90uhak/bumperbot_ws/src/install/bumperbot_description/share/bumperbot_description/models/aws_robomaker_residential_Door_01/meshes
[2.139s] -- Up-to-date: /home/eeiww/ud90uhak/bumperbot_ws/src/install/bumperbot_description/share/bumperbot_description/models/aws_robomaker_residential_Door_01/meshes/aws_Door_01_collision.DAE
[2.140s] -- Up-to-date: /home/eeiww/ud90uhak/bumperbot_ws/src/install/bumperbot_description/share/bumperbot_description/models/aws_robomaker_residential_Door_01/meshes/aws_Door_01_visual.DAE
[2.148s] -- Up-to-date: /home/eeiww/ud90uhak/bumperbot_ws/src/install/bumperbot_description/share/bumperbot_description/models/aws_robomaker_residential_Door_01/model.sdf
[2.148s] -- Up-to-date: /home/eeiww/ud90uhak/bumperbot_ws/src/install/bumperbot_description/share/bumperbot_description/models/aws_robomaker_residential_Door_01/model.config
[2.148s] -- Up-to-date: /home/eeiww/ud90uhak/bumperbot_ws/src/install/bumperbot_description/share/bumperbot_description/models/aws_robomaker_residential_Door_01/materials
[2.148s] -- Up-to-date: /home/eeiww/ud90uhak/bumperbot_ws/src/install/bumperbot_description/share/bumperbot_description/models/aws_robomaker_residential_Door_01/materials/textures
[2.148s] -- Up-to-date: /home/eeiww/ud90uhak/bumperbot_ws/src/install/bumperbot_description/share/bumperbot_description/models/aws_robomaker_residential_Door_01/materials/textures/aws_Door_01.png
[2.150s] -- Up-to-date: /home/eeiww/ud90uhak/bumperbot_ws/src/install/bumperbot_description/share/bumperbot_description/models/aws_robomaker_warehouse_ClutteringA_01
[2.151s] -- Up-to-date: /home/eeiww/ud90uhak/bumperbot_ws/src/install/bumperbot_description/share/bumperbot_description/models/aws_robomaker_warehouse_ClutteringA_01/meshes
[2.154s] -- Up-to-date: /home/eeiww/ud90uhak/bumperbot_ws/src/install/bumperbot_description/share/bumperbot_description/models/aws_robomaker_warehouse_ClutteringA_01/meshes/aws_robomaker_warehouse_ClutteringA_01_collision.DAE
[2.155s] -- Up-to-date: /home/eeiww/ud90uhak/bumperbot_ws/src/install/bumperbot_description/share/bumperbot_description/models/aws_robomaker_warehouse_ClutteringA_01/meshes/aws_robomaker_warehouse_ClutteringA_01_visual.DAE
[2.156s] -- Up-to-date: /home/eeiww/ud90uhak/bumperbot_ws/src/install/bumperbot_description/share/bumperbot_description/models/aws_robomaker_warehouse_ClutteringA_01/model.sdf
[2.157s] -- Up-to-date: /home/eeiww/ud90uhak/bumperbot_ws/src/install/bumperbot_description/share/bumperbot_description/models/aws_robomaker_warehouse_ClutteringA_01/.DS_Store
[2.158s] -- Up-to-date: /home/eeiww/ud90uhak/bumperbot_ws/src/install/bumperbot_description/share/bumperbot_description/models/aws_robomaker_warehouse_ClutteringA_01/model.config
[2.159s] -- Up-to-date: /home/eeiww/ud90uhak/bumperbot_ws/src/install/bumperbot_description/share/bumperbot_description/models/aws_robomaker_warehouse_ClutteringA_01/materials
[2.161s] -- Up-to-date: /home/eeiww/ud90uhak/bumperbot_ws/src/install/bumperbot_description/share/bumperbot_description/models/aws_robomaker_warehouse_ClutteringA_01/materials/textures
[2.163s] -- Up-to-date: /home/eeiww/ud90uhak/bumperbot_ws/src/install/bumperbot_description/share/bumperbot_description/models/aws_robomaker_warehouse_ClutteringA_01/materials/textures/aws_robomaker_warehouse_ClutteringA_02.png
[2.164s] -- Up-to-date: /home/eeiww/ud90uhak/bumperbot_ws/src/install/bumperbot_description/share/bumperbot_description/models/aws_robomaker_warehouse_ClutteringA_01/materials/textures/aws_robomaker_warehouse_ClutteringA_01.png
[2.165s] -- Up-to-date: /home/eeiww/ud90uhak/bumperbot_ws/src/install/bumperbot_description/share/bumperbot_description/models/aws_robomaker_warehouse_ClutteringA_01/materials/textures/.DS_Store
[2.166s] -- Up-to-date: /home/eeiww/ud90uhak/bumperbot_ws/src/install/bumperbot_description/share/bumperbot_description/models/aws_robomaker_warehouse_ClutteringA_01/materials/textures/aws_robomaker_warehouse_ClutteringA_03.png
[2.167s] -- Up-to-date: /home/eeiww/ud90uhak/bumperbot_ws/src/install/bumperbot_description/share/bumperbot_description/models/aws_robomaker_warehouse_ClutteringA_01/materials/.DS_Store
[2.168s] -- Up-to-date: /home/eeiww/ud90uhak/bumperbot_ws/src/install/bumperbot_description/share/bumperbot_description/models/aws_robomaker_residential_PortraitD_01
[2.171s] -- Up-to-date: /home/eeiww/ud90uhak/bumperbot_ws/src/install/bumperbot_description/share/bumperbot_description/models/aws_robomaker_residential_PortraitD_01/meshes
[2.172s] -- Up-to-date: /home/eeiww/ud90uhak/bumperbot_ws/src/install/bumperbot_description/share/bumperbot_description/models/aws_robomaker_residential_PortraitD_01/meshes/aws_PortraitD_01_collision.DAE
[2.173s] -- Up-to-date: /home/eeiww/ud90uhak/bumperbot_ws/src/install/bumperbot_description/share/bumperbot_description/models/aws_robomaker_residential_PortraitD_01/meshes/aws_PortraitD_01_visual.DAE
[2.177s] -- Up-to-date: /home/eeiww/ud90uhak/bumperbot_ws/src/install/bumperbot_description/share/bumperbot_description/models/aws_robomaker_residential_PortraitD_01/model.sdf
[2.179s] -- Up-to-date: /home/eeiww/ud90uhak/bumperbot_ws/src/install/bumperbot_description/share/bumperbot_description/models/aws_robomaker_residential_PortraitD_01/model.config
[2.180s] -- Up-to-date: /home/eeiww/ud90uhak/bumperbot_ws/src/install/bumperbot_description/share/bumperbot_description/models/aws_robomaker_residential_PortraitD_01/materials
[2.183s] -- Up-to-date: /home/eeiww/ud90uhak/bumperbot_ws/src/install/bumperbot_description/share/bumperbot_description/models/aws_robomaker_residential_PortraitD_01/materials/textures
[2.185s] -- Up-to-date: /home/eeiww/ud90uhak/bumperbot_ws/src/install/bumperbot_description/share/bumperbot_description/models/aws_robomaker_residential_PortraitD_01/materials/textures/aws_PortraitD_01.png
[2.185s] -- Up-to-date: /home/eeiww/ud90uhak/bumperbot_ws/src/install/bumperbot_description/share/bumperbot_description/models/aws_robomaker_residential_PortraitD_01/materials/textures/aws_PortraitD_02.png
[2.186s] -- Up-to-date: /home/eeiww/ud90uhak/bumperbot_ws/src/install/bumperbot_description/share/bumperbot_description/models/aws_robomaker_residential_DeskPortraitA_02
[2.188s] -- Up-to-date: /home/eeiww/ud90uhak/bumperbot_ws/src/install/bumperbot_description/share/bumperbot_description/models/aws_robomaker_residential_DeskPortraitA_02/meshes
[2.190s] -- Up-to-date: /home/eeiww/ud90uhak/bumperbot_ws/src/install/bumperbot_description/share/bumperbot_description/models/aws_robomaker_residential_DeskPortraitA_02/meshes/aws_DeskPortraitA_01_visual.DAE
[2.191s] -- Up-to-date: /home/eeiww/ud90uhak/bumperbot_ws/src/install/bumperbot_description/share/bumperbot_description/models/aws_robomaker_residential_DeskPortraitA_02/meshes/aws_DeskPortraitA_01_collision.DAE
[2.192s] -- Up-to-date: /home/eeiww/ud90uhak/bumperbot_ws/src/install/bumperbot_description/share/bumperbot_description/models/aws_robomaker_residential_DeskPortraitA_02/model.sdf
[2.193s] -- Up-to-date: /home/eeiww/ud90uhak/bumperbot_ws/src/install/bumperbot_description/share/bumperbot_description/models/aws_robomaker_residential_DeskPortraitA_02/model.config
[2.194s] -- Up-to-date: /home/eeiww/ud90uhak/bumperbot_ws/src/install/bumperbot_description/share/bumperbot_description/models/aws_robomaker_residential_DeskPortraitA_02/materials
[2.196s] -- Up-to-date: /home/eeiww/ud90uhak/bumperbot_ws/src/install/bumperbot_description/share/bumperbot_description/models/aws_robomaker_residential_DeskPortraitA_02/materials/textures
[2.198s] -- Up-to-date: /home/eeiww/ud90uhak/bumperbot_ws/src/install/bumperbot_description/share/bumperbot_description/models/aws_robomaker_residential_DeskPortraitA_02/materials/textures/aws_DeskPortraitA_02.png
[2.198s] -- Up-to-date: /home/eeiww/ud90uhak/bumperbot_ws/src/install/bumperbot_description/share/bumperbot_description/models/aws_robomaker_residential_DeskPortraitA_02/materials/textures/aws_DeskPortraitA_01.png
[2.199s] -- Up-to-date: /home/eeiww/ud90uhak/bumperbot_ws/src/install/bumperbot_description/share/bumperbot_description/models/aws_robomaker_residential_AirconditionerA_01
[2.201s] -- Up-to-date: /home/eeiww/ud90uhak/bumperbot_ws/src/install/bumperbot_description/share/bumperbot_description/models/aws_robomaker_residential_AirconditionerA_01/meshes
[2.203s] -- Up-to-date: /home/eeiww/ud90uhak/bumperbot_ws/src/install/bumperbot_description/share/bumperbot_description/models/aws_robomaker_residential_AirconditionerA_01/meshes/aws__Air conditioner_01.DAE
[2.204s] -- Up-to-date: /home/eeiww/ud90uhak/bumperbot_ws/src/install/bumperbot_description/share/bumperbot_description/models/aws_robomaker_residential_AirconditionerA_01/meshes/aws_AirconditionerA_01_collision.DAE
[2.205s] -- Up-to-date: /home/eeiww/ud90uhak/bumperbot_ws/src/install/bumperbot_description/share/bumperbot_description/models/aws_robomaker_residential_AirconditionerA_01/meshes/aws_AirconditionerA_01_visual.DAE
[2.206s] -- Up-to-date: /home/eeiww/ud90uhak/bumperbot_ws/src/install/bumperbot_description/share/bumperbot_description/models/aws_robomaker_residential_AirconditionerA_01/model.sdf
[2.210s] -- Up-to-date: /home/eeiww/ud90uhak/bumperbot_ws/src/install/bumperbot_description/share/bumperbot_description/models/aws_robomaker_residential_AirconditionerA_01/model.config
[2.210s] -- Up-to-date: /home/eeiww/ud90uhak/bumperbot_ws/src/install/bumperbot_description/share/bumperbot_description/models/aws_robomaker_residential_AirconditionerA_01/materials
[2.211s] -- Up-to-date: /home/eeiww/ud90uhak/bumperbot_ws/src/install/bumperbot_description/share/bumperbot_description/models/aws_robomaker_residential_AirconditionerA_01/materials/textures
[2.211s] -- Up-to-date: /home/eeiww/ud90uhak/bumperbot_ws/src/install/bumperbot_description/share/bumperbot_description/models/aws_robomaker_residential_AirconditionerA_01/materials/textures/aws_AirconditionerA_01.png
[2.213s] -- Up-to-date: /home/eeiww/ud90uhak/bumperbot_ws/src/install/bumperbot_description/share/bumperbot_description/worlds
[2.214s] -- Up-to-date: /home/eeiww/ud90uhak/bumperbot_ws/src/install/bumperbot_description/share/bumperbot_description/worlds/empty.world
[2.215s] -- Up-to-date: /home/eeiww/ud90uhak/bumperbot_ws/src/install/bumperbot_description/share/bumperbot_description/worlds/small_warehouse.world
[2.216s] -- Up-to-date: /home/eeiww/ud90uhak/bumperbot_ws/src/install/bumperbot_description/share/bumperbot_description/worlds/small_house.world
[2.217s] -- Up-to-date: /home/eeiww/ud90uhak/bumperbot_ws/src/install/bumperbot_description/share/bumperbot_description/photos
[2.219s] -- Up-to-date: /home/eeiww/ud90uhak/bumperbot_ws/src/install/bumperbot_description/share/bumperbot_description/photos/PortraitA_01.jpg
[2.221s] -- Up-to-date: /home/eeiww/ud90uhak/bumperbot_ws/src/install/bumperbot_description/share/bumperbot_description/photos/PortraitE_01.jpg
[2.221s] -- Up-to-date: /home/eeiww/ud90uhak/bumperbot_ws/src/install/bumperbot_description/share/bumperbot_description/photos/DeskPortraitC_02.jpg
[2.222s] -- Up-to-date: /home/eeiww/ud90uhak/bumperbot_ws/src/install/bumperbot_description/share/bumperbot_description/photos/DeskPortraitD_02.jpg
[2.224s] -- Up-to-date: /home/eeiww/ud90uhak/bumperbot_ws/src/install/bumperbot_description/share/bumperbot_description/photos/PortraitB_02.jpg
[2.225s] -- Up-to-date: /home/eeiww/ud90uhak/bumperbot_ws/src/install/bumperbot_description/share/bumperbot_description/photos/DeskPortraitD_01.jpg
[2.226s] -- Up-to-date: /home/eeiww/ud90uhak/bumperbot_ws/src/install/bumperbot_description/share/bumperbot_description/photos/DeskPortraitA_01.jpg
[2.227s] -- Up-to-date: /home/eeiww/ud90uhak/bumperbot_ws/src/install/bumperbot_description/share/bumperbot_description/photos/DeskPortraitC_01.jpg
[2.228s] -- Up-to-date: /home/eeiww/ud90uhak/bumperbot_ws/src/install/bumperbot_description/share/bumperbot_description/photos/PortraitD_01.jpg
[2.230s] -- Up-to-date: /home/eeiww/ud90uhak/bumperbot_ws/src/install/bumperbot_description/share/bumperbot_description/photos/PortraitE_02.jpg
[2.230s] -- Up-to-date: /home/eeiww/ud90uhak/bumperbot_ws/src/install/bumperbot_description/share/bumperbot_description/photos/DeskPortraitB_02.jpg
[2.231s] -- Up-to-date: /home/eeiww/ud90uhak/bumperbot_ws/src/install/bumperbot_description/share/bumperbot_description/photos/PortraitC_01.jpg
[2.232s] -- Up-to-date: /home/eeiww/ud90uhak/bumperbot_ws/src/install/bumperbot_description/share/bumperbot_description/photos/PortraitD_02.jpg
[2.233s] -- Up-to-date: /home/eeiww/ud90uhak/bumperbot_ws/src/install/bumperbot_description/share/bumperbot_description/photos/PortraitB_01.jpg
[2.235s] -- Up-to-date: /home/eeiww/ud90uhak/bumperbot_ws/src/install/bumperbot_description/share/bumperbot_description/photos/DeskPortraitD_04.jpg
[2.236s] -- Up-to-date: /home/eeiww/ud90uhak/bumperbot_ws/src/install/bumperbot_description/share/bumperbot_description/photos/DeskPortraitD_03.jpg
[2.237s] -- Up-to-date: /home/eeiww/ud90uhak/bumperbot_ws/src/install/bumperbot_description/share/bumperbot_description/photos/DeskPortraitA_02.jpg
[2.238s] -- Up-to-date: /home/eeiww/ud90uhak/bumperbot_ws/src/install/bumperbot_description/share/bumperbot_description/photos/DeskPortraitB_01.jpg
[2.240s] -- Up-to-date: /home/eeiww/ud90uhak/bumperbot_ws/src/install/bumperbot_description/share/bumperbot_description/photos/PortraitA_02.jpg
[2.240s] -- Up-to-date: /home/eeiww/ud90uhak/bumperbot_ws/src/install/bumperbot_description/share/bumperbot_description/photos/PortraitB_03.jpg
[2.243s] -- Up-to-date: /home/eeiww/ud90uhak/bumperbot_ws/src/install/bumperbot_description/share/ament_index/resource_index/package_run_dependencies/bumperbot_description
[2.244s] -- Up-to-date: /home/eeiww/ud90uhak/bumperbot_ws/src/install/bumperbot_description/share/ament_index/resource_index/parent_prefix_path/bumperbot_description
[2.246s] -- Up-to-date: /home/eeiww/ud90uhak/bumperbot_ws/src/install/bumperbot_description/share/bumperbot_description/environment/ament_prefix_path.sh
[2.247s] -- Up-to-date: /home/eeiww/ud90uhak/bumperbot_ws/src/install/bumperbot_description/share/bumperbot_description/environment/ament_prefix_path.dsv
[2.248s] -- Up-to-date: /home/eeiww/ud90uhak/bumperbot_ws/src/install/bumperbot_description/share/bumperbot_description/environment/path.sh
[2.253s] -- Up-to-date: /home/eeiww/ud90uhak/bumperbot_ws/src/install/bumperbot_description/share/bumperbot_description/environment/path.dsv
[2.253s] -- Up-to-date: /home/eeiww/ud90uhak/bumperbot_ws/src/install/bumperbot_description/share/bumperbot_description/local_setup.bash
[2.254s] -- Up-to-date: /home/eeiww/ud90uhak/bumperbot_ws/src/install/bumperbot_description/share/bumperbot_description/local_setup.sh
[2.254s] -- Up-to-date: /home/eeiww/ud90uhak/bumperbot_ws/src/install/bumperbot_description/share/bumperbot_description/local_setup.zsh
[2.255s] -- Up-to-date: /home/eeiww/ud90uhak/bumperbot_ws/src/install/bumperbot_description/share/bumperbot_description/local_setup.dsv
[2.255s] -- Up-to-date: /home/eeiww/ud90uhak/bumperbot_ws/src/install/bumperbot_description/share/bumperbot_description/package.dsv
[2.255s] -- Up-to-date: /home/eeiww/ud90uhak/bumperbot_ws/src/install/bumperbot_description/share/ament_index/resource_index/packages/bumperbot_description
[2.255s] -- Up-to-date: /home/eeiww/ud90uhak/bumperbot_ws/src/install/bumperbot_description/share/bumperbot_description/cmake/bumperbot_descriptionConfig.cmake
[2.256s] -- Up-to-date: /home/eeiww/ud90uhak/bumperbot_ws/src/install/bumperbot_description/share/bumperbot_description/cmake/bumperbot_descriptionConfig-version.cmake
[2.257s] -- Up-to-date: /home/eeiww/ud90uhak/bumperbot_ws/src/install/bumperbot_description/share/bumperbot_description/package.xml
[2.265s] Invoked command in '/home/eeiww/ud90uhak/bumperbot_ws/src/build/bumperbot_description' returned '0': CMAKE_PREFIX_PATH=${CMAKE_PREFIX_PATH}:/opt/ros/jazzy DEBUGINFOD_URLS=https://debuginfod.ubuntu.com /usr/bin/cmake --install /home/eeiww/ud90uhak/bumperbot_ws/src/build/bumperbot_description
