[0.107s] DEBUG:colcon:Command line arguments: ['/usr/bin/colcon', 'build']
[0.107s] DEBUG:colcon:Parsed command line arguments: Namespace(log_base=None, log_level=None, verb_name='build', build_base='build', install_base='install', merge_install=False, symlink_install=False, test_result_base=None, continue_on_error=False, executor='parallel', parallel_workers=8, event_handlers=None, ignore_user_meta=False, metas=['./colcon.meta'], base_paths=['.'], packages_ignore=None, packages_ignore_regex=None, paths=None, packages_up_to=None, packages_up_to_regex=None, packages_above=None, packages_above_and_dependencies=None, packages_above_depth=None, packages_select_by_dep=None, packages_skip_by_dep=None, packages_skip_up_to=None, packages_select_build_failed=False, packages_skip_build_finished=False, packages_select_test_failures=False, packages_skip_test_passed=False, packages_select=None, packages_skip=None, packages_select_regex=None, packages_skip_regex=None, packages_start=None, packages_end=None, allow_overriding=[], cmake_args=None, cmake_target=None, cmake_target_skip_unavailable=False, cmake_clean_cache=False, cmake_clean_first=False, cmake_force_configure=False, ament_cmake_args=None, catkin_cmake_args=None, catkin_skip_building_tests=False, mixin_files=None, mixin=None, verb_parser=<colcon_mixin.mixin.mixin_argument.MixinArgumentDecorator object at 0x722ff58e3c80>, verb_extension=<colcon_core.verb.build.BuildVerb object at 0x722ff5879b80>, main=<bound method BuildVerb.main of <colcon_core.verb.build.BuildVerb object at 0x722ff5879b80>>, mixin_verb=('build',))
[0.144s] Level 1:colcon.colcon_core.package_discovery:discover_packages(colcon_meta) check parameters
[0.145s] Level 1:colcon.colcon_core.package_discovery:discover_packages(recursive) check parameters
[0.145s] Level 1:colcon.colcon_core.package_discovery:discover_packages(ignore) check parameters
[0.145s] Level 1:colcon.colcon_core.package_discovery:discover_packages(path) check parameters
[0.145s] Level 1:colcon.colcon_core.package_discovery:discover_packages(colcon_meta) discover
[0.146s] Level 1:colcon.colcon_core.package_discovery:discover_packages(recursive) discover
[0.146s] INFO:colcon.colcon_core.package_discovery:Crawling recursively for packages in '/home/eeiww/ud90uhak/bumperbot_ws/src'
[0.147s] Level 1:colcon.colcon_core.package_identification:_identify(.) by extensions ['ignore', 'ignore_ament_install']
[0.147s] Level 1:colcon.colcon_core.package_identification:_identify(.) by extension 'ignore'
[0.148s] Level 1:colcon.colcon_core.package_identification:_identify(.) by extension 'ignore_ament_install'
[0.149s] Level 1:colcon.colcon_core.package_identification:_identify(.) by extensions ['colcon_pkg']
[0.149s] Level 1:colcon.colcon_core.package_identification:_identify(.) by extension 'colcon_pkg'
[0.150s] Level 1:colcon.colcon_core.package_identification:_identify(.) by extensions ['colcon_meta']
[0.150s] Level 1:colcon.colcon_core.package_identification:_identify(.) by extension 'colcon_meta'
[0.150s] Level 1:colcon.colcon_core.package_identification:_identify(.) by extensions ['ros']
[0.150s] Level 1:colcon.colcon_core.package_identification:_identify(.) by extension 'ros'
[0.172s] Level 1:colcon.colcon_core.package_identification:_identify(.) by extensions ['cmake', 'python']
[0.172s] Level 1:colcon.colcon_core.package_identification:_identify(.) by extension 'cmake'
[0.172s] Level 1:colcon.colcon_core.package_identification:_identify(.) by extension 'python'
[0.173s] Level 1:colcon.colcon_core.package_identification:_identify(.) by extensions ['python_setup_py']
[0.173s] Level 1:colcon.colcon_core.package_identification:_identify(.) by extension 'python_setup_py'
[0.174s] Level 1:colcon.colcon_core.package_identification:_identify(build) by extensions ['ignore', 'ignore_ament_install']
[0.174s] Level 1:colcon.colcon_core.package_identification:_identify(build) by extension 'ignore'
[0.175s] Level 1:colcon.colcon_core.package_identification:_identify(build) ignored
[0.176s] Level 1:colcon.colcon_core.package_identification:_identify(bumperbot_bringup) by extensions ['ignore', 'ignore_ament_install']
[0.177s] Level 1:colcon.colcon_core.package_identification:_identify(bumperbot_bringup) by extension 'ignore'
[0.178s] Level 1:colcon.colcon_core.package_identification:_identify(bumperbot_bringup) by extension 'ignore_ament_install'
[0.179s] Level 1:colcon.colcon_core.package_identification:_identify(bumperbot_bringup) by extensions ['colcon_pkg']
[0.179s] Level 1:colcon.colcon_core.package_identification:_identify(bumperbot_bringup) by extension 'colcon_pkg'
[0.180s] Level 1:colcon.colcon_core.package_identification:_identify(bumperbot_bringup) by extensions ['colcon_meta']
[0.180s] Level 1:colcon.colcon_core.package_identification:_identify(bumperbot_bringup) by extension 'colcon_meta'
[0.180s] Level 1:colcon.colcon_core.package_identification:_identify(bumperbot_bringup) by extensions ['ros']
[0.181s] Level 1:colcon.colcon_core.package_identification:_identify(bumperbot_bringup) by extension 'ros'
[0.186s] DEBUG:colcon.colcon_core.package_identification:Package 'bumperbot_bringup' with type 'ros.ament_cmake' and name 'bumperbot_bringup'
[0.186s] Level 1:colcon.colcon_core.package_identification:_identify(bumperbot_controller) by extensions ['ignore', 'ignore_ament_install']
[0.186s] Level 1:colcon.colcon_core.package_identification:_identify(bumperbot_controller) by extension 'ignore'
[0.187s] Level 1:colcon.colcon_core.package_identification:_identify(bumperbot_controller) by extension 'ignore_ament_install'
[0.188s] Level 1:colcon.colcon_core.package_identification:_identify(bumperbot_controller) by extensions ['colcon_pkg']
[0.188s] Level 1:colcon.colcon_core.package_identification:_identify(bumperbot_controller) by extension 'colcon_pkg'
[0.188s] Level 1:colcon.colcon_core.package_identification:_identify(bumperbot_controller) by extensions ['colcon_meta']
[0.188s] Level 1:colcon.colcon_core.package_identification:_identify(bumperbot_controller) by extension 'colcon_meta'
[0.188s] Level 1:colcon.colcon_core.package_identification:_identify(bumperbot_controller) by extensions ['ros']
[0.189s] Level 1:colcon.colcon_core.package_identification:_identify(bumperbot_controller) by extension 'ros'
[0.193s] DEBUG:colcon.colcon_core.package_identification:Package 'bumperbot_controller' with type 'ros.ament_cmake' and name 'bumperbot_controller'
[0.194s] Level 1:colcon.colcon_core.package_identification:_identify(bumperbot_cpp_examples) by extensions ['ignore', 'ignore_ament_install']
[0.194s] Level 1:colcon.colcon_core.package_identification:_identify(bumperbot_cpp_examples) by extension 'ignore'
[0.194s] Level 1:colcon.colcon_core.package_identification:_identify(bumperbot_cpp_examples) by extension 'ignore_ament_install'
[0.195s] Level 1:colcon.colcon_core.package_identification:_identify(bumperbot_cpp_examples) by extensions ['colcon_pkg']
[0.195s] Level 1:colcon.colcon_core.package_identification:_identify(bumperbot_cpp_examples) by extension 'colcon_pkg'
[0.196s] Level 1:colcon.colcon_core.package_identification:_identify(bumperbot_cpp_examples) by extensions ['colcon_meta']
[0.196s] Level 1:colcon.colcon_core.package_identification:_identify(bumperbot_cpp_examples) by extension 'colcon_meta'
[0.197s] Level 1:colcon.colcon_core.package_identification:_identify(bumperbot_cpp_examples) by extensions ['ros']
[0.198s] Level 1:colcon.colcon_core.package_identification:_identify(bumperbot_cpp_examples) by extension 'ros'
[0.202s] DEBUG:colcon.colcon_core.package_identification:Package 'bumperbot_cpp_examples' with type 'ros.ament_cmake' and name 'bumperbot_cpp_examples'
[0.203s] Level 1:colcon.colcon_core.package_identification:_identify(bumperbot_description) by extensions ['ignore', 'ignore_ament_install']
[0.203s] Level 1:colcon.colcon_core.package_identification:_identify(bumperbot_description) by extension 'ignore'
[0.204s] Level 1:colcon.colcon_core.package_identification:_identify(bumperbot_description) by extension 'ignore_ament_install'
[0.206s] Level 1:colcon.colcon_core.package_identification:_identify(bumperbot_description) by extensions ['colcon_pkg']
[0.206s] Level 1:colcon.colcon_core.package_identification:_identify(bumperbot_description) by extension 'colcon_pkg'
[0.206s] Level 1:colcon.colcon_core.package_identification:_identify(bumperbot_description) by extensions ['colcon_meta']
[0.207s] Level 1:colcon.colcon_core.package_identification:_identify(bumperbot_description) by extension 'colcon_meta'
[0.207s] Level 1:colcon.colcon_core.package_identification:_identify(bumperbot_description) by extensions ['ros']
[0.207s] Level 1:colcon.colcon_core.package_identification:_identify(bumperbot_description) by extension 'ros'
[0.213s] DEBUG:colcon.colcon_core.package_identification:Package 'bumperbot_description' with type 'ros.ament_cmake' and name 'bumperbot_description'
[0.213s] Level 1:colcon.colcon_core.package_identification:_identify(bumperbot_firmware) by extensions ['ignore', 'ignore_ament_install']
[0.213s] Level 1:colcon.colcon_core.package_identification:_identify(bumperbot_firmware) by extension 'ignore'
[0.214s] Level 1:colcon.colcon_core.package_identification:_identify(bumperbot_firmware) by extension 'ignore_ament_install'
[0.215s] Level 1:colcon.colcon_core.package_identification:_identify(bumperbot_firmware) by extensions ['colcon_pkg']
[0.215s] Level 1:colcon.colcon_core.package_identification:_identify(bumperbot_firmware) by extension 'colcon_pkg'
[0.216s] Level 1:colcon.colcon_core.package_identification:_identify(bumperbot_firmware) by extensions ['colcon_meta']
[0.216s] Level 1:colcon.colcon_core.package_identification:_identify(bumperbot_firmware) by extension 'colcon_meta'
[0.216s] Level 1:colcon.colcon_core.package_identification:_identify(bumperbot_firmware) by extensions ['ros']
[0.217s] Level 1:colcon.colcon_core.package_identification:_identify(bumperbot_firmware) by extension 'ros'
[0.221s] DEBUG:colcon.colcon_core.package_identification:Package 'bumperbot_firmware' with type 'ros.ament_cmake' and name 'bumperbot_firmware'
[0.222s] Level 1:colcon.colcon_core.package_identification:_identify(bumperbot_localization) by extensions ['ignore', 'ignore_ament_install']
[0.222s] Level 1:colcon.colcon_core.package_identification:_identify(bumperbot_localization) by extension 'ignore'
[0.223s] Level 1:colcon.colcon_core.package_identification:_identify(bumperbot_localization) by extension 'ignore_ament_install'
[0.224s] Level 1:colcon.colcon_core.package_identification:_identify(bumperbot_localization) by extensions ['colcon_pkg']
[0.224s] Level 1:colcon.colcon_core.package_identification:_identify(bumperbot_localization) by extension 'colcon_pkg'
[0.225s] Level 1:colcon.colcon_core.package_identification:_identify(bumperbot_localization) by extensions ['colcon_meta']
[0.225s] Level 1:colcon.colcon_core.package_identification:_identify(bumperbot_localization) by extension 'colcon_meta'
[0.225s] Level 1:colcon.colcon_core.package_identification:_identify(bumperbot_localization) by extensions ['ros']
[0.225s] Level 1:colcon.colcon_core.package_identification:_identify(bumperbot_localization) by extension 'ros'
[0.228s] DEBUG:colcon.colcon_core.package_identification:Package 'bumperbot_localization' with type 'ros.ament_cmake' and name 'bumperbot_localization'
[0.228s] Level 1:colcon.colcon_core.package_identification:_identify(bumperbot_msgs) by extensions ['ignore', 'ignore_ament_install']
[0.229s] Level 1:colcon.colcon_core.package_identification:_identify(bumperbot_msgs) by extension 'ignore'
[0.230s] Level 1:colcon.colcon_core.package_identification:_identify(bumperbot_msgs) by extension 'ignore_ament_install'
[0.231s] Level 1:colcon.colcon_core.package_identification:_identify(bumperbot_msgs) by extensions ['colcon_pkg']
[0.231s] Level 1:colcon.colcon_core.package_identification:_identify(bumperbot_msgs) by extension 'colcon_pkg'
[0.231s] Level 1:colcon.colcon_core.package_identification:_identify(bumperbot_msgs) by extensions ['colcon_meta']
[0.231s] Level 1:colcon.colcon_core.package_identification:_identify(bumperbot_msgs) by extension 'colcon_meta'
[0.231s] Level 1:colcon.colcon_core.package_identification:_identify(bumperbot_msgs) by extensions ['ros']
[0.232s] Level 1:colcon.colcon_core.package_identification:_identify(bumperbot_msgs) by extension 'ros'
[0.235s] DEBUG:colcon.colcon_core.package_identification:Package 'bumperbot_msgs' with type 'ros.ament_cmake' and name 'bumperbot_msgs'
[0.235s] Level 1:colcon.colcon_core.package_identification:_identify(bumperbot_py_examples) by extensions ['ignore', 'ignore_ament_install']
[0.235s] Level 1:colcon.colcon_core.package_identification:_identify(bumperbot_py_examples) by extension 'ignore'
[0.236s] Level 1:colcon.colcon_core.package_identification:_identify(bumperbot_py_examples) by extension 'ignore_ament_install'
[0.237s] Level 1:colcon.colcon_core.package_identification:_identify(bumperbot_py_examples) by extensions ['colcon_pkg']
[0.237s] Level 1:colcon.colcon_core.package_identification:_identify(bumperbot_py_examples) by extension 'colcon_pkg'
[0.237s] Level 1:colcon.colcon_core.package_identification:_identify(bumperbot_py_examples) by extensions ['colcon_meta']
[0.237s] Level 1:colcon.colcon_core.package_identification:_identify(bumperbot_py_examples) by extension 'colcon_meta'
[0.238s] Level 1:colcon.colcon_core.package_identification:_identify(bumperbot_py_examples) by extensions ['ros']
[0.238s] Level 1:colcon.colcon_core.package_identification:_identify(bumperbot_py_examples) by extension 'ros'
[0.241s] DEBUG:colcon.colcon_core.package_identification:Package 'bumperbot_py_examples' with type 'ros.ament_python' and name 'bumperbot_py_examples'
[0.242s] Level 1:colcon.colcon_core.package_identification:_identify(install) by extensions ['ignore', 'ignore_ament_install']
[0.242s] Level 1:colcon.colcon_core.package_identification:_identify(install) by extension 'ignore'
[0.242s] Level 1:colcon.colcon_core.package_identification:_identify(install) ignored
[0.244s] Level 1:colcon.colcon_core.package_identification:_identify(log) by extensions ['ignore', 'ignore_ament_install']
[0.244s] Level 1:colcon.colcon_core.package_identification:_identify(log) by extension 'ignore'
[0.245s] Level 1:colcon.colcon_core.package_identification:_identify(log) ignored
[0.245s] Level 1:colcon.colcon_core.package_discovery:discover_packages(recursive) using defaults
[0.245s] Level 1:colcon.colcon_core.package_discovery:discover_packages(ignore) discover
[0.245s] Level 1:colcon.colcon_core.package_discovery:discover_packages(ignore) using defaults
[0.246s] Level 1:colcon.colcon_core.package_discovery:discover_packages(path) discover
[0.246s] Level 1:colcon.colcon_core.package_discovery:discover_packages(path) using defaults
[0.266s] Level 1:colcon.colcon_core.package_discovery:discover_packages(prefix_path) check parameters
[0.266s] Level 1:colcon.colcon_core.package_discovery:discover_packages(prefix_path) discover
[0.268s] DEBUG:colcon.colcon_installed_package_information.package_discovery:Found 337 installed packages in /opt/ros/jazzy
[0.269s] Level 1:colcon.colcon_core.package_discovery:discover_packages(prefix_path) using defaults
[0.311s] Level 5:colcon.colcon_core.verb:set package 'bumperbot_bringup' build argument 'cmake_args' from command line to 'None'
[0.311s] Level 5:colcon.colcon_core.verb:set package 'bumperbot_bringup' build argument 'cmake_target' from command line to 'None'
[0.311s] Level 5:colcon.colcon_core.verb:set package 'bumperbot_bringup' build argument 'cmake_target_skip_unavailable' from command line to 'False'
[0.311s] Level 5:colcon.colcon_core.verb:set package 'bumperbot_bringup' build argument 'cmake_clean_cache' from command line to 'False'
[0.311s] Level 5:colcon.colcon_core.verb:set package 'bumperbot_bringup' build argument 'cmake_clean_first' from command line to 'False'
[0.312s] Level 5:colcon.colcon_core.verb:set package 'bumperbot_bringup' build argument 'cmake_force_configure' from command line to 'False'
[0.314s] Level 5:colcon.colcon_core.verb:set package 'bumperbot_bringup' build argument 'ament_cmake_args' from command line to 'None'
[0.314s] Level 5:colcon.colcon_core.verb:set package 'bumperbot_bringup' build argument 'catkin_cmake_args' from command line to 'None'
[0.315s] Level 5:colcon.colcon_core.verb:set package 'bumperbot_bringup' build argument 'catkin_skip_building_tests' from command line to 'False'
[0.315s] DEBUG:colcon.colcon_core.verb:Building package 'bumperbot_bringup' with the following arguments: {'ament_cmake_args': None, 'build_base': '/home/eeiww/ud90uhak/bumperbot_ws/src/build/bumperbot_bringup', 'catkin_cmake_args': None, 'catkin_skip_building_tests': False, 'cmake_args': None, 'cmake_clean_cache': False, 'cmake_clean_first': False, 'cmake_force_configure': False, 'cmake_target': None, 'cmake_target_skip_unavailable': False, 'install_base': '/home/eeiww/ud90uhak/bumperbot_ws/src/install/bumperbot_bringup', 'merge_install': False, 'path': '/home/eeiww/ud90uhak/bumperbot_ws/src/bumperbot_bringup', 'symlink_install': False, 'test_result_base': None}
[0.315s] Level 5:colcon.colcon_core.verb:set package 'bumperbot_controller' build argument 'cmake_args' from command line to 'None'
[0.315s] Level 5:colcon.colcon_core.verb:set package 'bumperbot_controller' build argument 'cmake_target' from command line to 'None'
[0.315s] Level 5:colcon.colcon_core.verb:set package 'bumperbot_controller' build argument 'cmake_target_skip_unavailable' from command line to 'False'
[0.315s] Level 5:colcon.colcon_core.verb:set package 'bumperbot_controller' build argument 'cmake_clean_cache' from command line to 'False'
[0.315s] Level 5:colcon.colcon_core.verb:set package 'bumperbot_controller' build argument 'cmake_clean_first' from command line to 'False'
[0.315s] Level 5:colcon.colcon_core.verb:set package 'bumperbot_controller' build argument 'cmake_force_configure' from command line to 'False'
[0.315s] Level 5:colcon.colcon_core.verb:set package 'bumperbot_controller' build argument 'ament_cmake_args' from command line to 'None'
[0.315s] Level 5:colcon.colcon_core.verb:set package 'bumperbot_controller' build argument 'catkin_cmake_args' from command line to 'None'
[0.315s] Level 5:colcon.colcon_core.verb:set package 'bumperbot_controller' build argument 'catkin_skip_building_tests' from command line to 'False'
[0.315s] DEBUG:colcon.colcon_core.verb:Building package 'bumperbot_controller' with the following arguments: {'ament_cmake_args': None, 'build_base': '/home/eeiww/ud90uhak/bumperbot_ws/src/build/bumperbot_controller', 'catkin_cmake_args': None, 'catkin_skip_building_tests': False, 'cmake_args': None, 'cmake_clean_cache': False, 'cmake_clean_first': False, 'cmake_force_configure': False, 'cmake_target': None, 'cmake_target_skip_unavailable': False, 'install_base': '/home/eeiww/ud90uhak/bumperbot_ws/src/install/bumperbot_controller', 'merge_install': False, 'path': '/home/eeiww/ud90uhak/bumperbot_ws/src/bumperbot_controller', 'symlink_install': False, 'test_result_base': None}
[0.315s] Level 5:colcon.colcon_core.verb:set package 'bumperbot_description' build argument 'cmake_args' from command line to 'None'
[0.316s] Level 5:colcon.colcon_core.verb:set package 'bumperbot_description' build argument 'cmake_target' from command line to 'None'
[0.316s] Level 5:colcon.colcon_core.verb:set package 'bumperbot_description' build argument 'cmake_target_skip_unavailable' from command line to 'False'
[0.317s] Level 5:colcon.colcon_core.verb:set package 'bumperbot_description' build argument 'cmake_clean_cache' from command line to 'False'
[0.317s] Level 5:colcon.colcon_core.verb:set package 'bumperbot_description' build argument 'cmake_clean_first' from command line to 'False'
[0.318s] Level 5:colcon.colcon_core.verb:set package 'bumperbot_description' build argument 'cmake_force_configure' from command line to 'False'
[0.319s] Level 5:colcon.colcon_core.verb:set package 'bumperbot_description' build argument 'ament_cmake_args' from command line to 'None'
[0.320s] Level 5:colcon.colcon_core.verb:set package 'bumperbot_description' build argument 'catkin_cmake_args' from command line to 'None'
[0.320s] Level 5:colcon.colcon_core.verb:set package 'bumperbot_description' build argument 'catkin_skip_building_tests' from command line to 'False'
[0.320s] DEBUG:colcon.colcon_core.verb:Building package 'bumperbot_description' with the following arguments: {'ament_cmake_args': None, 'build_base': '/home/eeiww/ud90uhak/bumperbot_ws/src/build/bumperbot_description', 'catkin_cmake_args': None, 'catkin_skip_building_tests': False, 'cmake_args': None, 'cmake_clean_cache': False, 'cmake_clean_first': False, 'cmake_force_configure': False, 'cmake_target': None, 'cmake_target_skip_unavailable': False, 'install_base': '/home/eeiww/ud90uhak/bumperbot_ws/src/install/bumperbot_description', 'merge_install': False, 'path': '/home/eeiww/ud90uhak/bumperbot_ws/src/bumperbot_description', 'symlink_install': False, 'test_result_base': None}
[0.321s] Level 5:colcon.colcon_core.verb:set package 'bumperbot_firmware' build argument 'cmake_args' from command line to 'None'
[0.321s] Level 5:colcon.colcon_core.verb:set package 'bumperbot_firmware' build argument 'cmake_target' from command line to 'None'
[0.321s] Level 5:colcon.colcon_core.verb:set package 'bumperbot_firmware' build argument 'cmake_target_skip_unavailable' from command line to 'False'
[0.321s] Level 5:colcon.colcon_core.verb:set package 'bumperbot_firmware' build argument 'cmake_clean_cache' from command line to 'False'
[0.321s] Level 5:colcon.colcon_core.verb:set package 'bumperbot_firmware' build argument 'cmake_clean_first' from command line to 'False'
[0.321s] Level 5:colcon.colcon_core.verb:set package 'bumperbot_firmware' build argument 'cmake_force_configure' from command line to 'False'
[0.321s] Level 5:colcon.colcon_core.verb:set package 'bumperbot_firmware' build argument 'ament_cmake_args' from command line to 'None'
[0.321s] Level 5:colcon.colcon_core.verb:set package 'bumperbot_firmware' build argument 'catkin_cmake_args' from command line to 'None'
[0.321s] Level 5:colcon.colcon_core.verb:set package 'bumperbot_firmware' build argument 'catkin_skip_building_tests' from command line to 'False'
[0.322s] DEBUG:colcon.colcon_core.verb:Building package 'bumperbot_firmware' with the following arguments: {'ament_cmake_args': None, 'build_base': '/home/eeiww/ud90uhak/bumperbot_ws/src/build/bumperbot_firmware', 'catkin_cmake_args': None, 'catkin_skip_building_tests': False, 'cmake_args': None, 'cmake_clean_cache': False, 'cmake_clean_first': False, 'cmake_force_configure': False, 'cmake_target': None, 'cmake_target_skip_unavailable': False, 'install_base': '/home/eeiww/ud90uhak/bumperbot_ws/src/install/bumperbot_firmware', 'merge_install': False, 'path': '/home/eeiww/ud90uhak/bumperbot_ws/src/bumperbot_firmware', 'symlink_install': False, 'test_result_base': None}
[0.323s] Level 5:colcon.colcon_core.verb:set package 'bumperbot_localization' build argument 'cmake_args' from command line to 'None'
[0.324s] Level 5:colcon.colcon_core.verb:set package 'bumperbot_localization' build argument 'cmake_target' from command line to 'None'
[0.324s] Level 5:colcon.colcon_core.verb:set package 'bumperbot_localization' build argument 'cmake_target_skip_unavailable' from command line to 'False'
[0.325s] Level 5:colcon.colcon_core.verb:set package 'bumperbot_localization' build argument 'cmake_clean_cache' from command line to 'False'
[0.325s] Level 5:colcon.colcon_core.verb:set package 'bumperbot_localization' build argument 'cmake_clean_first' from command line to 'False'
[0.325s] Level 5:colcon.colcon_core.verb:set package 'bumperbot_localization' build argument 'cmake_force_configure' from command line to 'False'
[0.325s] Level 5:colcon.colcon_core.verb:set package 'bumperbot_localization' build argument 'ament_cmake_args' from command line to 'None'
[0.326s] Level 5:colcon.colcon_core.verb:set package 'bumperbot_localization' build argument 'catkin_cmake_args' from command line to 'None'
[0.326s] Level 5:colcon.colcon_core.verb:set package 'bumperbot_localization' build argument 'catkin_skip_building_tests' from command line to 'False'
[0.326s] DEBUG:colcon.colcon_core.verb:Building package 'bumperbot_localization' with the following arguments: {'ament_cmake_args': None, 'build_base': '/home/eeiww/ud90uhak/bumperbot_ws/src/build/bumperbot_localization', 'catkin_cmake_args': None, 'catkin_skip_building_tests': False, 'cmake_args': None, 'cmake_clean_cache': False, 'cmake_clean_first': False, 'cmake_force_configure': False, 'cmake_target': None, 'cmake_target_skip_unavailable': False, 'install_base': '/home/eeiww/ud90uhak/bumperbot_ws/src/install/bumperbot_localization', 'merge_install': False, 'path': '/home/eeiww/ud90uhak/bumperbot_ws/src/bumperbot_localization', 'symlink_install': False, 'test_result_base': None}
[0.327s] Level 5:colcon.colcon_core.verb:set package 'bumperbot_msgs' build argument 'cmake_args' from command line to 'None'
[0.327s] Level 5:colcon.colcon_core.verb:set package 'bumperbot_msgs' build argument 'cmake_target' from command line to 'None'
[0.327s] Level 5:colcon.colcon_core.verb:set package 'bumperbot_msgs' build argument 'cmake_target_skip_unavailable' from command line to 'False'
[0.327s] Level 5:colcon.colcon_core.verb:set package 'bumperbot_msgs' build argument 'cmake_clean_cache' from command line to 'False'
[0.327s] Level 5:colcon.colcon_core.verb:set package 'bumperbot_msgs' build argument 'cmake_clean_first' from command line to 'False'
[0.327s] Level 5:colcon.colcon_core.verb:set package 'bumperbot_msgs' build argument 'cmake_force_configure' from command line to 'False'
[0.327s] Level 5:colcon.colcon_core.verb:set package 'bumperbot_msgs' build argument 'ament_cmake_args' from command line to 'None'
[0.327s] Level 5:colcon.colcon_core.verb:set package 'bumperbot_msgs' build argument 'catkin_cmake_args' from command line to 'None'
[0.327s] Level 5:colcon.colcon_core.verb:set package 'bumperbot_msgs' build argument 'catkin_skip_building_tests' from command line to 'False'
[0.327s] DEBUG:colcon.colcon_core.verb:Building package 'bumperbot_msgs' with the following arguments: {'ament_cmake_args': None, 'build_base': '/home/eeiww/ud90uhak/bumperbot_ws/src/build/bumperbot_msgs', 'catkin_cmake_args': None, 'catkin_skip_building_tests': False, 'cmake_args': None, 'cmake_clean_cache': False, 'cmake_clean_first': False, 'cmake_force_configure': False, 'cmake_target': None, 'cmake_target_skip_unavailable': False, 'install_base': '/home/eeiww/ud90uhak/bumperbot_ws/src/install/bumperbot_msgs', 'merge_install': False, 'path': '/home/eeiww/ud90uhak/bumperbot_ws/src/bumperbot_msgs', 'symlink_install': False, 'test_result_base': None}
[0.328s] Level 5:colcon.colcon_core.verb:set package 'bumperbot_cpp_examples' build argument 'cmake_args' from command line to 'None'
[0.329s] Level 5:colcon.colcon_core.verb:set package 'bumperbot_cpp_examples' build argument 'cmake_target' from command line to 'None'
[0.329s] Level 5:colcon.colcon_core.verb:set package 'bumperbot_cpp_examples' build argument 'cmake_target_skip_unavailable' from command line to 'False'
[0.329s] Level 5:colcon.colcon_core.verb:set package 'bumperbot_cpp_examples' build argument 'cmake_clean_cache' from command line to 'False'
[0.329s] Level 5:colcon.colcon_core.verb:set package 'bumperbot_cpp_examples' build argument 'cmake_clean_first' from command line to 'False'
[0.329s] Level 5:colcon.colcon_core.verb:set package 'bumperbot_cpp_examples' build argument 'cmake_force_configure' from command line to 'False'
[0.329s] Level 5:colcon.colcon_core.verb:set package 'bumperbot_cpp_examples' build argument 'ament_cmake_args' from command line to 'None'
[0.329s] Level 5:colcon.colcon_core.verb:set package 'bumperbot_cpp_examples' build argument 'catkin_cmake_args' from command line to 'None'
[0.329s] Level 5:colcon.colcon_core.verb:set package 'bumperbot_cpp_examples' build argument 'catkin_skip_building_tests' from command line to 'False'
[0.329s] DEBUG:colcon.colcon_core.verb:Building package 'bumperbot_cpp_examples' with the following arguments: {'ament_cmake_args': None, 'build_base': '/home/eeiww/ud90uhak/bumperbot_ws/src/build/bumperbot_cpp_examples', 'catkin_cmake_args': None, 'catkin_skip_building_tests': False, 'cmake_args': None, 'cmake_clean_cache': False, 'cmake_clean_first': False, 'cmake_force_configure': False, 'cmake_target': None, 'cmake_target_skip_unavailable': False, 'install_base': '/home/eeiww/ud90uhak/bumperbot_ws/src/install/bumperbot_cpp_examples', 'merge_install': False, 'path': '/home/eeiww/ud90uhak/bumperbot_ws/src/bumperbot_cpp_examples', 'symlink_install': False, 'test_result_base': None}
[0.330s] Level 5:colcon.colcon_core.verb:set package 'bumperbot_py_examples' build argument 'cmake_args' from command line to 'None'
[0.331s] Level 5:colcon.colcon_core.verb:set package 'bumperbot_py_examples' build argument 'cmake_target' from command line to 'None'
[0.331s] Level 5:colcon.colcon_core.verb:set package 'bumperbot_py_examples' build argument 'cmake_target_skip_unavailable' from command line to 'False'
[0.331s] Level 5:colcon.colcon_core.verb:set package 'bumperbot_py_examples' build argument 'cmake_clean_cache' from command line to 'False'
[0.331s] Level 5:colcon.colcon_core.verb:set package 'bumperbot_py_examples' build argument 'cmake_clean_first' from command line to 'False'
[0.331s] Level 5:colcon.colcon_core.verb:set package 'bumperbot_py_examples' build argument 'cmake_force_configure' from command line to 'False'
[0.331s] Level 5:colcon.colcon_core.verb:set package 'bumperbot_py_examples' build argument 'ament_cmake_args' from command line to 'None'
[0.331s] Level 5:colcon.colcon_core.verb:set package 'bumperbot_py_examples' build argument 'catkin_cmake_args' from command line to 'None'
[0.331s] Level 5:colcon.colcon_core.verb:set package 'bumperbot_py_examples' build argument 'catkin_skip_building_tests' from command line to 'False'
[0.331s] DEBUG:colcon.colcon_core.verb:Building package 'bumperbot_py_examples' with the following arguments: {'ament_cmake_args': None, 'build_base': '/home/eeiww/ud90uhak/bumperbot_ws/src/build/bumperbot_py_examples', 'catkin_cmake_args': None, 'catkin_skip_building_tests': False, 'cmake_args': None, 'cmake_clean_cache': False, 'cmake_clean_first': False, 'cmake_force_configure': False, 'cmake_target': None, 'cmake_target_skip_unavailable': False, 'install_base': '/home/eeiww/ud90uhak/bumperbot_ws/src/install/bumperbot_py_examples', 'merge_install': False, 'path': '/home/eeiww/ud90uhak/bumperbot_ws/src/bumperbot_py_examples', 'symlink_install': False, 'test_result_base': None}
[0.331s] INFO:colcon.colcon_core.executor:Executing jobs using 'parallel' executor
[0.332s] DEBUG:colcon.colcon_parallel_executor.executor.parallel:run_until_complete
[0.332s] INFO:colcon.colcon_ros.task.ament_cmake.build:Building ROS package in '/home/eeiww/ud90uhak/bumperbot_ws/src/bumperbot_msgs' with build type 'ament_cmake'
[0.333s] INFO:colcon.colcon_cmake.task.cmake.build:Building CMake package in '/home/eeiww/ud90uhak/bumperbot_ws/src/bumperbot_msgs'
[0.334s] INFO:colcon.colcon_core.plugin_system:Skipping extension 'colcon_core.shell.bat': Not used on non-Windows systems
[0.334s] INFO:colcon.colcon_core.shell:Skip shell extension 'powershell' for command environment: Not usable outside of PowerShell
[0.335s] DEBUG:colcon.colcon_core.shell:Skip shell extension 'dsv' for command environment
[0.343s] INFO:colcon.colcon_ros.task.ament_cmake.build:Building ROS package in '/home/eeiww/ud90uhak/bumperbot_ws/src/bumperbot_bringup' with build type 'ament_cmake'
[0.343s] INFO:colcon.colcon_cmake.task.cmake.build:Building CMake package in '/home/eeiww/ud90uhak/bumperbot_ws/src/bumperbot_bringup'
[0.344s] INFO:colcon.colcon_core.shell:Skip shell extension 'powershell' for command environment: Not usable outside of PowerShell
[0.344s] DEBUG:colcon.colcon_core.shell:Skip shell extension 'dsv' for command environment
[0.349s] INFO:colcon.colcon_ros.task.ament_cmake.build:Building ROS package in '/home/eeiww/ud90uhak/bumperbot_ws/src/bumperbot_controller' with build type 'ament_cmake'
[0.349s] INFO:colcon.colcon_cmake.task.cmake.build:Building CMake package in '/home/eeiww/ud90uhak/bumperbot_ws/src/bumperbot_controller'
[0.349s] INFO:colcon.colcon_core.shell:Skip shell extension 'powershell' for command environment: Not usable outside of PowerShell
[0.350s] DEBUG:colcon.colcon_core.shell:Skip shell extension 'dsv' for command environment
[0.356s] INFO:colcon.colcon_ros.task.ament_cmake.build:Building ROS package in '/home/eeiww/ud90uhak/bumperbot_ws/src/bumperbot_description' with build type 'ament_cmake'
[0.356s] INFO:colcon.colcon_cmake.task.cmake.build:Building CMake package in '/home/eeiww/ud90uhak/bumperbot_ws/src/bumperbot_description'
[0.357s] INFO:colcon.colcon_core.shell:Skip shell extension 'powershell' for command environment: Not usable outside of PowerShell
[0.357s] DEBUG:colcon.colcon_core.shell:Skip shell extension 'dsv' for command environment
[0.362s] INFO:colcon.colcon_ros.task.ament_cmake.build:Building ROS package in '/home/eeiww/ud90uhak/bumperbot_ws/src/bumperbot_firmware' with build type 'ament_cmake'
[0.362s] INFO:colcon.colcon_cmake.task.cmake.build:Building CMake package in '/home/eeiww/ud90uhak/bumperbot_ws/src/bumperbot_firmware'
[0.362s] INFO:colcon.colcon_core.shell:Skip shell extension 'powershell' for command environment: Not usable outside of PowerShell
[0.363s] DEBUG:colcon.colcon_core.shell:Skip shell extension 'dsv' for command environment
[0.369s] INFO:colcon.colcon_ros.task.ament_cmake.build:Building ROS package in '/home/eeiww/ud90uhak/bumperbot_ws/src/bumperbot_localization' with build type 'ament_cmake'
[0.369s] INFO:colcon.colcon_cmake.task.cmake.build:Building CMake package in '/home/eeiww/ud90uhak/bumperbot_ws/src/bumperbot_localization'
[0.369s] INFO:colcon.colcon_core.shell:Skip shell extension 'powershell' for command environment: Not usable outside of PowerShell
[0.370s] DEBUG:colcon.colcon_core.shell:Skip shell extension 'dsv' for command environment
[0.395s] DEBUG:colcon.colcon_core.event_handler.log_command:Invoking command in '/home/eeiww/ud90uhak/bumperbot_ws/src/build/bumperbot_msgs': CMAKE_PREFIX_PATH=${CMAKE_PREFIX_PATH}:/opt/ros/jazzy DEBUGINFOD_URLS=https://debuginfod.ubuntu.com /usr/bin/cmake --build /home/eeiww/ud90uhak/bumperbot_ws/src/build/bumperbot_msgs -- -j8 -l8
[0.407s] DEBUG:colcon.colcon_core.event_handler.log_command:Invoking command in '/home/eeiww/ud90uhak/bumperbot_ws/src/build/bumperbot_bringup': CMAKE_PREFIX_PATH=${CMAKE_PREFIX_PATH}:/opt/ros/jazzy DEBUGINFOD_URLS=https://debuginfod.ubuntu.com /usr/bin/cmake --build /home/eeiww/ud90uhak/bumperbot_ws/src/build/bumperbot_bringup -- -j8 -l8
[0.417s] DEBUG:colcon.colcon_core.event_handler.log_command:Invoking command in '/home/eeiww/ud90uhak/bumperbot_ws/src/build/bumperbot_controller': CMAKE_PREFIX_PATH=${CMAKE_PREFIX_PATH}:/opt/ros/jazzy DEBUGINFOD_URLS=https://debuginfod.ubuntu.com /usr/bin/cmake --build /home/eeiww/ud90uhak/bumperbot_ws/src/build/bumperbot_controller -- -j8 -l8
[0.428s] DEBUG:colcon.colcon_core.event_handler.log_command:Invoking command in '/home/eeiww/ud90uhak/bumperbot_ws/src/build/bumperbot_description': CMAKE_PREFIX_PATH=${CMAKE_PREFIX_PATH}:/opt/ros/jazzy DEBUGINFOD_URLS=https://debuginfod.ubuntu.com /usr/bin/cmake --build /home/eeiww/ud90uhak/bumperbot_ws/src/build/bumperbot_description -- -j8 -l8
[0.441s] DEBUG:colcon.colcon_core.event_handler.log_command:Invoking command in '/home/eeiww/ud90uhak/bumperbot_ws/src/build/bumperbot_firmware': CMAKE_PREFIX_PATH=${CMAKE_PREFIX_PATH}:/opt/ros/jazzy DEBUGINFOD_URLS=https://debuginfod.ubuntu.com /usr/bin/cmake --build /home/eeiww/ud90uhak/bumperbot_ws/src/build/bumperbot_firmware -- -j8 -l8
[0.452s] DEBUG:colcon.colcon_core.event_handler.log_command:Invoking command in '/home/eeiww/ud90uhak/bumperbot_ws/src/build/bumperbot_localization': CMAKE_PREFIX_PATH=${CMAKE_PREFIX_PATH}:/opt/ros/jazzy DEBUGINFOD_URLS=https://debuginfod.ubuntu.com /usr/bin/cmake --build /home/eeiww/ud90uhak/bumperbot_ws/src/build/bumperbot_localization -- -j8 -l8
[0.456s] DEBUG:colcon.colcon_core.event_handler.log_command:Invoked command in '/home/eeiww/ud90uhak/bumperbot_ws/src/build/bumperbot_bringup' returned '0': CMAKE_PREFIX_PATH=${CMAKE_PREFIX_PATH}:/opt/ros/jazzy DEBUGINFOD_URLS=https://debuginfod.ubuntu.com /usr/bin/cmake --build /home/eeiww/ud90uhak/bumperbot_ws/src/build/bumperbot_bringup -- -j8 -l8
[0.467s] DEBUG:colcon.colcon_core.event_handler.log_command:Invoking command in '/home/eeiww/ud90uhak/bumperbot_ws/src/build/bumperbot_bringup': CMAKE_PREFIX_PATH=${CMAKE_PREFIX_PATH}:/opt/ros/jazzy DEBUGINFOD_URLS=https://debuginfod.ubuntu.com /usr/bin/cmake --install /home/eeiww/ud90uhak/bumperbot_ws/src/build/bumperbot_bringup
[0.478s] DEBUG:colcon.colcon_core.event_handler.log_command:Invoked command in '/home/eeiww/ud90uhak/bumperbot_ws/src/build/bumperbot_description' returned '0': CMAKE_PREFIX_PATH=${CMAKE_PREFIX_PATH}:/opt/ros/jazzy DEBUGINFOD_URLS=https://debuginfod.ubuntu.com /usr/bin/cmake --build /home/eeiww/ud90uhak/bumperbot_ws/src/build/bumperbot_description -- -j8 -l8
[0.483s] DEBUG:colcon.colcon_core.event_handler.log_command:Invoking command in '/home/eeiww/ud90uhak/bumperbot_ws/src/build/bumperbot_description': CMAKE_PREFIX_PATH=${CMAKE_PREFIX_PATH}:/opt/ros/jazzy DEBUGINFOD_URLS=https://debuginfod.ubuntu.com /usr/bin/cmake --install /home/eeiww/ud90uhak/bumperbot_ws/src/build/bumperbot_description
[0.515s] Level 1:colcon.colcon_core.environment:create_environment_scripts_only(bumperbot_bringup)
[0.517s] DEBUG:colcon.colcon_core.event_handler.log_command:Invoked command in '/home/eeiww/ud90uhak/bumperbot_ws/src/build/bumperbot_bringup' returned '0': CMAKE_PREFIX_PATH=${CMAKE_PREFIX_PATH}:/opt/ros/jazzy DEBUGINFOD_URLS=https://debuginfod.ubuntu.com /usr/bin/cmake --install /home/eeiww/ud90uhak/bumperbot_ws/src/build/bumperbot_bringup
[0.520s] Level 1:colcon.colcon_core.environment:checking '/home/eeiww/ud90uhak/bumperbot_ws/src/install/bumperbot_bringup' for CMake module files
[0.527s] Level 1:colcon.colcon_core.environment:checking '/home/eeiww/ud90uhak/bumperbot_ws/src/install/bumperbot_bringup' for CMake config files
[0.529s] Level 1:colcon.colcon_core.shell:create_environment_hook('bumperbot_bringup', 'cmake_prefix_path')
[0.529s] INFO:colcon.colcon_core.shell:Creating environment hook '/home/eeiww/ud90uhak/bumperbot_ws/src/install/bumperbot_bringup/share/bumperbot_bringup/hook/cmake_prefix_path.ps1'
[0.533s] INFO:colcon.colcon_core.shell:Creating environment descriptor '/home/eeiww/ud90uhak/bumperbot_ws/src/install/bumperbot_bringup/share/bumperbot_bringup/hook/cmake_prefix_path.dsv'
[0.535s] INFO:colcon.colcon_core.shell:Creating environment hook '/home/eeiww/ud90uhak/bumperbot_ws/src/install/bumperbot_bringup/share/bumperbot_bringup/hook/cmake_prefix_path.sh'
[0.539s] Level 1:colcon.colcon_core.environment:checking '/home/eeiww/ud90uhak/bumperbot_ws/src/install/bumperbot_bringup/bin'
[0.540s] Level 1:colcon.colcon_core.environment:checking '/home/eeiww/ud90uhak/bumperbot_ws/src/install/bumperbot_bringup/lib/pkgconfig/bumperbot_bringup.pc'
[0.540s] Level 1:colcon.colcon_core.environment:checking '/home/eeiww/ud90uhak/bumperbot_ws/src/install/bumperbot_bringup/lib/python3.12/site-packages'
[0.540s] Level 1:colcon.colcon_core.environment:checking '/home/eeiww/ud90uhak/bumperbot_ws/src/install/bumperbot_bringup/bin'
[0.540s] INFO:colcon.colcon_core.shell:Creating package script '/home/eeiww/ud90uhak/bumperbot_ws/src/install/bumperbot_bringup/share/bumperbot_bringup/package.ps1'
[0.544s] INFO:colcon.colcon_core.shell:Creating package descriptor '/home/eeiww/ud90uhak/bumperbot_ws/src/install/bumperbot_bringup/share/bumperbot_bringup/package.dsv'
[0.546s] INFO:colcon.colcon_core.shell:Creating package script '/home/eeiww/ud90uhak/bumperbot_ws/src/install/bumperbot_bringup/share/bumperbot_bringup/package.sh'
[0.549s] INFO:colcon.colcon_core.shell:Creating package script '/home/eeiww/ud90uhak/bumperbot_ws/src/install/bumperbot_bringup/share/bumperbot_bringup/package.bash'
[0.552s] INFO:colcon.colcon_core.shell:Creating package script '/home/eeiww/ud90uhak/bumperbot_ws/src/install/bumperbot_bringup/share/bumperbot_bringup/package.zsh'
[0.554s] Level 1:colcon.colcon_core.environment:create_file_with_runtime_dependencies(/home/eeiww/ud90uhak/bumperbot_ws/src/install/bumperbot_bringup/share/colcon-core/packages/bumperbot_bringup)
[0.557s] Level 1:colcon.colcon_core.environment:create_environment_scripts_only(bumperbot_bringup)
[0.557s] Level 1:colcon.colcon_core.environment:checking '/home/eeiww/ud90uhak/bumperbot_ws/src/install/bumperbot_bringup' for CMake module files
[0.559s] Level 1:colcon.colcon_core.environment:checking '/home/eeiww/ud90uhak/bumperbot_ws/src/install/bumperbot_bringup' for CMake config files
[0.561s] Level 1:colcon.colcon_core.shell:create_environment_hook('bumperbot_bringup', 'cmake_prefix_path')
[0.562s] INFO:colcon.colcon_core.shell:Creating environment hook '/home/eeiww/ud90uhak/bumperbot_ws/src/install/bumperbot_bringup/share/bumperbot_bringup/hook/cmake_prefix_path.ps1'
[0.564s] INFO:colcon.colcon_core.shell:Creating environment descriptor '/home/eeiww/ud90uhak/bumperbot_ws/src/install/bumperbot_bringup/share/bumperbot_bringup/hook/cmake_prefix_path.dsv'
[0.567s] INFO:colcon.colcon_core.shell:Creating environment hook '/home/eeiww/ud90uhak/bumperbot_ws/src/install/bumperbot_bringup/share/bumperbot_bringup/hook/cmake_prefix_path.sh'
[0.570s] Level 1:colcon.colcon_core.environment:checking '/home/eeiww/ud90uhak/bumperbot_ws/src/install/bumperbot_bringup/bin'
[0.570s] Level 1:colcon.colcon_core.environment:checking '/home/eeiww/ud90uhak/bumperbot_ws/src/install/bumperbot_bringup/lib/pkgconfig/bumperbot_bringup.pc'
[0.571s] Level 1:colcon.colcon_core.environment:checking '/home/eeiww/ud90uhak/bumperbot_ws/src/install/bumperbot_bringup/lib/python3.12/site-packages'
[0.571s] Level 1:colcon.colcon_core.environment:checking '/home/eeiww/ud90uhak/bumperbot_ws/src/install/bumperbot_bringup/bin'
[0.571s] INFO:colcon.colcon_core.shell:Creating package script '/home/eeiww/ud90uhak/bumperbot_ws/src/install/bumperbot_bringup/share/bumperbot_bringup/package.ps1'
[0.574s] INFO:colcon.colcon_core.shell:Creating package descriptor '/home/eeiww/ud90uhak/bumperbot_ws/src/install/bumperbot_bringup/share/bumperbot_bringup/package.dsv'
[0.577s] INFO:colcon.colcon_core.shell:Creating package script '/home/eeiww/ud90uhak/bumperbot_ws/src/install/bumperbot_bringup/share/bumperbot_bringup/package.sh'
[0.582s] INFO:colcon.colcon_core.shell:Creating package script '/home/eeiww/ud90uhak/bumperbot_ws/src/install/bumperbot_bringup/share/bumperbot_bringup/package.bash'
[0.585s] INFO:colcon.colcon_core.shell:Creating package script '/home/eeiww/ud90uhak/bumperbot_ws/src/install/bumperbot_bringup/share/bumperbot_bringup/package.zsh'
[0.588s] Level 1:colcon.colcon_core.environment:create_file_with_runtime_dependencies(/home/eeiww/ud90uhak/bumperbot_ws/src/install/bumperbot_bringup/share/colcon-core/packages/bumperbot_bringup)
[1.049s] DEBUG:colcon.colcon_core.event_handler.log_command:Invoked command in '/home/eeiww/ud90uhak/bumperbot_ws/src/build/bumperbot_controller' returned '0': CMAKE_PREFIX_PATH=${CMAKE_PREFIX_PATH}:/opt/ros/jazzy DEBUGINFOD_URLS=https://debuginfod.ubuntu.com /usr/bin/cmake --build /home/eeiww/ud90uhak/bumperbot_ws/src/build/bumperbot_controller -- -j8 -l8
[1.053s] DEBUG:colcon.colcon_core.event_handler.log_command:Invoking command in '/home/eeiww/ud90uhak/bumperbot_ws/src/build/bumperbot_controller': CMAKE_PREFIX_PATH=${CMAKE_PREFIX_PATH}:/opt/ros/jazzy DEBUGINFOD_URLS=https://debuginfod.ubuntu.com /usr/bin/cmake --install /home/eeiww/ud90uhak/bumperbot_ws/src/build/bumperbot_controller
[1.086s] DEBUG:colcon.colcon_core.event_handler.log_command:Invoked command in '/home/eeiww/ud90uhak/bumperbot_ws/src/build/bumperbot_localization' returned '0': CMAKE_PREFIX_PATH=${CMAKE_PREFIX_PATH}:/opt/ros/jazzy DEBUGINFOD_URLS=https://debuginfod.ubuntu.com /usr/bin/cmake --build /home/eeiww/ud90uhak/bumperbot_ws/src/build/bumperbot_localization -- -j8 -l8
[1.089s] DEBUG:colcon.colcon_core.event_handler.log_command:Invoking command in '/home/eeiww/ud90uhak/bumperbot_ws/src/build/bumperbot_localization': CMAKE_PREFIX_PATH=${CMAKE_PREFIX_PATH}:/opt/ros/jazzy DEBUGINFOD_URLS=https://debuginfod.ubuntu.com /usr/bin/cmake --install /home/eeiww/ud90uhak/bumperbot_ws/src/build/bumperbot_localization
[1.098s] DEBUG:colcon.colcon_core.event_handler.log_command:Invoked command in '/home/eeiww/ud90uhak/bumperbot_ws/src/build/bumperbot_firmware' returned '0': CMAKE_PREFIX_PATH=${CMAKE_PREFIX_PATH}:/opt/ros/jazzy DEBUGINFOD_URLS=https://debuginfod.ubuntu.com /usr/bin/cmake --build /home/eeiww/ud90uhak/bumperbot_ws/src/build/bumperbot_firmware -- -j8 -l8
[1.103s] DEBUG:colcon.colcon_core.event_handler.log_command:Invoking command in '/home/eeiww/ud90uhak/bumperbot_ws/src/build/bumperbot_firmware': CMAKE_PREFIX_PATH=${CMAKE_PREFIX_PATH}:/opt/ros/jazzy DEBUGINFOD_URLS=https://debuginfod.ubuntu.com /usr/bin/cmake --install /home/eeiww/ud90uhak/bumperbot_ws/src/build/bumperbot_firmware
[1.141s] DEBUG:colcon.colcon_core.event_handler.log_command:Invoked command in '/home/eeiww/ud90uhak/bumperbot_ws/src/build/bumperbot_msgs' returned '0': CMAKE_PREFIX_PATH=${CMAKE_PREFIX_PATH}:/opt/ros/jazzy DEBUGINFOD_URLS=https://debuginfod.ubuntu.com /usr/bin/cmake --build /home/eeiww/ud90uhak/bumperbot_ws/src/build/bumperbot_msgs -- -j8 -l8
[1.145s] DEBUG:colcon.colcon_core.event_handler.log_command:Invoking command in '/home/eeiww/ud90uhak/bumperbot_ws/src/build/bumperbot_msgs': CMAKE_PREFIX_PATH=${CMAKE_PREFIX_PATH}:/opt/ros/jazzy DEBUGINFOD_URLS=https://debuginfod.ubuntu.com /usr/bin/cmake --install /home/eeiww/ud90uhak/bumperbot_ws/src/build/bumperbot_msgs
[1.203s] Level 1:colcon.colcon_core.environment:create_environment_scripts_only(bumperbot_controller)
[1.204s] Level 1:colcon.colcon_core.environment:checking '/home/eeiww/ud90uhak/bumperbot_ws/src/install/bumperbot_controller' for CMake module files
[1.204s] DEBUG:colcon.colcon_core.event_handler.log_command:Invoked command in '/home/eeiww/ud90uhak/bumperbot_ws/src/build/bumperbot_controller' returned '0': CMAKE_PREFIX_PATH=${CMAKE_PREFIX_PATH}:/opt/ros/jazzy DEBUGINFOD_URLS=https://debuginfod.ubuntu.com /usr/bin/cmake --install /home/eeiww/ud90uhak/bumperbot_ws/src/build/bumperbot_controller
[1.210s] Level 1:colcon.colcon_core.environment:checking '/home/eeiww/ud90uhak/bumperbot_ws/src/install/bumperbot_controller' for CMake config files
[1.215s] Level 1:colcon.colcon_core.shell:create_environment_hook('bumperbot_controller', 'cmake_prefix_path')
[1.216s] INFO:colcon.colcon_core.shell:Creating environment hook '/home/eeiww/ud90uhak/bumperbot_ws/src/install/bumperbot_controller/share/bumperbot_controller/hook/cmake_prefix_path.ps1'
[1.219s] INFO:colcon.colcon_core.shell:Creating environment descriptor '/home/eeiww/ud90uhak/bumperbot_ws/src/install/bumperbot_controller/share/bumperbot_controller/hook/cmake_prefix_path.dsv'
[1.221s] INFO:colcon.colcon_core.shell:Creating environment hook '/home/eeiww/ud90uhak/bumperbot_ws/src/install/bumperbot_controller/share/bumperbot_controller/hook/cmake_prefix_path.sh'
[1.224s] Level 1:colcon.colcon_core.environment:checking '/home/eeiww/ud90uhak/bumperbot_ws/src/install/bumperbot_controller/lib'
[1.225s] Level 1:colcon.colcon_core.environment:checking '/home/eeiww/ud90uhak/bumperbot_ws/src/install/bumperbot_controller/bin'
[1.225s] Level 1:colcon.colcon_core.environment:checking '/home/eeiww/ud90uhak/bumperbot_ws/src/install/bumperbot_controller/lib/pkgconfig/bumperbot_controller.pc'
[1.226s] Level 1:colcon.colcon_core.environment:checking '/home/eeiww/ud90uhak/bumperbot_ws/src/install/bumperbot_controller/lib/python3.12/site-packages'
[1.226s] Level 1:colcon.colcon_core.shell:create_environment_hook('bumperbot_controller', 'pythonpath')
[1.226s] INFO:colcon.colcon_core.shell:Creating environment hook '/home/eeiww/ud90uhak/bumperbot_ws/src/install/bumperbot_controller/share/bumperbot_controller/hook/pythonpath.ps1'
[1.229s] INFO:colcon.colcon_core.shell:Creating environment descriptor '/home/eeiww/ud90uhak/bumperbot_ws/src/install/bumperbot_controller/share/bumperbot_controller/hook/pythonpath.dsv'
[1.231s] INFO:colcon.colcon_core.shell:Creating environment hook '/home/eeiww/ud90uhak/bumperbot_ws/src/install/bumperbot_controller/share/bumperbot_controller/hook/pythonpath.sh'
[1.234s] Level 1:colcon.colcon_core.environment:checking '/home/eeiww/ud90uhak/bumperbot_ws/src/install/bumperbot_controller/bin'
[1.235s] INFO:colcon.colcon_core.shell:Creating package script '/home/eeiww/ud90uhak/bumperbot_ws/src/install/bumperbot_controller/share/bumperbot_controller/package.ps1'
[1.237s] INFO:colcon.colcon_core.shell:Creating package descriptor '/home/eeiww/ud90uhak/bumperbot_ws/src/install/bumperbot_controller/share/bumperbot_controller/package.dsv'
[1.239s] INFO:colcon.colcon_core.shell:Creating package script '/home/eeiww/ud90uhak/bumperbot_ws/src/install/bumperbot_controller/share/bumperbot_controller/package.sh'
[1.242s] INFO:colcon.colcon_core.shell:Creating package script '/home/eeiww/ud90uhak/bumperbot_ws/src/install/bumperbot_controller/share/bumperbot_controller/package.bash'
[1.245s] INFO:colcon.colcon_core.shell:Creating package script '/home/eeiww/ud90uhak/bumperbot_ws/src/install/bumperbot_controller/share/bumperbot_controller/package.zsh'
[1.247s] Level 1:colcon.colcon_core.environment:create_file_with_runtime_dependencies(/home/eeiww/ud90uhak/bumperbot_ws/src/install/bumperbot_controller/share/colcon-core/packages/bumperbot_controller)
[1.251s] Level 1:colcon.colcon_core.environment:create_environment_scripts_only(bumperbot_controller)
[1.251s] Level 1:colcon.colcon_core.environment:checking '/home/eeiww/ud90uhak/bumperbot_ws/src/install/bumperbot_controller' for CMake module files
[1.253s] Level 1:colcon.colcon_core.environment:checking '/home/eeiww/ud90uhak/bumperbot_ws/src/install/bumperbot_controller' for CMake config files
[1.257s] Level 1:colcon.colcon_core.shell:create_environment_hook('bumperbot_controller', 'cmake_prefix_path')
[1.257s] INFO:colcon.colcon_core.shell:Creating environment hook '/home/eeiww/ud90uhak/bumperbot_ws/src/install/bumperbot_controller/share/bumperbot_controller/hook/cmake_prefix_path.ps1'
[1.259s] INFO:colcon.colcon_core.shell:Creating environment descriptor '/home/eeiww/ud90uhak/bumperbot_ws/src/install/bumperbot_controller/share/bumperbot_controller/hook/cmake_prefix_path.dsv'
[1.261s] INFO:colcon.colcon_core.shell:Creating environment hook '/home/eeiww/ud90uhak/bumperbot_ws/src/install/bumperbot_controller/share/bumperbot_controller/hook/cmake_prefix_path.sh'
[1.264s] Level 1:colcon.colcon_core.environment:checking '/home/eeiww/ud90uhak/bumperbot_ws/src/install/bumperbot_controller/lib'
[1.265s] Level 1:colcon.colcon_core.environment:checking '/home/eeiww/ud90uhak/bumperbot_ws/src/install/bumperbot_controller/bin'
[1.265s] Level 1:colcon.colcon_core.environment:checking '/home/eeiww/ud90uhak/bumperbot_ws/src/install/bumperbot_controller/lib/pkgconfig/bumperbot_controller.pc'
[1.265s] Level 1:colcon.colcon_core.environment:checking '/home/eeiww/ud90uhak/bumperbot_ws/src/install/bumperbot_controller/lib/python3.12/site-packages'
[1.265s] Level 1:colcon.colcon_core.shell:create_environment_hook('bumperbot_controller', 'pythonpath')
[1.266s] INFO:colcon.colcon_core.shell:Creating environment hook '/home/eeiww/ud90uhak/bumperbot_ws/src/install/bumperbot_controller/share/bumperbot_controller/hook/pythonpath.ps1'
[1.268s] INFO:colcon.colcon_core.shell:Creating environment descriptor '/home/eeiww/ud90uhak/bumperbot_ws/src/install/bumperbot_controller/share/bumperbot_controller/hook/pythonpath.dsv'
[1.270s] INFO:colcon.colcon_core.shell:Creating environment hook '/home/eeiww/ud90uhak/bumperbot_ws/src/install/bumperbot_controller/share/bumperbot_controller/hook/pythonpath.sh'
[1.272s] Level 1:colcon.colcon_core.environment:checking '/home/eeiww/ud90uhak/bumperbot_ws/src/install/bumperbot_controller/bin'
[1.273s] INFO:colcon.colcon_core.shell:Creating package script '/home/eeiww/ud90uhak/bumperbot_ws/src/install/bumperbot_controller/share/bumperbot_controller/package.ps1'
[1.275s] INFO:colcon.colcon_core.shell:Creating package descriptor '/home/eeiww/ud90uhak/bumperbot_ws/src/install/bumperbot_controller/share/bumperbot_controller/package.dsv'
[1.277s] INFO:colcon.colcon_core.shell:Creating package script '/home/eeiww/ud90uhak/bumperbot_ws/src/install/bumperbot_controller/share/bumperbot_controller/package.sh'
[1.279s] INFO:colcon.colcon_core.shell:Creating package script '/home/eeiww/ud90uhak/bumperbot_ws/src/install/bumperbot_controller/share/bumperbot_controller/package.bash'
[1.281s] INFO:colcon.colcon_core.shell:Creating package script '/home/eeiww/ud90uhak/bumperbot_ws/src/install/bumperbot_controller/share/bumperbot_controller/package.zsh'
[1.283s] Level 1:colcon.colcon_core.environment:create_file_with_runtime_dependencies(/home/eeiww/ud90uhak/bumperbot_ws/src/install/bumperbot_controller/share/colcon-core/packages/bumperbot_controller)
[1.286s] Level 1:colcon.colcon_core.environment:create_environment_scripts_only(bumperbot_localization)
[1.286s] Level 1:colcon.colcon_core.environment:checking '/home/eeiww/ud90uhak/bumperbot_ws/src/install/bumperbot_localization' for CMake module files
[1.290s] DEBUG:colcon.colcon_core.event_handler.log_command:Invoked command in '/home/eeiww/ud90uhak/bumperbot_ws/src/build/bumperbot_localization' returned '0': CMAKE_PREFIX_PATH=${CMAKE_PREFIX_PATH}:/opt/ros/jazzy DEBUGINFOD_URLS=https://debuginfod.ubuntu.com /usr/bin/cmake --install /home/eeiww/ud90uhak/bumperbot_ws/src/build/bumperbot_localization
[1.292s] Level 1:colcon.colcon_core.environment:checking '/home/eeiww/ud90uhak/bumperbot_ws/src/install/bumperbot_localization' for CMake config files
[1.297s] Level 1:colcon.colcon_core.shell:create_environment_hook('bumperbot_localization', 'cmake_prefix_path')
[1.297s] INFO:colcon.colcon_core.shell:Creating environment hook '/home/eeiww/ud90uhak/bumperbot_ws/src/install/bumperbot_localization/share/bumperbot_localization/hook/cmake_prefix_path.ps1'
[1.300s] INFO:colcon.colcon_core.shell:Creating environment descriptor '/home/eeiww/ud90uhak/bumperbot_ws/src/install/bumperbot_localization/share/bumperbot_localization/hook/cmake_prefix_path.dsv'
[1.302s] INFO:colcon.colcon_core.shell:Creating environment hook '/home/eeiww/ud90uhak/bumperbot_ws/src/install/bumperbot_localization/share/bumperbot_localization/hook/cmake_prefix_path.sh'
[1.306s] Level 1:colcon.colcon_core.environment:checking '/home/eeiww/ud90uhak/bumperbot_ws/src/install/bumperbot_localization/lib'
[1.306s] Level 1:colcon.colcon_core.environment:checking '/home/eeiww/ud90uhak/bumperbot_ws/src/install/bumperbot_localization/bin'
[1.307s] Level 1:colcon.colcon_core.environment:checking '/home/eeiww/ud90uhak/bumperbot_ws/src/install/bumperbot_localization/lib/pkgconfig/bumperbot_localization.pc'
[1.307s] Level 1:colcon.colcon_core.environment:checking '/home/eeiww/ud90uhak/bumperbot_ws/src/install/bumperbot_localization/lib/python3.12/site-packages'
[1.307s] Level 1:colcon.colcon_core.shell:create_environment_hook('bumperbot_localization', 'pythonpath')
[1.307s] INFO:colcon.colcon_core.shell:Creating environment hook '/home/eeiww/ud90uhak/bumperbot_ws/src/install/bumperbot_localization/share/bumperbot_localization/hook/pythonpath.ps1'
[1.310s] INFO:colcon.colcon_core.shell:Creating environment descriptor '/home/eeiww/ud90uhak/bumperbot_ws/src/install/bumperbot_localization/share/bumperbot_localization/hook/pythonpath.dsv'
[1.313s] INFO:colcon.colcon_core.shell:Creating environment hook '/home/eeiww/ud90uhak/bumperbot_ws/src/install/bumperbot_localization/share/bumperbot_localization/hook/pythonpath.sh'
[1.315s] Level 1:colcon.colcon_core.environment:checking '/home/eeiww/ud90uhak/bumperbot_ws/src/install/bumperbot_localization/bin'
[1.316s] INFO:colcon.colcon_core.shell:Creating package script '/home/eeiww/ud90uhak/bumperbot_ws/src/install/bumperbot_localization/share/bumperbot_localization/package.ps1'
[1.318s] INFO:colcon.colcon_core.shell:Creating package descriptor '/home/eeiww/ud90uhak/bumperbot_ws/src/install/bumperbot_localization/share/bumperbot_localization/package.dsv'
[1.320s] INFO:colcon.colcon_core.shell:Creating package script '/home/eeiww/ud90uhak/bumperbot_ws/src/install/bumperbot_localization/share/bumperbot_localization/package.sh'
[1.323s] INFO:colcon.colcon_core.shell:Creating package script '/home/eeiww/ud90uhak/bumperbot_ws/src/install/bumperbot_localization/share/bumperbot_localization/package.bash'
[1.325s] INFO:colcon.colcon_core.shell:Creating package script '/home/eeiww/ud90uhak/bumperbot_ws/src/install/bumperbot_localization/share/bumperbot_localization/package.zsh'
[1.327s] Level 1:colcon.colcon_core.environment:create_file_with_runtime_dependencies(/home/eeiww/ud90uhak/bumperbot_ws/src/install/bumperbot_localization/share/colcon-core/packages/bumperbot_localization)
[1.332s] Level 1:colcon.colcon_core.environment:create_environment_scripts_only(bumperbot_localization)
[1.332s] Level 1:colcon.colcon_core.environment:checking '/home/eeiww/ud90uhak/bumperbot_ws/src/install/bumperbot_localization' for CMake module files
[1.334s] Level 1:colcon.colcon_core.environment:checking '/home/eeiww/ud90uhak/bumperbot_ws/src/install/bumperbot_localization' for CMake config files
[1.338s] Level 1:colcon.colcon_core.shell:create_environment_hook('bumperbot_localization', 'cmake_prefix_path')
[1.338s] INFO:colcon.colcon_core.shell:Creating environment hook '/home/eeiww/ud90uhak/bumperbot_ws/src/install/bumperbot_localization/share/bumperbot_localization/hook/cmake_prefix_path.ps1'
[1.340s] INFO:colcon.colcon_core.shell:Creating environment descriptor '/home/eeiww/ud90uhak/bumperbot_ws/src/install/bumperbot_localization/share/bumperbot_localization/hook/cmake_prefix_path.dsv'
[1.342s] INFO:colcon.colcon_core.shell:Creating environment hook '/home/eeiww/ud90uhak/bumperbot_ws/src/install/bumperbot_localization/share/bumperbot_localization/hook/cmake_prefix_path.sh'
[1.345s] Level 1:colcon.colcon_core.environment:checking '/home/eeiww/ud90uhak/bumperbot_ws/src/install/bumperbot_localization/lib'
[1.345s] Level 1:colcon.colcon_core.environment:checking '/home/eeiww/ud90uhak/bumperbot_ws/src/install/bumperbot_localization/bin'
[1.346s] Level 1:colcon.colcon_core.environment:checking '/home/eeiww/ud90uhak/bumperbot_ws/src/install/bumperbot_localization/lib/pkgconfig/bumperbot_localization.pc'
[1.346s] Level 1:colcon.colcon_core.environment:checking '/home/eeiww/ud90uhak/bumperbot_ws/src/install/bumperbot_localization/lib/python3.12/site-packages'
[1.346s] Level 1:colcon.colcon_core.shell:create_environment_hook('bumperbot_localization', 'pythonpath')
[1.346s] INFO:colcon.colcon_core.shell:Creating environment hook '/home/eeiww/ud90uhak/bumperbot_ws/src/install/bumperbot_localization/share/bumperbot_localization/hook/pythonpath.ps1'
[1.349s] INFO:colcon.colcon_core.shell:Creating environment descriptor '/home/eeiww/ud90uhak/bumperbot_ws/src/install/bumperbot_localization/share/bumperbot_localization/hook/pythonpath.dsv'
[1.351s] INFO:colcon.colcon_core.shell:Creating environment hook '/home/eeiww/ud90uhak/bumperbot_ws/src/install/bumperbot_localization/share/bumperbot_localization/hook/pythonpath.sh'
[1.354s] Level 1:colcon.colcon_core.environment:checking '/home/eeiww/ud90uhak/bumperbot_ws/src/install/bumperbot_localization/bin'
[1.354s] INFO:colcon.colcon_core.shell:Creating package script '/home/eeiww/ud90uhak/bumperbot_ws/src/install/bumperbot_localization/share/bumperbot_localization/package.ps1'
[1.357s] INFO:colcon.colcon_core.shell:Creating package descriptor '/home/eeiww/ud90uhak/bumperbot_ws/src/install/bumperbot_localization/share/bumperbot_localization/package.dsv'
[1.359s] INFO:colcon.colcon_core.shell:Creating package script '/home/eeiww/ud90uhak/bumperbot_ws/src/install/bumperbot_localization/share/bumperbot_localization/package.sh'
[1.363s] INFO:colcon.colcon_core.shell:Creating package script '/home/eeiww/ud90uhak/bumperbot_ws/src/install/bumperbot_localization/share/bumperbot_localization/package.bash'
[1.365s] INFO:colcon.colcon_core.shell:Creating package script '/home/eeiww/ud90uhak/bumperbot_ws/src/install/bumperbot_localization/share/bumperbot_localization/package.zsh'
[1.368s] Level 1:colcon.colcon_core.environment:create_file_with_runtime_dependencies(/home/eeiww/ud90uhak/bumperbot_ws/src/install/bumperbot_localization/share/colcon-core/packages/bumperbot_localization)
[1.370s] Level 1:colcon.colcon_core.environment:create_environment_scripts_only(bumperbot_firmware)
[1.370s] Level 1:colcon.colcon_core.environment:checking '/home/eeiww/ud90uhak/bumperbot_ws/src/install/bumperbot_firmware' for CMake module files
[1.375s] DEBUG:colcon.colcon_core.event_handler.log_command:Invoked command in '/home/eeiww/ud90uhak/bumperbot_ws/src/build/bumperbot_firmware' returned '0': CMAKE_PREFIX_PATH=${CMAKE_PREFIX_PATH}:/opt/ros/jazzy DEBUGINFOD_URLS=https://debuginfod.ubuntu.com /usr/bin/cmake --install /home/eeiww/ud90uhak/bumperbot_ws/src/build/bumperbot_firmware
[1.377s] Level 1:colcon.colcon_core.environment:checking '/home/eeiww/ud90uhak/bumperbot_ws/src/install/bumperbot_firmware' for CMake config files
[1.379s] Level 1:colcon.colcon_core.shell:create_environment_hook('bumperbot_firmware', 'cmake_prefix_path')
[1.379s] INFO:colcon.colcon_core.shell:Creating environment hook '/home/eeiww/ud90uhak/bumperbot_ws/src/install/bumperbot_firmware/share/bumperbot_firmware/hook/cmake_prefix_path.ps1'
[1.382s] INFO:colcon.colcon_core.shell:Creating environment descriptor '/home/eeiww/ud90uhak/bumperbot_ws/src/install/bumperbot_firmware/share/bumperbot_firmware/hook/cmake_prefix_path.dsv'
[1.384s] INFO:colcon.colcon_core.shell:Creating environment hook '/home/eeiww/ud90uhak/bumperbot_ws/src/install/bumperbot_firmware/share/bumperbot_firmware/hook/cmake_prefix_path.sh'
[1.388s] Level 1:colcon.colcon_core.environment:checking '/home/eeiww/ud90uhak/bumperbot_ws/src/install/bumperbot_firmware/lib'
[1.388s] Level 1:colcon.colcon_core.shell:create_environment_hook('bumperbot_firmware', 'ld_library_path_lib')
[1.388s] INFO:colcon.colcon_core.shell:Creating environment hook '/home/eeiww/ud90uhak/bumperbot_ws/src/install/bumperbot_firmware/share/bumperbot_firmware/hook/ld_library_path_lib.ps1'
[1.391s] INFO:colcon.colcon_core.shell:Creating environment descriptor '/home/eeiww/ud90uhak/bumperbot_ws/src/install/bumperbot_firmware/share/bumperbot_firmware/hook/ld_library_path_lib.dsv'
[1.393s] INFO:colcon.colcon_core.shell:Creating environment hook '/home/eeiww/ud90uhak/bumperbot_ws/src/install/bumperbot_firmware/share/bumperbot_firmware/hook/ld_library_path_lib.sh'
[1.396s] Level 1:colcon.colcon_core.environment:checking '/home/eeiww/ud90uhak/bumperbot_ws/src/install/bumperbot_firmware/bin'
[1.396s] Level 1:colcon.colcon_core.environment:checking '/home/eeiww/ud90uhak/bumperbot_ws/src/install/bumperbot_firmware/lib/pkgconfig/bumperbot_firmware.pc'
[1.397s] Level 1:colcon.colcon_core.environment:checking '/home/eeiww/ud90uhak/bumperbot_ws/src/install/bumperbot_firmware/lib/python3.12/site-packages'
[1.397s] Level 1:colcon.colcon_core.shell:create_environment_hook('bumperbot_firmware', 'pythonpath')
[1.397s] INFO:colcon.colcon_core.shell:Creating environment hook '/home/eeiww/ud90uhak/bumperbot_ws/src/install/bumperbot_firmware/share/bumperbot_firmware/hook/pythonpath.ps1'
[1.399s] INFO:colcon.colcon_core.shell:Creating environment descriptor '/home/eeiww/ud90uhak/bumperbot_ws/src/install/bumperbot_firmware/share/bumperbot_firmware/hook/pythonpath.dsv'
[1.401s] INFO:colcon.colcon_core.shell:Creating environment hook '/home/eeiww/ud90uhak/bumperbot_ws/src/install/bumperbot_firmware/share/bumperbot_firmware/hook/pythonpath.sh'
[1.404s] Level 1:colcon.colcon_core.environment:checking '/home/eeiww/ud90uhak/bumperbot_ws/src/install/bumperbot_firmware/bin'
[1.404s] INFO:colcon.colcon_core.shell:Creating package script '/home/eeiww/ud90uhak/bumperbot_ws/src/install/bumperbot_firmware/share/bumperbot_firmware/package.ps1'
[1.406s] INFO:colcon.colcon_core.shell:Creating package descriptor '/home/eeiww/ud90uhak/bumperbot_ws/src/install/bumperbot_firmware/share/bumperbot_firmware/package.dsv'
[1.409s] INFO:colcon.colcon_core.shell:Creating package script '/home/eeiww/ud90uhak/bumperbot_ws/src/install/bumperbot_firmware/share/bumperbot_firmware/package.sh'
[1.411s] INFO:colcon.colcon_core.shell:Creating package script '/home/eeiww/ud90uhak/bumperbot_ws/src/install/bumperbot_firmware/share/bumperbot_firmware/package.bash'
[1.413s] INFO:colcon.colcon_core.shell:Creating package script '/home/eeiww/ud90uhak/bumperbot_ws/src/install/bumperbot_firmware/share/bumperbot_firmware/package.zsh'
[1.415s] Level 1:colcon.colcon_core.environment:create_file_with_runtime_dependencies(/home/eeiww/ud90uhak/bumperbot_ws/src/install/bumperbot_firmware/share/colcon-core/packages/bumperbot_firmware)
[1.420s] Level 1:colcon.colcon_core.environment:create_environment_scripts_only(bumperbot_firmware)
[1.420s] Level 1:colcon.colcon_core.environment:checking '/home/eeiww/ud90uhak/bumperbot_ws/src/install/bumperbot_firmware' for CMake module files
[1.422s] Level 1:colcon.colcon_core.environment:checking '/home/eeiww/ud90uhak/bumperbot_ws/src/install/bumperbot_firmware' for CMake config files
[1.423s] Level 1:colcon.colcon_core.shell:create_environment_hook('bumperbot_firmware', 'cmake_prefix_path')
[1.424s] INFO:colcon.colcon_core.shell:Creating environment hook '/home/eeiww/ud90uhak/bumperbot_ws/src/install/bumperbot_firmware/share/bumperbot_firmware/hook/cmake_prefix_path.ps1'
[1.426s] INFO:colcon.colcon_core.shell:Creating environment descriptor '/home/eeiww/ud90uhak/bumperbot_ws/src/install/bumperbot_firmware/share/bumperbot_firmware/hook/cmake_prefix_path.dsv'
[1.428s] INFO:colcon.colcon_core.shell:Creating environment hook '/home/eeiww/ud90uhak/bumperbot_ws/src/install/bumperbot_firmware/share/bumperbot_firmware/hook/cmake_prefix_path.sh'
[1.430s] Level 1:colcon.colcon_core.environment:checking '/home/eeiww/ud90uhak/bumperbot_ws/src/install/bumperbot_firmware/lib'
[1.431s] Level 1:colcon.colcon_core.shell:create_environment_hook('bumperbot_firmware', 'ld_library_path_lib')
[1.431s] INFO:colcon.colcon_core.shell:Creating environment hook '/home/eeiww/ud90uhak/bumperbot_ws/src/install/bumperbot_firmware/share/bumperbot_firmware/hook/ld_library_path_lib.ps1'
[1.433s] INFO:colcon.colcon_core.shell:Creating environment descriptor '/home/eeiww/ud90uhak/bumperbot_ws/src/install/bumperbot_firmware/share/bumperbot_firmware/hook/ld_library_path_lib.dsv'
[1.436s] INFO:colcon.colcon_core.shell:Creating environment hook '/home/eeiww/ud90uhak/bumperbot_ws/src/install/bumperbot_firmware/share/bumperbot_firmware/hook/ld_library_path_lib.sh'
[1.438s] Level 1:colcon.colcon_core.environment:checking '/home/eeiww/ud90uhak/bumperbot_ws/src/install/bumperbot_firmware/bin'
[1.438s] Level 1:colcon.colcon_core.environment:checking '/home/eeiww/ud90uhak/bumperbot_ws/src/install/bumperbot_firmware/lib/pkgconfig/bumperbot_firmware.pc'
[1.439s] Level 1:colcon.colcon_core.environment:checking '/home/eeiww/ud90uhak/bumperbot_ws/src/install/bumperbot_firmware/lib/python3.12/site-packages'
[1.439s] Level 1:colcon.colcon_core.shell:create_environment_hook('bumperbot_firmware', 'pythonpath')
[1.439s] INFO:colcon.colcon_core.shell:Creating environment hook '/home/eeiww/ud90uhak/bumperbot_ws/src/install/bumperbot_firmware/share/bumperbot_firmware/hook/pythonpath.ps1'
[1.441s] INFO:colcon.colcon_core.shell:Creating environment descriptor '/home/eeiww/ud90uhak/bumperbot_ws/src/install/bumperbot_firmware/share/bumperbot_firmware/hook/pythonpath.dsv'
[1.443s] INFO:colcon.colcon_core.shell:Creating environment hook '/home/eeiww/ud90uhak/bumperbot_ws/src/install/bumperbot_firmware/share/bumperbot_firmware/hook/pythonpath.sh'
[1.446s] Level 1:colcon.colcon_core.environment:checking '/home/eeiww/ud90uhak/bumperbot_ws/src/install/bumperbot_firmware/bin'
[1.446s] INFO:colcon.colcon_core.shell:Creating package script '/home/eeiww/ud90uhak/bumperbot_ws/src/install/bumperbot_firmware/share/bumperbot_firmware/package.ps1'
[1.449s] INFO:colcon.colcon_core.shell:Creating package descriptor '/home/eeiww/ud90uhak/bumperbot_ws/src/install/bumperbot_firmware/share/bumperbot_firmware/package.dsv'
[1.451s] INFO:colcon.colcon_core.shell:Creating package script '/home/eeiww/ud90uhak/bumperbot_ws/src/install/bumperbot_firmware/share/bumperbot_firmware/package.sh'
[1.454s] INFO:colcon.colcon_core.shell:Creating package script '/home/eeiww/ud90uhak/bumperbot_ws/src/install/bumperbot_firmware/share/bumperbot_firmware/package.bash'
[1.456s] INFO:colcon.colcon_core.shell:Creating package script '/home/eeiww/ud90uhak/bumperbot_ws/src/install/bumperbot_firmware/share/bumperbot_firmware/package.zsh'
[1.459s] Level 1:colcon.colcon_core.environment:create_file_with_runtime_dependencies(/home/eeiww/ud90uhak/bumperbot_ws/src/install/bumperbot_firmware/share/colcon-core/packages/bumperbot_firmware)
[1.502s] Level 1:colcon.colcon_core.environment:create_environment_scripts_only(bumperbot_msgs)
[1.503s] Level 1:colcon.colcon_core.environment:checking '/home/eeiww/ud90uhak/bumperbot_ws/src/install/bumperbot_msgs' for CMake module files
[1.503s] DEBUG:colcon.colcon_core.event_handler.log_command:Invoked command in '/home/eeiww/ud90uhak/bumperbot_ws/src/build/bumperbot_msgs' returned '0': CMAKE_PREFIX_PATH=${CMAKE_PREFIX_PATH}:/opt/ros/jazzy DEBUGINFOD_URLS=https://debuginfod.ubuntu.com /usr/bin/cmake --install /home/eeiww/ud90uhak/bumperbot_ws/src/build/bumperbot_msgs
[1.508s] Level 1:colcon.colcon_core.environment:checking '/home/eeiww/ud90uhak/bumperbot_ws/src/install/bumperbot_msgs' for CMake config files
[1.509s] Level 1:colcon.colcon_core.shell:create_environment_hook('bumperbot_msgs', 'cmake_prefix_path')
[1.510s] INFO:colcon.colcon_core.shell:Creating environment hook '/home/eeiww/ud90uhak/bumperbot_ws/src/install/bumperbot_msgs/share/bumperbot_msgs/hook/cmake_prefix_path.ps1'
[1.513s] INFO:colcon.colcon_core.shell:Creating environment descriptor '/home/eeiww/ud90uhak/bumperbot_ws/src/install/bumperbot_msgs/share/bumperbot_msgs/hook/cmake_prefix_path.dsv'
[1.515s] INFO:colcon.colcon_core.shell:Creating environment hook '/home/eeiww/ud90uhak/bumperbot_ws/src/install/bumperbot_msgs/share/bumperbot_msgs/hook/cmake_prefix_path.sh'
[1.518s] Level 1:colcon.colcon_core.environment:checking '/home/eeiww/ud90uhak/bumperbot_ws/src/install/bumperbot_msgs/lib'
[1.519s] Level 1:colcon.colcon_core.shell:create_environment_hook('bumperbot_msgs', 'ld_library_path_lib')
[1.519s] INFO:colcon.colcon_core.shell:Creating environment hook '/home/eeiww/ud90uhak/bumperbot_ws/src/install/bumperbot_msgs/share/bumperbot_msgs/hook/ld_library_path_lib.ps1'
[1.521s] INFO:colcon.colcon_core.shell:Creating environment descriptor '/home/eeiww/ud90uhak/bumperbot_ws/src/install/bumperbot_msgs/share/bumperbot_msgs/hook/ld_library_path_lib.dsv'
[1.524s] INFO:colcon.colcon_core.shell:Creating environment hook '/home/eeiww/ud90uhak/bumperbot_ws/src/install/bumperbot_msgs/share/bumperbot_msgs/hook/ld_library_path_lib.sh'
[1.527s] Level 1:colcon.colcon_core.environment:checking '/home/eeiww/ud90uhak/bumperbot_ws/src/install/bumperbot_msgs/bin'
[1.527s] Level 1:colcon.colcon_core.environment:checking '/home/eeiww/ud90uhak/bumperbot_ws/src/install/bumperbot_msgs/lib/pkgconfig/bumperbot_msgs.pc'
[1.528s] Level 1:colcon.colcon_core.environment:checking '/home/eeiww/ud90uhak/bumperbot_ws/src/install/bumperbot_msgs/lib/python3.12/site-packages'
[1.528s] Level 1:colcon.colcon_core.shell:create_environment_hook('bumperbot_msgs', 'pythonpath')
[1.528s] INFO:colcon.colcon_core.shell:Creating environment hook '/home/eeiww/ud90uhak/bumperbot_ws/src/install/bumperbot_msgs/share/bumperbot_msgs/hook/pythonpath.ps1'
[1.530s] INFO:colcon.colcon_core.shell:Creating environment descriptor '/home/eeiww/ud90uhak/bumperbot_ws/src/install/bumperbot_msgs/share/bumperbot_msgs/hook/pythonpath.dsv'
[1.533s] INFO:colcon.colcon_core.shell:Creating environment hook '/home/eeiww/ud90uhak/bumperbot_ws/src/install/bumperbot_msgs/share/bumperbot_msgs/hook/pythonpath.sh'
[1.536s] Level 1:colcon.colcon_core.environment:checking '/home/eeiww/ud90uhak/bumperbot_ws/src/install/bumperbot_msgs/bin'
[1.536s] INFO:colcon.colcon_core.shell:Creating package script '/home/eeiww/ud90uhak/bumperbot_ws/src/install/bumperbot_msgs/share/bumperbot_msgs/package.ps1'
[1.539s] INFO:colcon.colcon_core.shell:Creating package descriptor '/home/eeiww/ud90uhak/bumperbot_ws/src/install/bumperbot_msgs/share/bumperbot_msgs/package.dsv'
[1.542s] INFO:colcon.colcon_core.shell:Creating package script '/home/eeiww/ud90uhak/bumperbot_ws/src/install/bumperbot_msgs/share/bumperbot_msgs/package.sh'
[1.544s] INFO:colcon.colcon_core.shell:Creating package script '/home/eeiww/ud90uhak/bumperbot_ws/src/install/bumperbot_msgs/share/bumperbot_msgs/package.bash'
[1.546s] INFO:colcon.colcon_core.shell:Creating package script '/home/eeiww/ud90uhak/bumperbot_ws/src/install/bumperbot_msgs/share/bumperbot_msgs/package.zsh'
[1.548s] Level 1:colcon.colcon_core.environment:create_file_with_runtime_dependencies(/home/eeiww/ud90uhak/bumperbot_ws/src/install/bumperbot_msgs/share/colcon-core/packages/bumperbot_msgs)
[1.553s] Level 1:colcon.colcon_core.environment:create_environment_scripts_only(bumperbot_msgs)
[1.553s] Level 1:colcon.colcon_core.environment:checking '/home/eeiww/ud90uhak/bumperbot_ws/src/install/bumperbot_msgs' for CMake module files
[1.555s] Level 1:colcon.colcon_core.environment:checking '/home/eeiww/ud90uhak/bumperbot_ws/src/install/bumperbot_msgs' for CMake config files
[1.557s] Level 1:colcon.colcon_core.shell:create_environment_hook('bumperbot_msgs', 'cmake_prefix_path')
[1.557s] INFO:colcon.colcon_core.shell:Creating environment hook '/home/eeiww/ud90uhak/bumperbot_ws/src/install/bumperbot_msgs/share/bumperbot_msgs/hook/cmake_prefix_path.ps1'
[1.559s] INFO:colcon.colcon_core.shell:Creating environment descriptor '/home/eeiww/ud90uhak/bumperbot_ws/src/install/bumperbot_msgs/share/bumperbot_msgs/hook/cmake_prefix_path.dsv'
[1.562s] INFO:colcon.colcon_core.shell:Creating environment hook '/home/eeiww/ud90uhak/bumperbot_ws/src/install/bumperbot_msgs/share/bumperbot_msgs/hook/cmake_prefix_path.sh'
[1.565s] Level 1:colcon.colcon_core.environment:checking '/home/eeiww/ud90uhak/bumperbot_ws/src/install/bumperbot_msgs/lib'
[1.565s] Level 1:colcon.colcon_core.shell:create_environment_hook('bumperbot_msgs', 'ld_library_path_lib')
[1.565s] INFO:colcon.colcon_core.shell:Creating environment hook '/home/eeiww/ud90uhak/bumperbot_ws/src/install/bumperbot_msgs/share/bumperbot_msgs/hook/ld_library_path_lib.ps1'
[1.568s] INFO:colcon.colcon_core.shell:Creating environment descriptor '/home/eeiww/ud90uhak/bumperbot_ws/src/install/bumperbot_msgs/share/bumperbot_msgs/hook/ld_library_path_lib.dsv'
[1.570s] INFO:colcon.colcon_core.shell:Creating environment hook '/home/eeiww/ud90uhak/bumperbot_ws/src/install/bumperbot_msgs/share/bumperbot_msgs/hook/ld_library_path_lib.sh'
[1.572s] Level 1:colcon.colcon_core.environment:checking '/home/eeiww/ud90uhak/bumperbot_ws/src/install/bumperbot_msgs/bin'
[1.572s] Level 1:colcon.colcon_core.environment:checking '/home/eeiww/ud90uhak/bumperbot_ws/src/install/bumperbot_msgs/lib/pkgconfig/bumperbot_msgs.pc'
[1.572s] Level 1:colcon.colcon_core.environment:checking '/home/eeiww/ud90uhak/bumperbot_ws/src/install/bumperbot_msgs/lib/python3.12/site-packages'
[1.573s] Level 1:colcon.colcon_core.shell:create_environment_hook('bumperbot_msgs', 'pythonpath')
[1.573s] INFO:colcon.colcon_core.shell:Creating environment hook '/home/eeiww/ud90uhak/bumperbot_ws/src/install/bumperbot_msgs/share/bumperbot_msgs/hook/pythonpath.ps1'
[1.575s] INFO:colcon.colcon_core.shell:Creating environment descriptor '/home/eeiww/ud90uhak/bumperbot_ws/src/install/bumperbot_msgs/share/bumperbot_msgs/hook/pythonpath.dsv'
[1.577s] INFO:colcon.colcon_core.shell:Creating environment hook '/home/eeiww/ud90uhak/bumperbot_ws/src/install/bumperbot_msgs/share/bumperbot_msgs/hook/pythonpath.sh'
[1.580s] Level 1:colcon.colcon_core.environment:checking '/home/eeiww/ud90uhak/bumperbot_ws/src/install/bumperbot_msgs/bin'
[1.580s] INFO:colcon.colcon_core.shell:Creating package script '/home/eeiww/ud90uhak/bumperbot_ws/src/install/bumperbot_msgs/share/bumperbot_msgs/package.ps1'
[1.583s] INFO:colcon.colcon_core.shell:Creating package descriptor '/home/eeiww/ud90uhak/bumperbot_ws/src/install/bumperbot_msgs/share/bumperbot_msgs/package.dsv'
[1.586s] INFO:colcon.colcon_core.shell:Creating package script '/home/eeiww/ud90uhak/bumperbot_ws/src/install/bumperbot_msgs/share/bumperbot_msgs/package.sh'
[1.588s] INFO:colcon.colcon_core.shell:Creating package script '/home/eeiww/ud90uhak/bumperbot_ws/src/install/bumperbot_msgs/share/bumperbot_msgs/package.bash'
[1.591s] INFO:colcon.colcon_core.shell:Creating package script '/home/eeiww/ud90uhak/bumperbot_ws/src/install/bumperbot_msgs/share/bumperbot_msgs/package.zsh'
[1.593s] Level 1:colcon.colcon_core.environment:create_file_with_runtime_dependencies(/home/eeiww/ud90uhak/bumperbot_ws/src/install/bumperbot_msgs/share/colcon-core/packages/bumperbot_msgs)
[1.596s] INFO:colcon.colcon_ros.task.ament_cmake.build:Building ROS package in '/home/eeiww/ud90uhak/bumperbot_ws/src/bumperbot_cpp_examples' with build type 'ament_cmake'
[1.596s] INFO:colcon.colcon_cmake.task.cmake.build:Building CMake package in '/home/eeiww/ud90uhak/bumperbot_ws/src/bumperbot_cpp_examples'
[1.596s] INFO:colcon.colcon_core.shell:Skip shell extension 'powershell' for command environment: Not usable outside of PowerShell
[1.596s] DEBUG:colcon.colcon_core.shell:Skip shell extension 'dsv' for command environment
[1.602s] INFO:colcon.colcon_ros.task.ament_python.build:Building ROS package in '/home/eeiww/ud90uhak/bumperbot_ws/src/bumperbot_py_examples' with build type 'ament_python'
[1.602s] Level 1:colcon.colcon_core.shell:create_environment_hook('bumperbot_py_examples', 'ament_prefix_path')
[1.602s] INFO:colcon.colcon_core.shell:Creating environment hook '/home/eeiww/ud90uhak/bumperbot_ws/src/install/bumperbot_py_examples/share/bumperbot_py_examples/hook/ament_prefix_path.ps1'
[1.605s] INFO:colcon.colcon_core.shell:Creating environment descriptor '/home/eeiww/ud90uhak/bumperbot_ws/src/install/bumperbot_py_examples/share/bumperbot_py_examples/hook/ament_prefix_path.dsv'
[1.608s] INFO:colcon.colcon_core.shell:Creating environment hook '/home/eeiww/ud90uhak/bumperbot_ws/src/install/bumperbot_py_examples/share/bumperbot_py_examples/hook/ament_prefix_path.sh'
[1.611s] INFO:colcon.colcon_core.shell:Skip shell extension 'powershell' for command environment: Not usable outside of PowerShell
[1.611s] DEBUG:colcon.colcon_core.shell:Skip shell extension 'dsv' for command environment
[1.632s] DEBUG:colcon.colcon_core.event_handler.log_command:Invoking command in '/home/eeiww/ud90uhak/bumperbot_ws/src/build/bumperbot_cpp_examples': AMENT_PREFIX_PATH=/home/eeiww/ud90uhak/bumperbot_ws/src/install/bumperbot_msgs:${AMENT_PREFIX_PATH} CMAKE_PREFIX_PATH=/home/eeiww/ud90uhak/bumperbot_ws/src/install/bumperbot_msgs:/opt/ros/jazzy/opt/gz_sim_vendor:/opt/ros/jazzy/opt/gz_sensors_vendor:/opt/ros/jazzy/opt/gz_physics_vendor:/opt/ros/jazzy/opt/sdformat_vendor:/opt/ros/jazzy/opt/gz_gui_vendor:/opt/ros/jazzy/opt/gz_transport_vendor:/opt/ros/jazzy/opt/gz_rendering_vendor:/opt/ros/jazzy/opt/gz_plugin_vendor:/opt/ros/jazzy/opt/gz_fuel_tools_vendor:/opt/ros/jazzy/opt/gz_msgs_vendor:/opt/ros/jazzy/opt/gz_common_vendor:/opt/ros/jazzy/opt/gz_math_vendor:/opt/ros/jazzy/opt/gz_utils_vendor:/opt/ros/jazzy/opt/gz_tools_vendor:/opt/ros/jazzy/opt/gz_ogre_next_vendor:/opt/ros/jazzy/opt/gz_dartsim_vendor:/opt/ros/jazzy/opt/gz_cmake_vendor:/opt/ros/jazzy DEBUGINFOD_URLS=https://debuginfod.ubuntu.com LD_LIBRARY_PATH=/home/eeiww/ud90uhak/bumperbot_ws/src/install/bumperbot_msgs/lib:${LD_LIBRARY_PATH} PYTHONPATH=/home/eeiww/ud90uhak/bumperbot_ws/src/install/bumperbot_msgs/lib/python3.12/site-packages:${PYTHONPATH} /usr/bin/cmake --build /home/eeiww/ud90uhak/bumperbot_ws/src/build/bumperbot_cpp_examples -- -j8 -l8
[1.897s] INFO:colcon.colcon_core.task.python.build:Building Python package in '/home/eeiww/ud90uhak/bumperbot_ws/src/bumperbot_py_examples'
[1.897s] INFO:colcon.colcon_core.shell:Skip shell extension 'powershell' for command environment: Not usable outside of PowerShell
[1.897s] DEBUG:colcon.colcon_core.shell:Skip shell extension 'dsv' for command environment
[1.905s] DEBUG:colcon.colcon_core.event_handler.log_command:Invoked command in '/home/eeiww/ud90uhak/bumperbot_ws/src/build/bumperbot_cpp_examples' returned '0': AMENT_PREFIX_PATH=/home/eeiww/ud90uhak/bumperbot_ws/src/install/bumperbot_msgs:${AMENT_PREFIX_PATH} CMAKE_PREFIX_PATH=/home/eeiww/ud90uhak/bumperbot_ws/src/install/bumperbot_msgs:/opt/ros/jazzy/opt/gz_sim_vendor:/opt/ros/jazzy/opt/gz_sensors_vendor:/opt/ros/jazzy/opt/gz_physics_vendor:/opt/ros/jazzy/opt/sdformat_vendor:/opt/ros/jazzy/opt/gz_gui_vendor:/opt/ros/jazzy/opt/gz_transport_vendor:/opt/ros/jazzy/opt/gz_rendering_vendor:/opt/ros/jazzy/opt/gz_plugin_vendor:/opt/ros/jazzy/opt/gz_fuel_tools_vendor:/opt/ros/jazzy/opt/gz_msgs_vendor:/opt/ros/jazzy/opt/gz_common_vendor:/opt/ros/jazzy/opt/gz_math_vendor:/opt/ros/jazzy/opt/gz_utils_vendor:/opt/ros/jazzy/opt/gz_tools_vendor:/opt/ros/jazzy/opt/gz_ogre_next_vendor:/opt/ros/jazzy/opt/gz_dartsim_vendor:/opt/ros/jazzy/opt/gz_cmake_vendor:/opt/ros/jazzy DEBUGINFOD_URLS=https://debuginfod.ubuntu.com LD_LIBRARY_PATH=/home/eeiww/ud90uhak/bumperbot_ws/src/install/bumperbot_msgs/lib:${LD_LIBRARY_PATH} PYTHONPATH=/home/eeiww/ud90uhak/bumperbot_ws/src/install/bumperbot_msgs/lib/python3.12/site-packages:${PYTHONPATH} /usr/bin/cmake --build /home/eeiww/ud90uhak/bumperbot_ws/src/build/bumperbot_cpp_examples -- -j8 -l8
[1.911s] DEBUG:colcon.colcon_core.event_handler.log_command:Invoking command in '/home/eeiww/ud90uhak/bumperbot_ws/src/build/bumperbot_cpp_examples': AMENT_PREFIX_PATH=/home/eeiww/ud90uhak/bumperbot_ws/src/install/bumperbot_msgs:${AMENT_PREFIX_PATH} CMAKE_PREFIX_PATH=/home/eeiww/ud90uhak/bumperbot_ws/src/install/bumperbot_msgs:/opt/ros/jazzy/opt/gz_sim_vendor:/opt/ros/jazzy/opt/gz_sensors_vendor:/opt/ros/jazzy/opt/gz_physics_vendor:/opt/ros/jazzy/opt/sdformat_vendor:/opt/ros/jazzy/opt/gz_gui_vendor:/opt/ros/jazzy/opt/gz_transport_vendor:/opt/ros/jazzy/opt/gz_rendering_vendor:/opt/ros/jazzy/opt/gz_plugin_vendor:/opt/ros/jazzy/opt/gz_fuel_tools_vendor:/opt/ros/jazzy/opt/gz_msgs_vendor:/opt/ros/jazzy/opt/gz_common_vendor:/opt/ros/jazzy/opt/gz_math_vendor:/opt/ros/jazzy/opt/gz_utils_vendor:/opt/ros/jazzy/opt/gz_tools_vendor:/opt/ros/jazzy/opt/gz_ogre_next_vendor:/opt/ros/jazzy/opt/gz_dartsim_vendor:/opt/ros/jazzy/opt/gz_cmake_vendor:/opt/ros/jazzy DEBUGINFOD_URLS=https://debuginfod.ubuntu.com LD_LIBRARY_PATH=/home/eeiww/ud90uhak/bumperbot_ws/src/install/bumperbot_msgs/lib:${LD_LIBRARY_PATH} PYTHONPATH=/home/eeiww/ud90uhak/bumperbot_ws/src/install/bumperbot_msgs/lib/python3.12/site-packages:${PYTHONPATH} /usr/bin/cmake --install /home/eeiww/ud90uhak/bumperbot_ws/src/build/bumperbot_cpp_examples
[1.912s] Level 1:colcon.colcon_core.environment:create_environment_scripts_only(bumperbot_description)
[1.912s] Level 1:colcon.colcon_core.environment:checking '/home/eeiww/ud90uhak/bumperbot_ws/src/install/bumperbot_description' for CMake module files
[1.912s] DEBUG:colcon.colcon_core.event_handler.log_command:Invoked command in '/home/eeiww/ud90uhak/bumperbot_ws/src/build/bumperbot_description' returned '0': CMAKE_PREFIX_PATH=${CMAKE_PREFIX_PATH}:/opt/ros/jazzy DEBUGINFOD_URLS=https://debuginfod.ubuntu.com /usr/bin/cmake --install /home/eeiww/ud90uhak/bumperbot_ws/src/build/bumperbot_description
[1.917s] Level 1:colcon.colcon_core.environment:checking '/home/eeiww/ud90uhak/bumperbot_ws/src/install/bumperbot_description' for CMake config files
[1.921s] Level 1:colcon.colcon_core.shell:create_environment_hook('bumperbot_description', 'cmake_prefix_path')
[1.922s] INFO:colcon.colcon_core.shell:Creating environment hook '/home/eeiww/ud90uhak/bumperbot_ws/src/install/bumperbot_description/share/bumperbot_description/hook/cmake_prefix_path.ps1'
[1.924s] INFO:colcon.colcon_core.shell:Creating environment descriptor '/home/eeiww/ud90uhak/bumperbot_ws/src/install/bumperbot_description/share/bumperbot_description/hook/cmake_prefix_path.dsv'
[1.927s] INFO:colcon.colcon_core.shell:Creating environment hook '/home/eeiww/ud90uhak/bumperbot_ws/src/install/bumperbot_description/share/bumperbot_description/hook/cmake_prefix_path.sh'
[1.931s] Level 1:colcon.colcon_core.environment:checking '/home/eeiww/ud90uhak/bumperbot_ws/src/install/bumperbot_description/bin'
[1.931s] Level 1:colcon.colcon_core.environment:checking '/home/eeiww/ud90uhak/bumperbot_ws/src/install/bumperbot_description/lib/pkgconfig/bumperbot_description.pc'
[1.931s] Level 1:colcon.colcon_core.environment:checking '/home/eeiww/ud90uhak/bumperbot_ws/src/install/bumperbot_description/lib/python3.12/site-packages'
[1.932s] Level 1:colcon.colcon_core.environment:checking '/home/eeiww/ud90uhak/bumperbot_ws/src/install/bumperbot_description/bin'
[1.932s] INFO:colcon.colcon_core.shell:Creating package script '/home/eeiww/ud90uhak/bumperbot_ws/src/install/bumperbot_description/share/bumperbot_description/package.ps1'
[1.934s] INFO:colcon.colcon_core.shell:Creating package descriptor '/home/eeiww/ud90uhak/bumperbot_ws/src/install/bumperbot_description/share/bumperbot_description/package.dsv'
[1.937s] INFO:colcon.colcon_core.shell:Creating package script '/home/eeiww/ud90uhak/bumperbot_ws/src/install/bumperbot_description/share/bumperbot_description/package.sh'
[1.940s] INFO:colcon.colcon_core.shell:Creating package script '/home/eeiww/ud90uhak/bumperbot_ws/src/install/bumperbot_description/share/bumperbot_description/package.bash'
[1.942s] INFO:colcon.colcon_core.shell:Creating package script '/home/eeiww/ud90uhak/bumperbot_ws/src/install/bumperbot_description/share/bumperbot_description/package.zsh'
[1.945s] Level 1:colcon.colcon_core.environment:create_file_with_runtime_dependencies(/home/eeiww/ud90uhak/bumperbot_ws/src/install/bumperbot_description/share/colcon-core/packages/bumperbot_description)
[1.949s] Level 1:colcon.colcon_core.environment:create_environment_scripts_only(bumperbot_description)
[1.949s] Level 1:colcon.colcon_core.environment:checking '/home/eeiww/ud90uhak/bumperbot_ws/src/install/bumperbot_description' for CMake module files
[1.952s] Level 1:colcon.colcon_core.environment:checking '/home/eeiww/ud90uhak/bumperbot_ws/src/install/bumperbot_description' for CMake config files
[1.954s] Level 1:colcon.colcon_core.shell:create_environment_hook('bumperbot_description', 'cmake_prefix_path')
[1.954s] INFO:colcon.colcon_core.shell:Creating environment hook '/home/eeiww/ud90uhak/bumperbot_ws/src/install/bumperbot_description/share/bumperbot_description/hook/cmake_prefix_path.ps1'
[1.957s] INFO:colcon.colcon_core.shell:Creating environment descriptor '/home/eeiww/ud90uhak/bumperbot_ws/src/install/bumperbot_description/share/bumperbot_description/hook/cmake_prefix_path.dsv'
[1.960s] INFO:colcon.colcon_core.shell:Creating environment hook '/home/eeiww/ud90uhak/bumperbot_ws/src/install/bumperbot_description/share/bumperbot_description/hook/cmake_prefix_path.sh'
[1.962s] Level 1:colcon.colcon_core.environment:checking '/home/eeiww/ud90uhak/bumperbot_ws/src/install/bumperbot_description/bin'
[1.962s] Level 1:colcon.colcon_core.environment:checking '/home/eeiww/ud90uhak/bumperbot_ws/src/install/bumperbot_description/lib/pkgconfig/bumperbot_description.pc'
[1.963s] Level 1:colcon.colcon_core.environment:checking '/home/eeiww/ud90uhak/bumperbot_ws/src/install/bumperbot_description/lib/python3.12/site-packages'
[1.963s] Level 1:colcon.colcon_core.environment:checking '/home/eeiww/ud90uhak/bumperbot_ws/src/install/bumperbot_description/bin'
[1.963s] INFO:colcon.colcon_core.shell:Creating package script '/home/eeiww/ud90uhak/bumperbot_ws/src/install/bumperbot_description/share/bumperbot_description/package.ps1'
[1.966s] INFO:colcon.colcon_core.shell:Creating package descriptor '/home/eeiww/ud90uhak/bumperbot_ws/src/install/bumperbot_description/share/bumperbot_description/package.dsv'
[1.968s] INFO:colcon.colcon_core.shell:Creating package script '/home/eeiww/ud90uhak/bumperbot_ws/src/install/bumperbot_description/share/bumperbot_description/package.sh'
[1.970s] INFO:colcon.colcon_core.shell:Creating package script '/home/eeiww/ud90uhak/bumperbot_ws/src/install/bumperbot_description/share/bumperbot_description/package.bash'
[1.972s] INFO:colcon.colcon_core.shell:Creating package script '/home/eeiww/ud90uhak/bumperbot_ws/src/install/bumperbot_description/share/bumperbot_description/package.zsh'
[1.975s] Level 1:colcon.colcon_core.environment:create_file_with_runtime_dependencies(/home/eeiww/ud90uhak/bumperbot_ws/src/install/bumperbot_description/share/colcon-core/packages/bumperbot_description)
[2.040s] Level 1:colcon.colcon_core.environment:create_environment_scripts_only(bumperbot_cpp_examples)
[2.040s] Level 1:colcon.colcon_core.environment:checking '/home/eeiww/ud90uhak/bumperbot_ws/src/install/bumperbot_cpp_examples' for CMake module files
[2.040s] DEBUG:colcon.colcon_core.event_handler.log_command:Invoked command in '/home/eeiww/ud90uhak/bumperbot_ws/src/build/bumperbot_cpp_examples' returned '0': AMENT_PREFIX_PATH=/home/eeiww/ud90uhak/bumperbot_ws/src/install/bumperbot_msgs:${AMENT_PREFIX_PATH} CMAKE_PREFIX_PATH=/home/eeiww/ud90uhak/bumperbot_ws/src/install/bumperbot_msgs:/opt/ros/jazzy/opt/gz_sim_vendor:/opt/ros/jazzy/opt/gz_sensors_vendor:/opt/ros/jazzy/opt/gz_physics_vendor:/opt/ros/jazzy/opt/sdformat_vendor:/opt/ros/jazzy/opt/gz_gui_vendor:/opt/ros/jazzy/opt/gz_transport_vendor:/opt/ros/jazzy/opt/gz_rendering_vendor:/opt/ros/jazzy/opt/gz_plugin_vendor:/opt/ros/jazzy/opt/gz_fuel_tools_vendor:/opt/ros/jazzy/opt/gz_msgs_vendor:/opt/ros/jazzy/opt/gz_common_vendor:/opt/ros/jazzy/opt/gz_math_vendor:/opt/ros/jazzy/opt/gz_utils_vendor:/opt/ros/jazzy/opt/gz_tools_vendor:/opt/ros/jazzy/opt/gz_ogre_next_vendor:/opt/ros/jazzy/opt/gz_dartsim_vendor:/opt/ros/jazzy/opt/gz_cmake_vendor:/opt/ros/jazzy DEBUGINFOD_URLS=https://debuginfod.ubuntu.com LD_LIBRARY_PATH=/home/eeiww/ud90uhak/bumperbot_ws/src/install/bumperbot_msgs/lib:${LD_LIBRARY_PATH} PYTHONPATH=/home/eeiww/ud90uhak/bumperbot_ws/src/install/bumperbot_msgs/lib/python3.12/site-packages:${PYTHONPATH} /usr/bin/cmake --install /home/eeiww/ud90uhak/bumperbot_ws/src/build/bumperbot_cpp_examples
[2.049s] Level 1:colcon.colcon_core.environment:checking '/home/eeiww/ud90uhak/bumperbot_ws/src/install/bumperbot_cpp_examples' for CMake config files
[2.054s] Level 1:colcon.colcon_core.shell:create_environment_hook('bumperbot_cpp_examples', 'cmake_prefix_path')
[2.054s] INFO:colcon.colcon_core.shell:Creating environment hook '/home/eeiww/ud90uhak/bumperbot_ws/src/install/bumperbot_cpp_examples/share/bumperbot_cpp_examples/hook/cmake_prefix_path.ps1'
[2.057s] INFO:colcon.colcon_core.shell:Creating environment descriptor '/home/eeiww/ud90uhak/bumperbot_ws/src/install/bumperbot_cpp_examples/share/bumperbot_cpp_examples/hook/cmake_prefix_path.dsv'
[2.060s] INFO:colcon.colcon_core.shell:Creating environment hook '/home/eeiww/ud90uhak/bumperbot_ws/src/install/bumperbot_cpp_examples/share/bumperbot_cpp_examples/hook/cmake_prefix_path.sh'
[2.064s] Level 1:colcon.colcon_core.environment:checking '/home/eeiww/ud90uhak/bumperbot_ws/src/install/bumperbot_cpp_examples/lib'
[2.064s] Level 1:colcon.colcon_core.environment:checking '/home/eeiww/ud90uhak/bumperbot_ws/src/install/bumperbot_cpp_examples/bin'
[2.065s] Level 1:colcon.colcon_core.environment:checking '/home/eeiww/ud90uhak/bumperbot_ws/src/install/bumperbot_cpp_examples/lib/pkgconfig/bumperbot_cpp_examples.pc'
[2.065s] Level 1:colcon.colcon_core.environment:checking '/home/eeiww/ud90uhak/bumperbot_ws/src/install/bumperbot_cpp_examples/lib/python3.12/site-packages'
[2.066s] Level 1:colcon.colcon_core.environment:checking '/home/eeiww/ud90uhak/bumperbot_ws/src/install/bumperbot_cpp_examples/bin'
[2.067s] INFO:colcon.colcon_core.shell:Creating package script '/home/eeiww/ud90uhak/bumperbot_ws/src/install/bumperbot_cpp_examples/share/bumperbot_cpp_examples/package.ps1'
[2.069s] INFO:colcon.colcon_core.shell:Creating package descriptor '/home/eeiww/ud90uhak/bumperbot_ws/src/install/bumperbot_cpp_examples/share/bumperbot_cpp_examples/package.dsv'
[2.072s] INFO:colcon.colcon_core.shell:Creating package script '/home/eeiww/ud90uhak/bumperbot_ws/src/install/bumperbot_cpp_examples/share/bumperbot_cpp_examples/package.sh'
[2.074s] INFO:colcon.colcon_core.shell:Creating package script '/home/eeiww/ud90uhak/bumperbot_ws/src/install/bumperbot_cpp_examples/share/bumperbot_cpp_examples/package.bash'
[2.077s] INFO:colcon.colcon_core.shell:Creating package script '/home/eeiww/ud90uhak/bumperbot_ws/src/install/bumperbot_cpp_examples/share/bumperbot_cpp_examples/package.zsh'
[2.079s] Level 1:colcon.colcon_core.environment:create_file_with_runtime_dependencies(/home/eeiww/ud90uhak/bumperbot_ws/src/install/bumperbot_cpp_examples/share/colcon-core/packages/bumperbot_cpp_examples)
[2.083s] Level 1:colcon.colcon_core.environment:create_environment_scripts_only(bumperbot_cpp_examples)
[2.083s] Level 1:colcon.colcon_core.environment:checking '/home/eeiww/ud90uhak/bumperbot_ws/src/install/bumperbot_cpp_examples' for CMake module files
[2.085s] Level 1:colcon.colcon_core.environment:checking '/home/eeiww/ud90uhak/bumperbot_ws/src/install/bumperbot_cpp_examples' for CMake config files
[2.090s] Level 1:colcon.colcon_core.shell:create_environment_hook('bumperbot_cpp_examples', 'cmake_prefix_path')
[2.090s] INFO:colcon.colcon_core.shell:Creating environment hook '/home/eeiww/ud90uhak/bumperbot_ws/src/install/bumperbot_cpp_examples/share/bumperbot_cpp_examples/hook/cmake_prefix_path.ps1'
[2.092s] INFO:colcon.colcon_core.shell:Creating environment descriptor '/home/eeiww/ud90uhak/bumperbot_ws/src/install/bumperbot_cpp_examples/share/bumperbot_cpp_examples/hook/cmake_prefix_path.dsv'
[2.095s] INFO:colcon.colcon_core.shell:Creating environment hook '/home/eeiww/ud90uhak/bumperbot_ws/src/install/bumperbot_cpp_examples/share/bumperbot_cpp_examples/hook/cmake_prefix_path.sh'
[2.098s] Level 1:colcon.colcon_core.environment:checking '/home/eeiww/ud90uhak/bumperbot_ws/src/install/bumperbot_cpp_examples/lib'
[2.098s] Level 1:colcon.colcon_core.environment:checking '/home/eeiww/ud90uhak/bumperbot_ws/src/install/bumperbot_cpp_examples/bin'
[2.098s] Level 1:colcon.colcon_core.environment:checking '/home/eeiww/ud90uhak/bumperbot_ws/src/install/bumperbot_cpp_examples/lib/pkgconfig/bumperbot_cpp_examples.pc'
[2.099s] Level 1:colcon.colcon_core.environment:checking '/home/eeiww/ud90uhak/bumperbot_ws/src/install/bumperbot_cpp_examples/lib/python3.12/site-packages'
[2.099s] Level 1:colcon.colcon_core.environment:checking '/home/eeiww/ud90uhak/bumperbot_ws/src/install/bumperbot_cpp_examples/bin'
[2.099s] INFO:colcon.colcon_core.shell:Creating package script '/home/eeiww/ud90uhak/bumperbot_ws/src/install/bumperbot_cpp_examples/share/bumperbot_cpp_examples/package.ps1'
[2.102s] INFO:colcon.colcon_core.shell:Creating package descriptor '/home/eeiww/ud90uhak/bumperbot_ws/src/install/bumperbot_cpp_examples/share/bumperbot_cpp_examples/package.dsv'
[2.104s] INFO:colcon.colcon_core.shell:Creating package script '/home/eeiww/ud90uhak/bumperbot_ws/src/install/bumperbot_cpp_examples/share/bumperbot_cpp_examples/package.sh'
[2.107s] INFO:colcon.colcon_core.shell:Creating package script '/home/eeiww/ud90uhak/bumperbot_ws/src/install/bumperbot_cpp_examples/share/bumperbot_cpp_examples/package.bash'
[2.109s] INFO:colcon.colcon_core.shell:Creating package script '/home/eeiww/ud90uhak/bumperbot_ws/src/install/bumperbot_cpp_examples/share/bumperbot_cpp_examples/package.zsh'
[2.112s] Level 1:colcon.colcon_core.environment:create_file_with_runtime_dependencies(/home/eeiww/ud90uhak/bumperbot_ws/src/install/bumperbot_cpp_examples/share/colcon-core/packages/bumperbot_cpp_examples)
[2.813s] DEBUG:colcon.colcon_core.event_handler.log_command:Invoking command in '/home/eeiww/ud90uhak/bumperbot_ws/src/bumperbot_py_examples': AMENT_PREFIX_PATH=/home/eeiww/ud90uhak/bumperbot_ws/src/install/bumperbot_msgs:${AMENT_PREFIX_PATH} CMAKE_PREFIX_PATH=/home/eeiww/ud90uhak/bumperbot_ws/src/install/bumperbot_msgs:${CMAKE_PREFIX_PATH} DEBUGINFOD_URLS=https://debuginfod.ubuntu.com LD_LIBRARY_PATH=/home/eeiww/ud90uhak/bumperbot_ws/src/install/bumperbot_msgs/lib:${LD_LIBRARY_PATH} PYTHONPATH=/home/eeiww/ud90uhak/bumperbot_ws/src/build/bumperbot_py_examples/prefix_override:/usr/lib/python3/dist-packages/colcon_core/task/python/colcon_distutils_commands:/home/eeiww/ud90uhak/bumperbot_ws/src/install/bumperbot_py_examples/lib/python3.12/site-packages:/home/eeiww/ud90uhak/bumperbot_ws/src/install/bumperbot_msgs/lib/python3.12/site-packages:${PYTHONPATH} /usr/bin/python3 -W ignore:setup.py install is deprecated -W ignore:easy_install command is deprecated setup.py egg_info --egg-base ../build/bumperbot_py_examples build --build-base /home/eeiww/ud90uhak/bumperbot_ws/src/build/bumperbot_py_examples/build install --record /home/eeiww/ud90uhak/bumperbot_ws/src/build/bumperbot_py_examples/install.log --single-version-externally-managed install_data
[3.687s] Level 1:colcon.colcon_core.environment:checking '/home/eeiww/ud90uhak/bumperbot_ws/src/install/bumperbot_py_examples' for CMake module files
[3.687s] DEBUG:colcon.colcon_core.event_handler.log_command:Invoked command in '/home/eeiww/ud90uhak/bumperbot_ws/src/bumperbot_py_examples' returned '0': AMENT_PREFIX_PATH=/home/eeiww/ud90uhak/bumperbot_ws/src/install/bumperbot_msgs:${AMENT_PREFIX_PATH} CMAKE_PREFIX_PATH=/home/eeiww/ud90uhak/bumperbot_ws/src/install/bumperbot_msgs:${CMAKE_PREFIX_PATH} DEBUGINFOD_URLS=https://debuginfod.ubuntu.com LD_LIBRARY_PATH=/home/eeiww/ud90uhak/bumperbot_ws/src/install/bumperbot_msgs/lib:${LD_LIBRARY_PATH} PYTHONPATH=/home/eeiww/ud90uhak/bumperbot_ws/src/build/bumperbot_py_examples/prefix_override:/usr/lib/python3/dist-packages/colcon_core/task/python/colcon_distutils_commands:/home/eeiww/ud90uhak/bumperbot_ws/src/install/bumperbot_py_examples/lib/python3.12/site-packages:/home/eeiww/ud90uhak/bumperbot_ws/src/install/bumperbot_msgs/lib/python3.12/site-packages:${PYTHONPATH} /usr/bin/python3 -W ignore:setup.py install is deprecated -W ignore:easy_install command is deprecated setup.py egg_info --egg-base ../build/bumperbot_py_examples build --build-base /home/eeiww/ud90uhak/bumperbot_ws/src/build/bumperbot_py_examples/build install --record /home/eeiww/ud90uhak/bumperbot_ws/src/build/bumperbot_py_examples/install.log --single-version-externally-managed install_data
[3.695s] Level 1:colcon.colcon_core.environment:checking '/home/eeiww/ud90uhak/bumperbot_ws/src/install/bumperbot_py_examples' for CMake config files
[3.704s] Level 1:colcon.colcon_core.environment:checking '/home/eeiww/ud90uhak/bumperbot_ws/src/install/bumperbot_py_examples/lib'
[3.705s] Level 1:colcon.colcon_core.environment:checking '/home/eeiww/ud90uhak/bumperbot_ws/src/install/bumperbot_py_examples/bin'
[3.705s] Level 1:colcon.colcon_core.environment:checking '/home/eeiww/ud90uhak/bumperbot_ws/src/install/bumperbot_py_examples/lib/pkgconfig/bumperbot_py_examples.pc'
[3.706s] Level 1:colcon.colcon_core.environment:checking '/home/eeiww/ud90uhak/bumperbot_ws/src/install/bumperbot_py_examples/lib/python3.12/site-packages'
[3.706s] Level 1:colcon.colcon_core.shell:create_environment_hook('bumperbot_py_examples', 'pythonpath')
[3.707s] INFO:colcon.colcon_core.shell:Creating environment hook '/home/eeiww/ud90uhak/bumperbot_ws/src/install/bumperbot_py_examples/share/bumperbot_py_examples/hook/pythonpath.ps1'
[3.711s] INFO:colcon.colcon_core.shell:Creating environment descriptor '/home/eeiww/ud90uhak/bumperbot_ws/src/install/bumperbot_py_examples/share/bumperbot_py_examples/hook/pythonpath.dsv'
[3.715s] INFO:colcon.colcon_core.shell:Creating environment hook '/home/eeiww/ud90uhak/bumperbot_ws/src/install/bumperbot_py_examples/share/bumperbot_py_examples/hook/pythonpath.sh'
[3.718s] Level 1:colcon.colcon_core.environment:checking '/home/eeiww/ud90uhak/bumperbot_ws/src/install/bumperbot_py_examples/bin'
[3.718s] Level 1:colcon.colcon_core.environment:create_environment_scripts_only(bumperbot_py_examples)
[3.718s] INFO:colcon.colcon_core.shell:Creating package script '/home/eeiww/ud90uhak/bumperbot_ws/src/install/bumperbot_py_examples/share/bumperbot_py_examples/package.ps1'
[3.722s] INFO:colcon.colcon_core.shell:Creating package descriptor '/home/eeiww/ud90uhak/bumperbot_ws/src/install/bumperbot_py_examples/share/bumperbot_py_examples/package.dsv'
[3.725s] INFO:colcon.colcon_core.shell:Creating package script '/home/eeiww/ud90uhak/bumperbot_ws/src/install/bumperbot_py_examples/share/bumperbot_py_examples/package.sh'
[3.729s] INFO:colcon.colcon_core.shell:Creating package script '/home/eeiww/ud90uhak/bumperbot_ws/src/install/bumperbot_py_examples/share/bumperbot_py_examples/package.bash'
[3.732s] INFO:colcon.colcon_core.shell:Creating package script '/home/eeiww/ud90uhak/bumperbot_ws/src/install/bumperbot_py_examples/share/bumperbot_py_examples/package.zsh'
[3.735s] Level 1:colcon.colcon_core.environment:create_file_with_runtime_dependencies(/home/eeiww/ud90uhak/bumperbot_ws/src/install/bumperbot_py_examples/share/colcon-core/packages/bumperbot_py_examples)
[3.738s] DEBUG:colcon.colcon_parallel_executor.executor.parallel:closing loop
[3.738s] DEBUG:colcon.colcon_parallel_executor.executor.parallel:loop closed
[3.739s] DEBUG:colcon.colcon_parallel_executor.executor.parallel:run_until_complete finished with '0'
[3.739s] DEBUG:colcon.colcon_core.event_reactor:joining thread
[3.762s] INFO:colcon.colcon_core.plugin_system:Skipping extension 'colcon_notification.desktop_notification.terminal_notifier': Not used on non-Darwin systems
[3.762s] INFO:colcon.colcon_core.plugin_system:Skipping extension 'colcon_notification.desktop_notification.win32': Not used on non-Windows systems
[3.762s] INFO:colcon.colcon_notification.desktop_notification:Sending desktop notification using 'notify2'
[3.774s] DEBUG:colcon.colcon_core.event_reactor:joined thread
[3.774s] INFO:colcon.colcon_core.shell:Creating prefix script '/home/eeiww/ud90uhak/bumperbot_ws/src/install/local_setup.ps1'
[3.778s] INFO:colcon.colcon_core.shell:Creating prefix util module '/home/eeiww/ud90uhak/bumperbot_ws/src/install/_local_setup_util_ps1.py'
[3.783s] INFO:colcon.colcon_core.shell:Creating prefix chain script '/home/eeiww/ud90uhak/bumperbot_ws/src/install/setup.ps1'
[3.787s] INFO:colcon.colcon_core.shell:Creating prefix script '/home/eeiww/ud90uhak/bumperbot_ws/src/install/local_setup.sh'
[3.790s] INFO:colcon.colcon_core.shell:Creating prefix util module '/home/eeiww/ud90uhak/bumperbot_ws/src/install/_local_setup_util_sh.py'
[3.794s] INFO:colcon.colcon_core.shell:Creating prefix chain script '/home/eeiww/ud90uhak/bumperbot_ws/src/install/setup.sh'
[3.797s] INFO:colcon.colcon_core.shell:Creating prefix script '/home/eeiww/ud90uhak/bumperbot_ws/src/install/local_setup.bash'
[3.800s] INFO:colcon.colcon_core.shell:Creating prefix chain script '/home/eeiww/ud90uhak/bumperbot_ws/src/install/setup.bash'
[3.804s] INFO:colcon.colcon_core.shell:Creating prefix script '/home/eeiww/ud90uhak/bumperbot_ws/src/install/local_setup.zsh'
[3.807s] INFO:colcon.colcon_core.shell:Creating prefix chain script '/home/eeiww/ud90uhak/bumperbot_ws/src/install/setup.zsh'
